email,company_name,domain,category,city,subject,body
frontdesk@micmacdental.ca,Mic Mac Dental Centre,www.micmacdentalcentre.ca,Dentist,Dartmouth,Idea for Mic Mac,"Hi,

My name's Dylan, I'm a Dalhousie student in Halifax building AI for local businesses. I came across Mic Mac Dental Centre and thought this might be relevant.

Most dental practices I've talked to lose 5-10 new patient calls a week to voicemail. I built an AI receptionist that picks up every call, books appointments, and re-engages past clients sitting in your system.

No pressure at all, but if you're curious I'd love to show you how it works: calendly.com/realsideai

Best,
Dylan"
user@domain.com,Miller Dental Health Centre,millerdentalhealthcentre.com,Dentist,Dartmouth,Miller Dental Health + AI (from a Dal student),"Hi,

I'm Dylan from Dalhousie University. I've been building AI phone agents specifically for dentists in Nova Scotia and wanted to connect with Miller Dental Health Centre.

I know how many calls dental offices miss during cleanings and procedures. What I've built answers every call, handles scheduling, and can even re-engage old clients who dropped off.

If you're open to it, I'd love 10 minutes to show you: calendly.com/realsideai

Talk soon,
Dylan"
hillsidedental@eastlink.ca,Hillside Family Dental Associates,www.hillsidefamilydental.ca,Dentist,Dartmouth,Quick question for Hillside Family,"Hey,

I'm a Dalhousie student working on something I think could help Hillside Family Dental Associates.

Most dental practices I've talked to lose 5-10 new patient calls a week to voicemail. I've built an AI that handles your incoming calls 24/7, books appointments into your calendar, and automatically follows up with clients who haven't been in for a while.

Would a quick chat be worth your time? Happy to walk you through it: calendly.com/realsideai

Dylan"
reception@woodlawndental.ca,Woodlawn Dental Centre,www.woodlawndental.ca,Dental clinic,Dartmouth,For Woodlawn re: missed calls,"Hey,

I'm a Dalhousie student working on something I think could help Woodlawn Dental Centre.

I know how many calls dental clinics miss during procedures. I've built an AI that handles your incoming calls 24/7, books appointments into your calendar, and automatically follows up with clients who haven't been in for a while.

Would a quick chat be worth your time? Happy to walk you through it: calendly.com/realsideai

Dylan"
info@tacomadental.ca,Tacoma Dental Centre,www.tacomadental.ca,Dentist,Dartmouth,"Dal student, quick question for Tacoma","Hey there,

I'm a student at Dal here in Halifax, and I've been working on an AI receptionist built for local businesses like Tacoma Dental Centre.

Most dental practices I've talked to lose 5-10 new patient calls a week to voicemail. The AI I built picks up every single call, books appointments, and texts clients back if they called after hours.

Would you be open to a quick demo? I promise it's only 10 minutes: calendly.com/realsideai

Dylan"
info@dentistry4u.life,Dentistry4U,www.dentistry4u.life,Dental clinic,Dartmouth,Would this help Dentistry4U?,"Hi,

Quick intro: I'm Dylan, a Dalhousie student building AI tools for local Dartmouth businesses. Thought Dentistry4U might find this interesting.

I've been looking into how dental clinics handle call volume during busy hours. I've put together an AI agent that answers calls around the clock, books appointments, and brings back past clients who haven't visited in months.

Worth a quick look? Here's my calendar if so: calendly.com/realsideai

Cheers,
Dylan"
infodart@alliancedental.ca,Alliance Dental Dartmouth,www.alliancedentaldartmouth.ca,Dentist,Dartmouth,For Alliance Dental Dartmouth re: missed calls,"Hi,

My name's Dylan, I'm a Dalhousie student in Halifax building AI for local businesses. I came across Alliance Dental Dartmouth and thought this might be relevant.

I know how many calls dental offices miss during cleanings and procedures. I built an AI receptionist that picks up every call, books appointments, and re-engages past clients sitting in your system.

No pressure at all, but if you're curious I'd love to show you how it works: calendly.com/realsideai

Best,
Dylan"
contact@burnsidedental.ca,Burnside Dental Centre,burnsidedental.ca,Dentist,Dartmouth,Idea for Burnside,"Hi,

I'm Dylan from Dalhousie University. I've been building AI phone agents specifically for dentists in Nova Scotia and wanted to connect with Burnside Dental Centre.

I've been researching how many new patient calls go unanswered at dental offices during peak hours. What I've built answers every call, handles scheduling, and can even re-engage old clients who dropped off.

If you're open to it, I'd love 10 minutes to show you: calendly.com/realsideai

Talk soon,
Dylan"
info@oceanparkdental.ca,Ocean Park Dental,www.oceanparkdental.ca,Dentist,Dartmouth,Saw Ocean Park in Dartmouth,"Hey there,

I'm a student at Dal here in Halifax, and I've been working on an AI receptionist built for local businesses like Ocean Park Dental.

Most dental practices I've talked to lose 5-10 new patient calls a week to voicemail. The AI I built picks up every single call, books appointments, and texts clients back if they called after hours.

Would you be open to a quick demo? I promise it's only 10 minutes: calendly.com/realsideai

Dylan"
millstone.dental@eastlink.ca,Millstone Dental Centre,www.millstonedental.ca,Dentist,Dartmouth,Would this help Millstone?,"Hi,

I'm Dylan from Dalhousie University. I've been building AI phone agents specifically for dentists in Nova Scotia and wanted to connect with Millstone Dental Centre.

I've been researching how many new patient calls go unanswered at dental offices during peak hours. What I've built answers every call, handles scheduling, and can even re-engage old clients who dropped off.

If you're open to it, I'd love 10 minutes to show you: calendly.com/realsideai

Talk soon,
Dylan"
reception@32pearlsdental.ca,32 Pearls Dental,www.32pearlsdental.ca,Dentist,Dartmouth,32 Pearls + AI (from a Dal student),"Hi,

Quick intro: I'm Dylan, a Dalhousie student building AI tools for local Dartmouth businesses. Thought 32 Pearls Dental might find this interesting.

Most dental practices I've talked to lose 5-10 new patient calls a week to voicemail. I've put together an AI agent that answers calls around the clock, books appointments, and brings back past clients who haven't visited in months.

Worth a quick look? Here's my calendar if so: calendly.com/realsideai

Cheers,
Dylan"
info@bedforddental.ca,Bedford Dental Centre,www.bedforddental.ca,Dentist,Bedford,Quick question for Bedford,"Hi,

Quick intro: I'm Dylan, a Dalhousie student building AI tools for local Bedford businesses. Thought Bedford Dental Centre might find this interesting.

I know how many calls dental offices miss during cleanings and procedures. I've put together an AI agent that answers calls around the clock, books appointments, and brings back past clients who haven't visited in months.

Worth a quick look? Here's my calendar if so: calendly.com/realsideai

Cheers,
Dylan"
info@bedfordhighwaydentistry.ca,Bedford Highway Dentistry,bedfordhighwaydentistry.ca,Dental clinic,Bedford,Bedford Highway Dentistry + AI (from a Dal student),"Hi,

My name's Dylan, I'm a Dalhousie student in Halifax building AI for local businesses. I came across Bedford Highway Dentistry and thought this might be relevant.

I know how many calls dental clinics miss during procedures. I built an AI receptionist that picks up every call, books appointments, and re-engages past clients sitting in your system.

No pressure at all, but if you're curious I'd love to show you how it works: calendly.com/realsideai

Best,
Dylan"
reception@millcovedental.ca,Mill Cove Dental Centre,www.millcovedental.ca,Dentist,Bedford,Saw Mill Cove in Bedford,"Hi,

I'm Dylan from Dalhousie University. I've been building AI phone agents specifically for dentists in Nova Scotia and wanted to connect with Mill Cove Dental Centre.

I know how many calls dental offices miss during cleanings and procedures. What I've built answers every call, handles scheduling, and can even re-engage old clients who dropped off.

If you're open to it, I'd love 10 minutes to show you: calendly.com/realsideai

Talk soon,
Dylan"
info@theparksdentistry.com,The Parks of West Bedford Dentistry,www.theparksdentistry.com,Dentist,Bedford,"Dal student, quick question for The Parks of West Bedford","Hi,

Quick intro: I'm Dylan, a Dalhousie student building AI tools for local Bedford businesses. Thought The Parks of West Bedford Dentistry might find this interesting.

I know how many calls dental offices miss during cleanings and procedures. I've put together an AI agent that answers calls around the clock, books appointments, and brings back past clients who haven't visited in months.

Worth a quick look? Here's my calendar if so: calendly.com/realsideai

Cheers,
Dylan"
info@bedforddentists.com,Bedford House Dentists,www.bedforddentists.com,Dentist,Bedford,Idea for Bedford House Dentists,"Hey,

I'm a Dalhousie student working on something I think could help Bedford House Dentists.

I've been researching how many new patient calls go unanswered at dental offices during peak hours. I've built an AI that handles your incoming calls 24/7, books appointments into your calendar, and automatically follows up with clients who haven't been in for a while.

Would a quick chat be worth your time? Happy to walk you through it: calendly.com/realsideai

Dylan"
reception@bedfordsouthdentistry.com,Bedford South Dentistry,www.bedfordsouthdentistry.com,Dentist,Halifax,Saw Bedford South Dentistry in Halifax,"Hey there,

I'm a student at Dal here in Halifax, and I've been working on an AI receptionist built for local businesses like Bedford South Dentistry.

I've been researching how many new patient calls go unanswered at dental offices during peak hours. The AI I built picks up every single call, books appointments, and texts clients back if they called after hours.

Would you be open to a quick demo? I promise it's only 10 minutes: calendly.com/realsideai

Dylan"
dentists@summitdentistry.net,Summit Dentistry,www.summitdentistry.net,Dentist,Bedford,Saw Summit Dentistry in Bedford,"Hi,

Quick intro: I'm Dylan, a Dalhousie student building AI tools for local Bedford businesses. Thought Summit Dentistry might find this interesting.

Most dental practices I've talked to lose 5-10 new patient calls a week to voicemail. I've put together an AI agent that answers calls around the clock, books appointments, and brings back past clients who haven't visited in months.

Worth a quick look? Here's my calendar if so: calendly.com/realsideai

Cheers,
Dylan"
ravinesdental@gmail.com,Ravines Dental Centre,ravinesdental.ca,Dentist,Bedford,For Ravines re: missed calls,"Hey,

I'm a Dalhousie student working on something I think could help Ravines Dental Centre.

Most dental practices I've talked to lose 5-10 new patient calls a week to voicemail. I've built an AI that handles your incoming calls 24/7, books appointments into your calendar, and automatically follows up with clients who haven't been in for a while.

Would a quick chat be worth your time? Happy to walk you through it: calendly.com/realsideai

Dylan"
info@southgatedentistry.ca,Southgate Dentistry,www.southgatedentistry.ca,Dental clinic,Bedford,Would this help Southgate Dentistry?,"Hi,

My name's Dylan, I'm a Dalhousie student in Halifax building AI for local businesses. I came across Southgate Dentistry and thought this might be relevant.

I've been looking into how dental clinics handle call volume during busy hours. I built an AI receptionist that picks up every call, books appointments, and re-engages past clients sitting in your system.

No pressure at all, but if you're curious I'd love to show you how it works: calendly.com/realsideai

Best,
Dylan"
info@hammonddental.ca,Hammond Dental Centre,www.hammonddental.ca,Dentist,Bedford,Idea for Hammond,"Hey,

I'm a Dalhousie student working on something I think could help Hammond Dental Centre.

I know how many calls dental offices miss during cleanings and procedures. I've built an AI that handles your incoming calls 24/7, books appointments into your calendar, and automatically follows up with clients who haven't been in for a while.

Would a quick chat be worth your time? Happy to walk you through it: calendly.com/realsideai

Dylan"
frontdesk@basinviewsmiles.ca,Basin View Family Dentistry,www.basinviewsmiles.ca,Dentist,Bedford,Saw Basin View Family Dentistry in Bedford,"Hey there,

I'm a student at Dal here in Halifax, and I've been working on an AI receptionist built for local businesses like Basin View Family Dentistry.

I've been researching how many new patient calls go unanswered at dental offices during peak hours. The AI I built picks up every single call, books appointments, and texts clients back if they called after hours.

Would you be open to a quick demo? I promise it's only 10 minutes: calendly.com/realsideai

Dylan"
granvillereception@gmail.com,Granville Dental Centre,www.granvilledentists.com,Dentist,Bedford,Idea for Granville,"Hi there,

I'm Dylan, a student at Dalhousie University here in Halifax. I've been building an AI phone agent for local service businesses and wanted to reach out to Granville Dental Centre.

I know how many calls dental offices miss during cleanings and procedures. So I built something that answers every call 24/7, books appointments, and follows up with past clients automatically.

Would you be open to a quick 10-minute chat to see if it could work for Granville? Here's my calendar: calendly.com/realsideai

Cheers,
Dylan"
info@brooklinedentistry.ca,Brookline Dentistry,brooklinedentistry.ca,Dental clinic,Bedford,Brookline Dentistry + AI (from a Dal student),"Hey,

I'm a Dalhousie student working on something I think could help Brookline Dentistry.

Most dental clinics I've talked to lose new patient calls every week to voicemail. I've built an AI that handles your incoming calls 24/7, books appointments into your calendar, and automatically follows up with clients who haven't been in for a while.

Would a quick chat be worth your time? Happy to walk you through it: calendly.com/realsideai

Dylan"
info@larryuteckdentistry.ca,Larry Uteck Dentistry,www.larryuteckdentistry.ca,Dentist,Bedford,Larry Uteck Dentistry + AI (from a Dal student),"Hi,

I'm Dylan from Dalhousie University. I've been building AI phone agents specifically for dentists in Nova Scotia and wanted to connect with Larry Uteck Dentistry.

Most dental practices I've talked to lose 5-10 new patient calls a week to voicemail. What I've built answers every call, handles scheduling, and can even re-engage old clients who dropped off.

If you're open to it, I'd love 10 minutes to show you: calendly.com/realsideai

Talk soon,
Dylan"
info@penhorndental.ca,Penhorn Dental Centre,www.penhorndental.ca,Dental clinic,Dartmouth,Saw Penhorn in Dartmouth,"Hi,

My name's Dylan, I'm a Dalhousie student in Halifax building AI for local businesses. I came across Penhorn Dental Centre and thought this might be relevant.

I know how many calls dental clinics miss during procedures. I built an AI receptionist that picks up every call, books appointments, and re-engages past clients sitting in your system.

No pressure at all, but if you're curious I'd love to show you how it works: calendly.com/realsideai

Best,
Dylan"
jayne@happy-smiles.ca,Happy Smiles Dental Hygiene,www.happy-smiles.ca,Dental clinic,Dartmouth,For Happy Smiles Dental Hygiene re: missed calls,"Hi there,

I'm Dylan, a student at Dalhousie University here in Halifax. I've been building an AI phone agent for local service businesses and wanted to reach out to Happy Smiles Dental Hygiene.

Most dental clinics I've talked to lose new patient calls every week to voicemail. So I built something that answers every call 24/7, books appointments, and follows up with past clients automatically.

Would you be open to a quick 10-minute chat to see if it could work for Happy Smiles Dental Hygiene? Here's my calendar: calendly.com/realsideai

Cheers,
Dylan"
info@parklanedental.ca,Park Lane Dental Specialists,www.parklanedental.ca,Periodontist,Halifax,Quick question for Park Lane Dental Specialists,"Hi,

My name's Dylan, I'm a Dalhousie student in Halifax building AI for local businesses. I came across Park Lane Dental Specialists and thought this might be relevant.

Most local businesses I've talked to lose new clients just because no one could pick up the phone. I built an AI receptionist that picks up every call, books appointments, and re-engages past clients sitting in your system.

No pressure at all, but if you're curious I'd love to show you how it works: calendly.com/realsideai

Best,
Dylan"
reception@anchordental.ca,Anchor Dental,www.anchordental.ca,Dentist,Halifax,Would this help Anchor?,"Hey there,

I'm a student at Dal here in Halifax, and I've been working on an AI receptionist built for local businesses like Anchor Dental.

Most dental practices I've talked to lose 5-10 new patient calls a week to voicemail. The AI I built picks up every single call, books appointments, and texts clients back if they called after hours.

Would you be open to a quick demo? I promise it's only 10 minutes: calendly.com/realsideai

Dylan"
welcome@santedentalhalifax.ca,Sante Dental,www.santedentalhalifax.ca,Dental clinic,Halifax,Halifax student with an idea for Sante,"Hi,

I'm Dylan from Dalhousie University. I've been building AI phone agents specifically for dental clinics in Nova Scotia and wanted to connect with Sante Dental.

Most dental clinics I've talked to lose new patient calls every week to voicemail. What I've built answers every call, handles scheduling, and can even re-engage old clients who dropped off.

If you're open to it, I'd love 10 minutes to show you: calendly.com/realsideai

Talk soon,
Dylan"
info@handaladental.ca,Handala Dental,handaladental.ca,Dentist,Halifax,Handala + AI (from a Dal student),"Hey,

I'm a Dalhousie student working on something I think could help Handala Dental.

I know how many calls dental offices miss during cleanings and procedures. I've built an AI that handles your incoming calls 24/7, books appointments into your calendar, and automatically follows up with clients who haven't been in for a while.

Would a quick chat be worth your time? Happy to walk you through it: calendly.com/realsideai

Dylan"
info@ourdentist.ca,Lawen Dentistry - Halifax Professional Centre,www.ourdentist.ca,Dentist,Halifax,Idea for Lawen Dentistry - Halifax,"Hi,

Quick intro: I'm Dylan, a Dalhousie student building AI tools for local Halifax businesses. Thought Lawen Dentistry - Halifax Professional Centre might find this interesting.

I know how many calls dental offices miss during cleanings and procedures. I've put together an AI agent that answers calls around the clock, books appointments, and brings back past clients who haven't visited in months.

Worth a quick look? Here's my calendar if so: calendly.com/realsideai

Cheers,
Dylan"
info@halifaxdentalstudio.ca,halifax dental studio,www.halifaxdentalstudio.ca,Dentist,Halifax,Saw halifax dental studio in Halifax,"Hi,

Quick intro: I'm Dylan, a Dalhousie student building AI tools for local Halifax businesses. Thought halifax dental studio might find this interesting.

I've been researching how many new patient calls go unanswered at dental offices during peak hours. I've put together an AI agent that answers calls around the clock, books appointments, and brings back past clients who haven't visited in months.

Worth a quick look? Here's my calendar if so: calendly.com/realsideai

Cheers,
Dylan"
info@lacewoodsquaredentistry.com,Lacewood Square Dentistry,lacewoodsquaredentistry.com,Dentist,Halifax,Saw Lacewood Square Dentistry in Halifax,"Hi,

Quick intro: I'm Dylan, a Dalhousie student building AI tools for local Halifax businesses. Thought Lacewood Square Dentistry might find this interesting.

Most dental practices I've talked to lose 5-10 new patient calls a week to voicemail. I've put together an AI agent that answers calls around the clock, books appointments, and brings back past clients who haven't visited in months.

Worth a quick look? Here's my calendar if so: calendly.com/realsideai

Cheers,
Dylan"
dentistryonthecommons@gmail.com,Dentistry on the Commons,www.halifaxdentistry.ca,Dentist,Halifax,Idea for Dentistry on the Commons,"Hey there,

I'm a student at Dal here in Halifax, and I've been working on an AI receptionist built for local businesses like Dentistry on the Commons.

Most dental practices I've talked to lose 5-10 new patient calls a week to voicemail. The AI I built picks up every single call, books appointments, and texts clients back if they called after hours.

Would you be open to a quick demo? I promise it's only 10 minutes: calendly.com/realsideai

Dylan"
info@herringcovedental.ca,Herring Cove Community Dentistry,www.herringcovedental.ca,Dentist,Halifax,Halifax student with an idea for Herring Cove Community,"Hey,

I'm a Dalhousie student working on something I think could help Herring Cove Community Dentistry.

Most dental practices I've talked to lose 5-10 new patient calls a week to voicemail. I've built an AI that handles your incoming calls 24/7, books appointments into your calendar, and automatically follows up with clients who haven't been in for a while.

Would a quick chat be worth your time? Happy to walk you through it: calendly.com/realsideai

Dylan"
parkwestdentalhalifax@gmail.com,Park West Dental Office,www.parkwestdental.ca,Dentist,Halifax,"Dal student, quick question for Park West Dental Office","Hey there,

I'm a student at Dal here in Halifax, and I've been working on an AI receptionist built for local businesses like Park West Dental Office.

I know how many calls dental offices miss during cleanings and procedures. The AI I built picks up every single call, books appointments, and texts clients back if they called after hours.

Would you be open to a quick demo? I promise it's only 10 minutes: calendly.com/realsideai

Dylan"
info@lakeloonfamilydentistry.com,Lake Loon Family Dentistry,lakeloonfamilydentistry.com,Dental clinic,Dartmouth,"Dal student, quick question for Lake Loon Family Dentistry","Hi there,

I'm Dylan, a student at Dalhousie University here in Halifax. I've been building an AI phone agent for local service businesses and wanted to reach out to Lake Loon Family Dentistry.

I've been looking into how dental clinics handle call volume during busy hours. So I built something that answers every call 24/7, books appointments, and follows up with past clients automatically.

Would you be open to a quick 10-minute chat to see if it could work for Lake Loon Family Dentistry? Here's my calendar: calendly.com/realsideai

Cheers,
Dylan"
reception@bishopslandingdental.com,Bishop's Landing Dental Centre,www.bishopslandingdental.com,Dentist,Halifax,Bishop's Landing + AI (from a Dal student),"Hey there,

I'm a student at Dal here in Halifax, and I've been working on an AI receptionist built for local businesses like Bishop's Landing Dental Centre.

Most dental practices I've talked to lose 5-10 new patient calls a week to voicemail. The AI I built picks up every single call, books appointments, and texts clients back if they called after hours.

Would you be open to a quick demo? I promise it's only 10 minutes: calendly.com/realsideai

Dylan"
halifax@interlude.com,Interlude Spa Halifax,interlude.com,Day spa,Halifax,Would this help Interlude Spa Halifax?,"Hi there,

I'm Dylan, a student at Dalhousie University here in Halifax. I've been building an AI phone agent for local service businesses and wanted to reach out to Interlude Spa Halifax.

I know day spas lose their best bookings to unanswered after-hours calls. So I built something that answers every call 24/7, books appointments, and follows up with past clients automatically.

Would you be open to a quick 10-minute chat to see if it could work for Interlude Spa Halifax? Here's my calendar: calendly.com/realsideai

Cheers,
Dylan"
info@bodyworksmedspa.ca,Body Works Med Spa & Wellness,www.bodyworksmedspa.ca,Medical spa,Halifax,Body Works Med Spa & + AI (from a Dal student),"Hey,

I'm a Dalhousie student working on something I think could help Body Works Med Spa & Wellness.

I know how competitive the med spa space is in Nova Scotia, and speed-to-lead really matters. I've built an AI that handles your incoming calls 24/7, books appointments into your calendar, and automatically follows up with clients who haven't been in for a while.

Would a quick chat be worth your time? Happy to walk you through it: calendly.com/realsideai

Dylan"
info@spiritspa.ca,Spirit Spa,spiritspa.ca,Spa,Halifax,"Dal student, quick question for Spirit Spa","Hi,

Quick intro: I'm Dylan, a Dalhousie student building AI tools for local Halifax businesses. Thought Spirit Spa might find this interesting.

I know spas lose high-value bookings when after-hours calls go to voicemail. I've put together an AI agent that answers calls around the clock, books appointments, and brings back past clients who haven't visited in months.

Worth a quick look? Here's my calendar if so: calendly.com/realsideai

Cheers,
Dylan"
experience@thewinespa.ca,The Wine Spa,thewinespa.ca,Spa,Halifax,Quick question for The Wine Spa,"Hey there,

I'm a student at Dal here in Halifax, and I've been working on an AI receptionist built for local businesses like The Wine Spa.

Most spas I've talked to have gift certificate buyers who never convert into regular clients. The AI I built picks up every single call, books appointments, and texts clients back if they called after hours.

Would you be open to a quick demo? I promise it's only 10 minutes: calendly.com/realsideai

Dylan"
info.thehighlanderspa@gmail.com,The Highlander Med Spa & Salon,www.thehighlanderspa.com,Medical spa,Halifax,For The Highlander Med Spa & Salon re: missed calls,"Hi,

Quick intro: I'm Dylan, a Dalhousie student building AI tools for local Halifax businesses. Thought The Highlander Med Spa & Salon might find this interesting.

I know how competitive the med spa space is in Nova Scotia, and speed-to-lead really matters. I've put together an AI agent that answers calls around the clock, books appointments, and brings back past clients who haven't visited in months.

Worth a quick look? Here's my calendar if so: calendly.com/realsideai

Cheers,
Dylan"
info@nuyoumedspa.ca,NuYou MedSpa + Laser Clinic,www.nuyoumedispa.ca,Medical spa,Bedford,Would this help NuYou MedSpa + Laser?,"Hey there,

I'm a student at Dal here in Halifax, and I've been working on an AI receptionist built for local businesses like NuYou MedSpa + Laser Clinic.

Most med spas I've talked to have hundreds of past clients in their CRM who haven't rebooked. The AI I built picks up every single call, books appointments, and texts clients back if they called after hours.

Would you be open to a quick demo? I promise it's only 10 minutes: calendly.com/realsideai

Dylan"
info@riihomedispa.ca,RIIHO medispa,www.riihomedispa.ca,Medical spa,Halifax,Would this help RIIHO medispa?,"Hey,

I'm a Dalhousie student working on something I think could help RIIHO medispa.

I know how competitive the med spa space is in Nova Scotia, and speed-to-lead really matters. I've built an AI that handles your incoming calls 24/7, books appointments into your calendar, and automatically follows up with clients who haven't been in for a while.

Would a quick chat be worth your time? Happy to walk you through it: calendly.com/realsideai

Dylan"
info@sundaysinc.com,This Is Sundays - Medical Aesthetics Clinic | Downtown Halifax,sundaysinc.com,Medical spa,Halifax,Would this help This Is Sundays - Medical?,"Hey there,

I'm a student at Dal here in Halifax, and I've been working on an AI receptionist built for local businesses like This Is Sundays - Medical Aesthetics Clinic | Downtown Halifax.

Most med spas I've talked to have hundreds of past clients in their CRM who haven't rebooked. The AI I built picks up every single call, books appointments, and texts clients back if they called after hours.

Would you be open to a quick demo? I promise it's only 10 minutes: calendly.com/realsideai

Dylan"
levervemedispa@gmail.com,Le Verve MediSpa,leverve.ca,Medical spa,Eastern Passage,"Dal student, quick question for Le Verve MediSpa","Hey there,

I'm a student at Dal here in Halifax, and I've been working on an AI receptionist built for local businesses like Le Verve MediSpa.

I know how competitive the med spa space is in Nova Scotia, and speed-to-lead really matters. The AI I built picks up every single call, books appointments, and texts clients back if they called after hours.

Would you be open to a quick demo? I promise it's only 10 minutes: calendly.com/realsideai

Dylan"
info@modernage.ca,Modern Age Aesthetics And Wellness,www.modernage.ca,Medical spa,Halifax,Idea for Modern Age Aesthetics And,"Hey,

I'm a Dalhousie student working on something I think could help Modern Age Aesthetics And Wellness.

Most med spas I've talked to have hundreds of past clients in their CRM who haven't rebooked. I've built an AI that handles your incoming calls 24/7, books appointments into your calendar, and automatically follows up with clients who haven't been in for a while.

Would a quick chat be worth your time? Happy to walk you through it: calendly.com/realsideai

Dylan"
pastelskinclinic@gmail.com,PASTEL skin clinic Halifax,www.pastelskin.ca,Facial spa,Halifax,Would this help PASTEL skin clinic Halifax?,"Hi there,

I'm Dylan, a student at Dalhousie University here in Halifax. I've been building an AI phone agent for local service businesses and wanted to reach out to PASTEL skin clinic Halifax.

Most local businesses I've talked to lose new clients just because no one could pick up the phone. So I built something that answers every call 24/7, books appointments, and follows up with past clients automatically.

Would you be open to a quick 10-minute chat to see if it could work for PASTEL skin clinic Halifax? Here's my calendar: calendly.com/realsideai

Cheers,
Dylan"
user@domain.com,"Sincerely, Skin Skincare & Laser Boutique",www.sincerelyskinhfx.ca,Skin care clinic,Halifax,"Halifax student with an idea for Sincerely, Skin Skincare &","Hi there,

I'm Dylan, a student at Dalhousie University here in Halifax. I've been building an AI phone agent for local service businesses and wanted to reach out to Sincerely, Skin Skincare & Laser Boutique.

I know skin care clinics lose consultation leads when calls go to voicemail. So I built something that answers every call 24/7, books appointments, and follows up with past clients automatically.

Would you be open to a quick 10-minute chat to see if it could work for Sincerely, Skin Skincare &? Here's my calendar: calendly.com/realsideai

Cheers,
Dylan"
user@domain.com,Keita Beauty,www.keitabeauty.ca,Facial spa,Halifax,Quick question for Keita Beauty,"Hi,

Quick intro: I'm Dylan, a Dalhousie student building AI tools for local Halifax businesses. Thought Keita Beauty might find this interesting.

Most local businesses I've talked to lose new clients just because no one could pick up the phone. I've put together an AI agent that answers calls around the clock, books appointments, and brings back past clients who haven't visited in months.

Worth a quick look? Here's my calendar if so: calendly.com/realsideai

Cheers,
Dylan"
info@auroracosmetic.ca,Aurora Medical Aesthetics,www.auroracosmetic.ca,Laser hair removal service,Halifax,Quick question for Aurora Medical Aesthetics,"Hi there,

I'm Dylan, a student at Dalhousie University here in Halifax. I've been building an AI phone agent for local service businesses and wanted to reach out to Aurora Medical Aesthetics.

I know laser clinics lose consultation leads to competitors when calls go unanswered. So I built something that answers every call 24/7, books appointments, and follows up with past clients automatically.

Would you be open to a quick 10-minute chat to see if it could work for Aurora Medical Aesthetics? Here's my calendar: calendly.com/realsideai

Cheers,
Dylan"
lee@marawolfville.ca,Magnolia Medical Aesthetics,leenpmedicalaesthetics.janeapp.com,Medical spa,Halifax,Halifax student with an idea for Magnolia Medical Aesthetics,"Hi there,

I'm Dylan, a student at Dalhousie University here in Halifax. I've been building an AI phone agent for local service businesses and wanted to reach out to Magnolia Medical Aesthetics.

I know how competitive the med spa space is in Nova Scotia, and speed-to-lead really matters. So I built something that answers every call 24/7, books appointments, and follows up with past clients automatically.

Would you be open to a quick 10-minute chat to see if it could work for Magnolia Medical Aesthetics? Here's my calendar: calendly.com/realsideai

Cheers,
Dylan"
dermedicalesthetics.reception@gmail.com,DerMedical Esthetics Inc,dermedicalesthetics.ca,Medical spa,Dartmouth,Saw DerMedical Esthetics in Dartmouth,"Hi,

My name's Dylan, I'm a Dalhousie student in Halifax building AI for local businesses. I came across DerMedical Esthetics Inc and thought this might be relevant.

I've been looking at how many Botox and filler inquiries med spas lose to missed after-hours calls. I built an AI receptionist that picks up every call, books appointments, and re-engages past clients sitting in your system.

No pressure at all, but if you're curious I'd love to show you how it works: calendly.com/realsideai

Best,
Dylan"
user@domain.com,Youth Bar Medical Aesthetics,youthbar.ca,Medical spa,Halifax,For Youth Bar Medical Aesthetics re: missed calls,"Hey,

I'm a Dalhousie student working on something I think could help Youth Bar Medical Aesthetics.

I've been looking at how many Botox and filler inquiries med spas lose to missed after-hours calls. I've built an AI that handles your incoming calls 24/7, books appointments into your calendar, and automatically follows up with clients who haven't been in for a while.

Would a quick chat be worth your time? Happy to walk you through it: calendly.com/realsideai

Dylan"
info@urbanretreat.ca,Urban Retreat Massage Therapy,urbanretreat.ca,Massage therapist,Halifax,For Urban Retreat Massage Therapy re: missed calls,"Hi,

Quick intro: I'm Dylan, a Dalhousie student building AI tools for local Halifax businesses. Thought Urban Retreat Massage Therapy might find this interesting.

I know every missed call during a session is potentially a lost booking. I've put together an AI agent that answers calls around the clock, books appointments, and brings back past clients who haven't visited in months.

Worth a quick look? Here's my calendar if so: calendly.com/realsideai

Cheers,
Dylan"
hi@mystore.com,Eman Beauty SPA,eman-beauty-spa.square.site,Nail salon,Halifax,"Dal student, quick question for Eman Beauty SPA","Hi,

I'm Dylan from Dalhousie University. I've been building AI phone agents specifically for nail salons in Nova Scotia and wanted to connect with Eman Beauty SPA.

Most nail salons I've talked to deal with double-bookings and no-shows constantly. What I've built answers every call, handles scheduling, and can even re-engage old clients who dropped off.

If you're open to it, I'd love 10 minutes to show you: calendly.com/realsideai

Talk soon,
Dylan"
hello@brightandwell.ca,Bright & Well Wellness Clinic,brightandwell.ca,IV therapy service,Halifax,Saw Bright & Well in Halifax,"Hey,

I'm a Dalhousie student working on something I think could help Bright & Well Wellness Clinic.

I know how many calls service businesses miss during their busiest hours. I've built an AI that handles your incoming calls 24/7, books appointments into your calendar, and automatically follows up with clients who haven't been in for a while.

Would a quick chat be worth your time? Happy to walk you through it: calendly.com/realsideai

Dylan"
thefloatationcentre@gmail.com,The Floatation Centre,www.thefloatationcentre.ca,Wellness center,Halifax,Would this help The Floatation?,"Hi,

I'm Dylan from Dalhousie University. I've been building AI phone agents specifically for wellness centers in Nova Scotia and wanted to connect with The Floatation Centre.

Most wellness businesses I've talked to struggle to get one-time visitors to rebook. What I've built answers every call, handles scheduling, and can even re-engage old clients who dropped off.

If you're open to it, I'd love 10 minutes to show you: calendly.com/realsideai

Talk soon,
Dylan"
info@naturefolk.ca,Nature Folk Wellness Collective,naturefolk.ca,Spa,Dartmouth,Idea for Nature Folk Wellness,"Hi there,

I'm Dylan, a student at Dalhousie University here in Halifax. I've been building an AI phone agent for local service businesses and wanted to reach out to Nature Folk Wellness Collective.

I know spas lose high-value bookings when after-hours calls go to voicemail. So I built something that answers every call 24/7, books appointments, and follows up with past clients automatically.

Would you be open to a quick 10-minute chat to see if it could work for Nature Folk Wellness? Here's my calendar: calendly.com/realsideai

Cheers,
Dylan"
info@rstudios.co,Rstudios REST : The Recovery Room Sauna & Cold Plunge,www.rstudios.co,Wellness center,Halifax,"Dal student, quick question for Rstudios REST : The Recovery","Hi,

Quick intro: I'm Dylan, a Dalhousie student building AI tools for local Halifax businesses. Thought Rstudios REST : The Recovery Room Sauna & Cold Plunge might find this interesting.

Most wellness businesses I've talked to struggle to get one-time visitors to rebook. I've put together an AI agent that answers calls around the clock, books appointments, and brings back past clients who haven't visited in months.

Worth a quick look? Here's my calendar if so: calendly.com/realsideai

Cheers,
Dylan"
info@embellishmedical.com,Embellish Medical Aesthetics,embellishmedical.com,Medical spa,Bedford,Would this help Embellish Medical Aesthetics?,"Hey,

I'm a Dalhousie student working on something I think could help Embellish Medical Aesthetics.

I've been looking at how many Botox and filler inquiries med spas lose to missed after-hours calls. I've built an AI that handles your incoming calls 24/7, books appointments into your calendar, and automatically follows up with clients who haven't been in for a while.

Would a quick chat be worth your time? Happy to walk you through it: calendly.com/realsideai

Dylan"
jacobnoye@hotmail.ca,Jacob Noye Massage Therapy & Medi Spa,jacobnoyemassagetherapymedispa.janeapp.com,Medical spa,Halifax,Quick question for Jacob Noye Massage Therapy &,"Hi,

I'm Dylan from Dalhousie University. I've been building AI phone agents specifically for medical spas in Nova Scotia and wanted to connect with Jacob Noye Massage Therapy & Medi Spa.

I've been looking at how many Botox and filler inquiries med spas lose to missed after-hours calls. What I've built answers every call, handles scheduling, and can even re-engage old clients who dropped off.

If you're open to it, I'd love 10 minutes to show you: calendly.com/realsideai

Talk soon,
Dylan"
lunascomplexionss@gmail.com,Lunas Complexion,lunas-complexion.square.site,Facial spa,Halifax,Saw Lunas Complexion in Halifax,"Hi there,

I'm Dylan, a student at Dalhousie University here in Halifax. I've been building an AI phone agent for local service businesses and wanted to reach out to Lunas Complexion.

I've been researching how many potential clients local businesses lose to missed calls and slow follow-up. So I built something that answers every call 24/7, books appointments, and follows up with past clients automatically.

Would you be open to a quick 10-minute chat to see if it could work for Lunas Complexion? Here's my calendar: calendly.com/realsideai

Cheers,
Dylan"
dart@choicehealthcentre.com,Choice Health Centre Halifax,www.choicehealthcentre.com,Chiropractor,Halifax,Would this help Choice Health Centre Halifax?,"Hey there,

I'm a student at Dal here in Halifax, and I've been working on an AI receptionist built for local businesses like Choice Health Centre Halifax.

Most chiro practices I've talked to have past patients who dropped off and never came back. The AI I built picks up every single call, books appointments, and texts clients back if they called after hours.

Would you be open to a quick demo? I promise it's only 10 minutes: calendly.com/realsideai

Dylan"
arminsbeautyaffair@gmail.com,Armin's Beauty Affair Spa,www.arminsbeautyaffair.com,Spa,Halifax,Quick question for Armin's Beauty Affair Spa,"Hey,

I'm a Dalhousie student working on something I think could help Armin's Beauty Affair Spa.

I know spas lose high-value bookings when after-hours calls go to voicemail. I've built an AI that handles your incoming calls 24/7, books appointments into your calendar, and automatically follows up with clients who haven't been in for a while.

Would a quick chat be worth your time? Happy to walk you through it: calendly.com/realsideai

Dylan"
info@bloomlaserclinic.com,Bloom Laser Clinic,bloomlaserclinic.com,Skin care clinic,Halifax,Halifax student with an idea for Bloom Laser,"Hi,

My name's Dylan, I'm a Dalhousie student in Halifax building AI for local businesses. I came across Bloom Laser Clinic and thought this might be relevant.

I know skin care clinics lose consultation leads when calls go to voicemail. I built an AI receptionist that picks up every call, books appointments, and re-engages past clients sitting in your system.

No pressure at all, but if you're curious I'd love to show you how it works: calendly.com/realsideai

Best,
Dylan"
user@domain.com,The Highlander Spa Bedford,thehighlanderspa.com,Medical spa,Bedford,Saw The Highlander Spa Bedford in Bedford,"Hi there,

I'm Dylan, a student at Dalhousie University here in Halifax. I've been building an AI phone agent for local service businesses and wanted to reach out to The Highlander Spa Bedford.

Most med spas I've talked to have hundreds of past clients in their CRM who haven't rebooked. So I built something that answers every call 24/7, books appointments, and follows up with past clients automatically.

Would you be open to a quick 10-minute chat to see if it could work for The Highlander Spa Bedford? Here's my calendar: calendly.com/realsideai

Cheers,
Dylan"
info@ecwc.ca,"East Coast Wellness Clinic, Specializing in Massage",www.ecwc.ca,Massage therapist,Halifax,"Quick question for East Coast Wellness Clinic,","Hi,

Quick intro: I'm Dylan, a Dalhousie student building AI tools for local Halifax businesses. Thought East Coast Wellness Clinic, Specializing in Massage might find this interesting.

I know every missed call during a session is potentially a lost booking. I've put together an AI agent that answers calls around the clock, books appointments, and brings back past clients who haven't visited in months.

Worth a quick look? Here's my calendar if so: calendly.com/realsideai

Cheers,
Dylan"
halifax@thetenspot.com,THE TEN SPOT,www.thetenspot.com,Spa,Halifax,Saw THE TEN SPOT in Halifax,"Hey there,

I'm a student at Dal here in Halifax, and I've been working on an AI receptionist built for local businesses like THE TEN SPOT.

I know spas lose high-value bookings when after-hours calls go to voicemail. The AI I built picks up every single call, books appointments, and texts clients back if they called after hours.

Would you be open to a quick demo? I promise it's only 10 minutes: calendly.com/realsideai

Dylan"
pureesthetics@eastlink.ca,Bradshaw Pure Esthetics organic skin care and sculptural facial massage,bradshawpureesthetics.com,Skin care clinic,Halifax,Bradshaw Pure Esthetics + AI (from a Dal student),"Hi,

My name's Dylan, I'm a Dalhousie student in Halifax building AI for local businesses. I came across Bradshaw Pure Esthetics organic skin care and sculptural facial massage and thought this might be relevant.

I know skin care clinics lose consultation leads when calls go to voicemail. I built an AI receptionist that picks up every call, books appointments, and re-engages past clients sitting in your system.

No pressure at all, but if you're curious I'd love to show you how it works: calendly.com/realsideai

Best,
Dylan"
info@medikainstitute.com,MEDIKA BEAUTY INSTITUTE,www.medikainstitute.com,Beauty school,Halifax,Would this help MEDIKA BEAUTY INSTITUTE?,"Hi,

My name's Dylan, I'm a Dalhousie student in Halifax building AI for local businesses. I came across MEDIKA BEAUTY INSTITUTE and thought this might be relevant.

Most local businesses I've talked to lose new clients just because no one could pick up the phone. I built an AI receptionist that picks up every call, books appointments, and re-engages past clients sitting in your system.

No pressure at all, but if you're curious I'd love to show you how it works: calendly.com/realsideai

Best,
Dylan"
totalkneads@totalkneads.ca,Total Kneads Massage Therapy,www.totalkneads.ca,Health spa,Halifax,Would this help Total Kneads Massage Therapy?,"Hey there,

I'm a student at Dal here in Halifax, and I've been working on an AI receptionist built for local businesses like Total Kneads Massage Therapy.

I know health spas lose bookings when calls go unanswered during treatments. The AI I built picks up every single call, books appointments, and texts clients back if they called after hours.

Would you be open to a quick demo? I promise it's only 10 minutes: calendly.com/realsideai

Dylan"
info@agricolaholistichealth.com,"Agricola Holistic Health - (Physiotherapy, Massage Therapy, Chiropractic)",www.agricolaholistichealth.ca,Massage therapist,Halifax,Agricola Holistic Health - + AI (from a Dal student),"Hi,

I'm Dylan from Dalhousie University. I've been building AI phone agents specifically for massage therapists in Nova Scotia and wanted to connect with Agricola Holistic Health - (Physiotherapy, Massage Therapy, Chiropractic).

Most massage therapists I've talked to say the phone is their biggest headache since they can't answer mid-session. What I've built answers every call, handles scheduling, and can even re-engage old clients who dropped off.

If you're open to it, I'd love 10 minutes to show you: calendly.com/realsideai

Talk soon,
Dylan"
user@domain.com,DermaEnvy Skincare - Dartmouth,www.dermaenvy.com,Laser hair removal service,Dartmouth,Quick question for DermaEnvy Skincare - Dartmouth,"Hi,

Quick intro: I'm Dylan, a Dalhousie student building AI tools for local Dartmouth businesses. Thought DermaEnvy Skincare - Dartmouth might find this interesting.

I know laser clinics lose consultation leads to competitors when calls go unanswered. I've put together an AI agent that answers calls around the clock, books appointments, and brings back past clients who haven't visited in months.

Worth a quick look? Here's my calendar if so: calendly.com/realsideai

Cheers,
Dylan"
hello@contactus.com,Active Approach Health & Wellness Centre,www.activeapproach.ca,Massage therapist,Halifax,"Dal student, quick question for Active Approach Health &","Hi there,

I'm Dylan, a student at Dalhousie University here in Halifax. I've been building an AI phone agent for local service businesses and wanted to reach out to Active Approach Health & Wellness Centre.

Most massage therapists I've talked to say the phone is their biggest headache since they can't answer mid-session. So I built something that answers every call 24/7, books appointments, and follows up with past clients automatically.

Would you be open to a quick 10-minute chat to see if it could work for Active Approach Health &? Here's my calendar: calendly.com/realsideai

Cheers,
Dylan"
logo@3x-copy-300x104.png,Massage Experts - Halifax North End,www.massageexperts.ca,Massage therapist,Halifax,Would this help Massage Experts - Halifax?,"Hi,

My name's Dylan, I'm a Dalhousie student in Halifax building AI for local businesses. I came across Massage Experts - Halifax North End and thought this might be relevant.

I know every missed call during a session is potentially a lost booking. I built an AI receptionist that picks up every call, books appointments, and re-engages past clients sitting in your system.

No pressure at all, but if you're curious I'd love to show you how it works: calendly.com/realsideai

Best,
Dylan"
illumeskinandlaserns@gmail.com,Illume Skin and Laser,illumeskinandlaser.setmore.com,Laser hair removal service,Dartmouth,Saw Illume Skin and Laser in Dartmouth,"Hi,

Quick intro: I'm Dylan, a Dalhousie student building AI tools for local Dartmouth businesses. Thought Illume Skin and Laser might find this interesting.

I know laser clinics lose consultation leads to competitors when calls go unanswered. I've put together an AI agent that answers calls around the clock, books appointments, and brings back past clients who haven't visited in months.

Worth a quick look? Here's my calendar if so: calendly.com/realsideai

Cheers,
Dylan"
user@domain.com,The Skin Sanctum,www.theskinsanctum.ca,Skin care clinic,Dartmouth,The Skin Sanctum + AI (from a Dal student),"Hi,

My name's Dylan, I'm a Dalhousie student in Halifax building AI for local businesses. I came across The Skin Sanctum and thought this might be relevant.

I know skin care clinics lose consultation leads when calls go to voicemail. I built an AI receptionist that picks up every call, books appointments, and re-engages past clients sitting in your system.

No pressure at all, but if you're curious I'd love to show you how it works: calendly.com/realsideai

Best,
Dylan"
numedicalaesthetics@gmail.com,NU Aesthetics Inc.,nuaesthetics.ca,Medical spa,Dartmouth,Saw NU Aesthetics in Dartmouth,"Hi,

My name's Dylan, I'm a Dalhousie student in Halifax building AI for local businesses. I came across NU Aesthetics Inc. and thought this might be relevant.

Most med spas I've talked to have hundreds of past clients in their CRM who haven't rebooked. I built an AI receptionist that picks up every call, books appointments, and re-engages past clients sitting in your system.

No pressure at all, but if you're curious I'd love to show you how it works: calendly.com/realsideai

Best,
Dylan"
user@domain.com,The Balance Nurse Practitioner,www.thebalancenp.com,Medical clinic,Dartmouth,Dartmouth student with an idea for The Balance Nurse Practitioner,"Hey there,

I'm a student at Dal here in Halifax, and I've been working on an AI receptionist built for local businesses like The Balance Nurse Practitioner.

I know medical clinics deal with overwhelming call volume and patients waiting on hold. The AI I built picks up every single call, books appointments, and texts clients back if they called after hours.

Would you be open to a quick demo? I promise it's only 10 minutes: calendly.com/realsideai

Dylan"
hello@sunswirl.ca,Sunswirl Laser and Esthetics,www.sunswirl.ca,Tanning salon,Dartmouth,Dartmouth student with an idea for Sunswirl Laser and Esthetics,"Hi there,

I'm Dylan, a student at Dalhousie University here in Halifax. I've been building an AI phone agent for local service businesses and wanted to reach out to Sunswirl Laser and Esthetics.

Most local businesses I've talked to lose new clients just because no one could pick up the phone. So I built something that answers every call 24/7, books appointments, and follows up with past clients automatically.

Would you be open to a quick 10-minute chat to see if it could work for Sunswirl Laser and Esthetics? Here's my calendar: calendly.com/realsideai

Cheers,
Dylan"
admin@ultrahair.ca,Ultra Hair Solutions & Esthetics,www.ultrahairsolutions.ca,Hair replacement service,Dartmouth,"Dal student, quick question for Ultra Hair Solutions &","Hi,

My name's Dylan, I'm a Dalhousie student in Halifax building AI for local businesses. I came across Ultra Hair Solutions & Esthetics and thought this might be relevant.

I've been researching how many potential clients local businesses lose to missed calls and slow follow-up. I built an AI receptionist that picks up every call, books appointments, and re-engages past clients sitting in your system.

No pressure at all, but if you're curious I'd love to show you how it works: calendly.com/realsideai

Best,
Dylan"
theglowlabhfx@gmail.com,The Glow Lab Aesthetics & Wellness,theglowlabhfx.ca,Medical spa,Bedford,"Dal student, quick question for The Glow Lab Aesthetics &","Hi,

Quick intro: I'm Dylan, a Dalhousie student building AI tools for local Bedford businesses. Thought The Glow Lab Aesthetics & Wellness might find this interesting.

Most med spas I've talked to have hundreds of past clients in their CRM who haven't rebooked. I've put together an AI agent that answers calls around the clock, books appointments, and brings back past clients who haven't visited in months.

Worth a quick look? Here's my calendar if so: calendly.com/realsideai

Cheers,
Dylan"
info@taoluxeaesthetics.com,Tao Luxe Aesthetics,taoluxeaesthetics.janeapp.com,Medical spa,Bedford,Saw Tao Luxe Aesthetics in Bedford,"Hi,

I'm Dylan from Dalhousie University. I've been building AI phone agents specifically for medical spas in Nova Scotia and wanted to connect with Tao Luxe Aesthetics.

Most med spas I've talked to have hundreds of past clients in their CRM who haven't rebooked. What I've built answers every call, handles scheduling, and can even re-engage old clients who dropped off.

If you're open to it, I'd love 10 minutes to show you: calendly.com/realsideai

Talk soon,
Dylan"
info@pranaspa.ca,PRANA Skincare Clinic,www.pranaspa.ca,Spa,Bedford,"Dal student, quick question for PRANA Skincare","Hi there,

I'm Dylan, a student at Dalhousie University here in Halifax. I've been building an AI phone agent for local service businesses and wanted to reach out to PRANA Skincare Clinic.

I know spas lose high-value bookings when after-hours calls go to voicemail. So I built something that answers every call 24/7, books appointments, and follows up with past clients automatically.

Would you be open to a quick 10-minute chat to see if it could work for PRANA Skincare? Here's my calendar: calendly.com/realsideai

Cheers,
Dylan"
impallari@gmail.com,Doaa Health and Wellness,www.doaahealthandwellness.com,Health spa,Bedford,For Doaa Health and re: missed calls,"Hi there,

I'm Dylan, a student at Dalhousie University here in Halifax. I've been building an AI phone agent for local service businesses and wanted to reach out to Doaa Health and Wellness.

I know health spas lose bookings when calls go unanswered during treatments. So I built something that answers every call 24/7, books appointments, and follows up with past clients automatically.

Would you be open to a quick 10-minute chat to see if it could work for Doaa Health and? Here's my calendar: calendly.com/realsideai

Cheers,
Dylan"
sculptedmedaesthetics@gmail.com,Sculpted Medical Aesthetics,sculptedmedicalaesthetics.janeapp.com,Medical spa,Bedford,Sculpted Medical Aesthetics + AI (from a Dal student),"Hi,

My name's Dylan, I'm a Dalhousie student in Halifax building AI for local businesses. I came across Sculpted Medical Aesthetics and thought this might be relevant.

I know how competitive the med spa space is in Nova Scotia, and speed-to-lead really matters. I built an AI receptionist that picks up every call, books appointments, and re-engages past clients sitting in your system.

No pressure at all, but if you're curious I'd love to show you how it works: calendly.com/realsideai

Best,
Dylan"
privacypolicyupdates@automattic.com,Fresca Skin Lounge,www.frescaskinlounge.com,Skin care clinic,Bedford,For Fresca Skin Lounge re: missed calls,"Hey there,

I'm a student at Dal here in Halifax, and I've been working on an AI receptionist built for local businesses like Fresca Skin Lounge.

I know skin care clinics lose consultation leads when calls go to voicemail. The AI I built picks up every single call, books appointments, and texts clients back if they called after hours.

Would you be open to a quick demo? I promise it's only 10 minutes: calendly.com/realsideai

Dylan"
sales@webnames.ca,U Spa - Maria Perez,www.uspa.ca,Laser hair removal service,Bedford,Would this help U Spa - Maria Perez?,"Hey,

I'm a Dalhousie student working on something I think could help U Spa - Maria Perez.

I know laser clinics lose consultation leads to competitors when calls go unanswered. I've built an AI that handles your incoming calls 24/7, books appointments into your calendar, and automatically follows up with clients who haven't been in for a while.

Would a quick chat be worth your time? Happy to walk you through it: calendly.com/realsideai

Dylan"
collette@highbrowclinic.com,Highbrow Clinic,www.highbrowclinic.com,Permanent make-up clinic,Bedford,For Highbrow re: missed calls,"Hi,

My name's Dylan, I'm a Dalhousie student in Halifax building AI for local businesses. I came across Highbrow Clinic and thought this might be relevant.

I've been researching how many potential clients local businesses lose to missed calls and slow follow-up. I built an AI receptionist that picks up every call, books appointments, and re-engages past clients sitting in your system.

No pressure at all, but if you're curious I'd love to show you how it works: calendly.com/realsideai

Best,
Dylan"
heather@premieraesthetics.ca,Premier Aesthetics,msha.ke,Beauty salon,Halifax,Saw Premier Aesthetics in Halifax,"Hi,

Quick intro: I'm Dylan, a Dalhousie student building AI tools for local Halifax businesses. Thought Premier Aesthetics might find this interesting.

Most beauty salons I've talked to lose walk-in and call-in bookings during peak hours. I've put together an AI agent that answers calls around the clock, books appointments, and brings back past clients who haven't visited in months.

Worth a quick look? Here's my calendar if so: calendly.com/realsideai

Cheers,
Dylan"
info@shariefaesthetics.com,Sharief Aesthetics,shariefaesthetics.com,Health spa,Halifax,Sharief Aesthetics + AI (from a Dal student),"Hey there,

I'm a student at Dal here in Halifax, and I've been working on an AI receptionist built for local businesses like Sharief Aesthetics.

I know health spas lose bookings when calls go unanswered during treatments. The AI I built picks up every single call, books appointments, and texts clients back if they called after hours.

Would you be open to a quick demo? I promise it's only 10 minutes: calendly.com/realsideai

Dylan"
innana.lasers@gmail.com,Innana Laser Clinic,www.innanalaserclinic.ca,Laser hair removal service,Bedford,"Dal student, quick question for Innana Laser","Hi,

Quick intro: I'm Dylan, a Dalhousie student building AI tools for local Bedford businesses. Thought Innana Laser Clinic might find this interesting.

I know laser clinics lose consultation leads to competitors when calls go unanswered. I've put together an AI agent that answers calls around the clock, books appointments, and brings back past clients who haven't visited in months.

Worth a quick look? Here's my calendar if so: calendly.com/realsideai

Cheers,
Dylan"
dartmouth@lifesalonspa.com,Life SalonSpa Bedford,www.lifesalonspa.com,Day spa,Bedford,For Life SalonSpa Bedford re: missed calls,"Hi,

I'm Dylan from Dalhousie University. I've been building AI phone agents specifically for day spas in Nova Scotia and wanted to connect with Life SalonSpa Bedford.

I know day spas lose their best bookings to unanswered after-hours calls. What I've built answers every call, handles scheduling, and can even re-engage old clients who dropped off.

If you're open to it, I'd love 10 minutes to show you: calendly.com/realsideai

Talk soon,
Dylan"
info@imaginesalonspa.ca,Imagine Salon & Spa,imaginesalonspa.ca,Beauty salon,Bedford,Quick question for Imagine Salon & Spa,"Hi,

I'm Dylan from Dalhousie University. I've been building AI phone agents specifically for beauty salons in Nova Scotia and wanted to connect with Imagine Salon & Spa.

I know how impossible it is to answer the phone when you're with a client. What I've built answers every call, handles scheduling, and can even re-engage old clients who dropped off.

If you're open to it, I'd love 10 minutes to show you: calendly.com/realsideai

Talk soon,
Dylan"
info@allsportsandwellness.ca,All Sports and Wellness,allsportsandwellness.janeapp.com,Sports massage therapist,Bedford,All Sports and + AI (from a Dal student),"Hey,

I'm a Dalhousie student working on something I think could help All Sports and Wellness.

I know how many calls service businesses miss during their busiest hours. I've built an AI that handles your incoming calls 24/7, books appointments into your calendar, and automatically follows up with clients who haven't been in for a while.

Would a quick chat be worth your time? Happy to walk you through it: calendly.com/realsideai

Dylan"
cs@twotan.com.my,Two Tan Wellness 二陈中医康复院,twotanwellness.ca,Acupuncturist,Bedford,Two Tan Wellness 二陈中医康复院 + AI (from a Dal student),"Hi there,

I'm Dylan, a student at Dalhousie University here in Halifax. I've been building an AI phone agent for local service businesses and wanted to reach out to Two Tan Wellness 二陈中医康复院.

I know how many calls service businesses miss during their busiest hours. So I built something that answers every call 24/7, books appointments, and follows up with past clients automatically.

Would you be open to a quick 10-minute chat to see if it could work for Two Tan Wellness 二陈中医康复院? Here's my calendar: calendly.com/realsideai

Cheers,
Dylan"
info@homebodhiwellness.ca,HOME BODHI WELLNESS,homebodhi-wellness.janeapp.com,Wellness center,Bedford,Bedford student with an idea for HOME BODHI WELLNESS,"Hi,

My name's Dylan, I'm a Dalhousie student in Halifax building AI for local businesses. I came across HOME BODHI WELLNESS and thought this might be relevant.

I know wellness centres lose a lot of first-time clients when calls go unanswered. I built an AI receptionist that picks up every call, books appointments, and re-engages past clients sitting in your system.

No pressure at all, but if you're curious I'd love to show you how it works: calendly.com/realsideai

Best,
Dylan"
hello@amaia.ca,amaïa,amaia.ca,Spa,Bedford,"Dal student, quick question for amaïa","Hi,

My name's Dylan, I'm a Dalhousie student in Halifax building AI for local businesses. I came across amaïa and thought this might be relevant.

I know spas lose high-value bookings when after-hours calls go to voicemail. I built an AI receptionist that picks up every call, books appointments, and re-engages past clients sitting in your system.

No pressure at all, but if you're curious I'd love to show you how it works: calendly.com/realsideai

Best,
Dylan"
bluejnails1475@gmail.com,Blue J Nails & Head Spa (Formerly Princess Nails & Head Spa),bluejnailsheadspa.com,Nail salon,Bedford,Idea for Blue J Nails & Head Spa,"Hi,

Quick intro: I'm Dylan, a Dalhousie student building AI tools for local Bedford businesses. Thought Blue J Nails & Head Spa (Formerly Princess Nails & Head Spa) might find this interesting.

Most nail salons I've talked to deal with double-bookings and no-shows constantly. I've put together an AI agent that answers calls around the clock, books appointments, and brings back past clients who haven't visited in months.

Worth a quick look? Here's my calendar if so: calendly.com/realsideai

Cheers,
Dylan"
info@latinotype.com,Glam Theory Studio - By Divya,www.glamtheory.ca,Beauty salon,Bedford,Glam Theory Studio - By Divya + AI (from a Dal student),"Hi,

My name's Dylan, I'm a Dalhousie student in Halifax building AI for local businesses. I came across Glam Theory Studio - By Divya and thought this might be relevant.

Most beauty salons I've talked to lose walk-in and call-in bookings during peak hours. I built an AI receptionist that picks up every call, books appointments, and re-engages past clients sitting in your system.

No pressure at all, but if you're curious I'd love to show you how it works: calendly.com/realsideai

Best,
Dylan"
osadchanv198207@gmail.com,SPA & Massage Nataliia Osadcha,nataliia-osadcha-spa-massage.square.site,Massage therapist,Bedford,Bedford student with an idea for SPA & Massage Nataliia Osadcha,"Hi there,

I'm Dylan, a student at Dalhousie University here in Halifax. I've been building an AI phone agent for local service businesses and wanted to reach out to SPA & Massage Nataliia Osadcha.

I know every missed call during a session is potentially a lost booking. So I built something that answers every call 24/7, books appointments, and follows up with past clients automatically.

Would you be open to a quick 10-minute chat to see if it could work for SPA & Massage Nataliia Osadcha? Here's my calendar: calendly.com/realsideai

Cheers,
Dylan"
39cc710ca6e84f94ba613569a1076da3@airetax.com,Atmosphere Day Spa,www.atmospheredayspa.ca,Day spa,Hammonds Plains,"Dal student, quick question for Atmosphere Day Spa","Hi,

Quick intro: I'm Dylan, a Dalhousie student building AI tools for local Hammonds Plains businesses. Thought Atmosphere Day Spa might find this interesting.

I know day spas lose their best bookings to unanswered after-hours calls. I've put together an AI agent that answers calls around the clock, books appointments, and brings back past clients who haven't visited in months.

Worth a quick look? Here's my calendar if so: calendly.com/realsideai

Cheers,
Dylan"
mishkat.walaa@gmail.com,Galaxy Healing,www.galaxyhealing.net,Acupuncture clinic,Halifax,"Dal student, quick question for Galaxy Healing","Hi,

Quick intro: I'm Dylan, a Dalhousie student building AI tools for local Halifax businesses. Thought Galaxy Healing might find this interesting.

I know acupuncture clinics can't answer the phone during treatments. I've put together an AI agent that answers calls around the clock, books appointments, and brings back past clients who haven't visited in months.

Worth a quick look? Here's my calendar if so: calendly.com/realsideai

Cheers,
Dylan"
amtc@massagetherapy.ns.ca,Atlantic Massage Therapy Inc,massagetherapy.ns.ca,Massage therapist,Bedford,Saw Atlantic Massage Therapy in Bedford,"Hi,

I'm Dylan from Dalhousie University. I've been building AI phone agents specifically for massage therapists in Nova Scotia and wanted to connect with Atlantic Massage Therapy Inc.

I know every missed call during a session is potentially a lost booking. What I've built answers every call, handles scheduling, and can even re-engage old clients who dropped off.

If you're open to it, I'd love 10 minutes to show you: calendly.com/realsideai

Talk soon,
Dylan"
hi@mystore.com,LakeSide Massage & Hydrotherapy,lakeside-massage-and-hydrotherapy.square.site,Massage therapist,Lower Sackville,Idea for LakeSide Massage &,"Hi there,

I'm Dylan, a student at Dalhousie University here in Halifax. I've been building an AI phone agent for local service businesses and wanted to reach out to LakeSide Massage & Hydrotherapy.

I know every missed call during a session is potentially a lost booking. So I built something that answers every call 24/7, books appointments, and follows up with past clients automatically.

Would you be open to a quick 10-minute chat to see if it could work for LakeSide Massage &? Here's my calendar: calendly.com/realsideai

Cheers,
Dylan"
info@thesaltroom.ca,The Salt Room,www.thesaltroom.ca,Health spa,Halifax,The Salt Room + AI (from a Dal student),"Hi,

I'm Dylan from Dalhousie University. I've been building AI phone agents specifically for health spas in Nova Scotia and wanted to connect with The Salt Room.

I know health spas lose bookings when calls go unanswered during treatments. What I've built answers every call, handles scheduling, and can even re-engage old clients who dropped off.

If you're open to it, I'd love 10 minutes to show you: calendly.com/realsideai

Talk soon,
Dylan"
toptiermassagehfx@gmail.com,Top Tier Massage,www.toptiermassage.ca,Massage therapist,Bedford,Saw Top Tier Massage in Bedford,"Hi,

My name's Dylan, I'm a Dalhousie student in Halifax building AI for local businesses. I came across Top Tier Massage and thought this might be relevant.

I know every missed call during a session is potentially a lost booking. I built an AI receptionist that picks up every call, books appointments, and re-engages past clients sitting in your system.

No pressure at all, but if you're curious I'd love to show you how it works: calendly.com/realsideai

Best,
Dylan"
info@bodytreat.ca,Bodytreat Wellness,bodytreat.ca,Massage therapist,Hammonds Plains,For Bodytreat re: missed calls,"Hey there,

I'm a student at Dal here in Halifax, and I've been working on an AI receptionist built for local businesses like Bodytreat Wellness.

I know every missed call during a session is potentially a lost booking. The AI I built picks up every single call, books appointments, and texts clients back if they called after hours.

Would you be open to a quick demo? I promise it's only 10 minutes: calendly.com/realsideai

Dylan"
info@jadorenails.ca,J'adore Nails Salon & Spa,www.jadorenails.ca,Nail salon,Bedford,For J'adore Nails Salon & Spa re: missed calls,"Hi,

My name's Dylan, I'm a Dalhousie student in Halifax building AI for local businesses. I came across J'adore Nails Salon & Spa and thought this might be relevant.

Most nail salons I've talked to deal with double-bookings and no-shows constantly. I built an AI receptionist that picks up every call, books appointments, and re-engages past clients sitting in your system.

No pressure at all, but if you're curious I'd love to show you how it works: calendly.com/realsideai

Best,
Dylan"
joirnails@gmail.com,Joir Nails Studio (Bedford),joirnailstudio.ca,Nail salon,Bedford,Joir Nails Studio (Bedford) + AI (from a Dal student),"Hi,

My name's Dylan, I'm a Dalhousie student in Halifax building AI for local businesses. I came across Joir Nails Studio (Bedford) and thought this might be relevant.

Most nail salons I've talked to deal with double-bookings and no-shows constantly. I built an AI receptionist that picks up every call, books appointments, and re-engages past clients sitting in your system.

No pressure at all, but if you're curious I'd love to show you how it works: calendly.com/realsideai

Best,
Dylan"
info@fourseasonnails.com,FOUR SEASON NAILS Salon & Spa,www.fourseasonnails.co,Nail salon,Bedford,Bedford student with an idea for FOUR SEASON NAILS Salon & Spa,"Hi,

My name's Dylan, I'm a Dalhousie student in Halifax building AI for local businesses. I came across FOUR SEASON NAILS Salon & Spa and thought this might be relevant.

I know the phone never stops ringing at nail salons, especially on weekends. I built an AI receptionist that picks up every call, books appointments, and re-engages past clients sitting in your system.

No pressure at all, but if you're curious I'd love to show you how it works: calendly.com/realsideai

Best,
Dylan"
hello@halifaxprenatalmassage.com,Halifax Prenatal Massage,halifaxprenatalmassage.com,Massage therapist,Halifax,Quick question for Halifax Prenatal Massage,"Hey there,

I'm a student at Dal here in Halifax, and I've been working on an AI receptionist built for local businesses like Halifax Prenatal Massage.

Most massage therapists I've talked to say the phone is their biggest headache since they can't answer mid-session. The AI I built picks up every single call, books appointments, and texts clients back if they called after hours.

Would you be open to a quick demo? I promise it's only 10 minutes: calendly.com/realsideai

Dylan"
salon@deannabeauty.ca,Skin Deep Aesthetics,deannabeauty.ca,Beauty salon,Halifax,"Dal student, quick question for Skin Deep Aesthetics","Hi,

I'm Dylan from Dalhousie University. I've been building AI phone agents specifically for beauty salons in Nova Scotia and wanted to connect with Skin Deep Aesthetics.

Most beauty salons I've talked to lose walk-in and call-in bookings during peak hours. What I've built answers every call, handles scheduling, and can even re-engage old clients who dropped off.

If you're open to it, I'd love 10 minutes to show you: calendly.com/realsideai

Talk soon,
Dylan"
hi@mystore.com,YANA'S VIP NAILS & SPA PEDICURES,yanas-vip-nails-spa-pedicures.square.site,Nail salon,Bedford,YANA'S VIP NAILS & SPA + AI (from a Dal student),"Hi,

My name's Dylan, I'm a Dalhousie student in Halifax building AI for local businesses. I came across YANA'S VIP NAILS & SPA PEDICURES and thought this might be relevant.

Most nail salons I've talked to deal with double-bookings and no-shows constantly. I built an AI receptionist that picks up every call, books appointments, and re-engages past clients sitting in your system.

No pressure at all, but if you're curious I'd love to show you how it works: calendly.com/realsideai

Best,
Dylan"
kristine.corkum@yahoo.ca,Massage Roots Holistic Care,massageroots.ca,Massage therapist,Bedford,Idea for Massage Roots Holistic Care,"Hi,

Quick intro: I'm Dylan, a Dalhousie student building AI tools for local Bedford businesses. Thought Massage Roots Holistic Care might find this interesting.

I know every missed call during a session is potentially a lost booking. I've put together an AI agent that answers calls around the clock, books appointments, and brings back past clients who haven't visited in months.

Worth a quick look? Here's my calendar if so: calendly.com/realsideai

Cheers,
Dylan"
info@elitemedspanh.com,Elite Medical Spa,elitemedspanh.com,Medical spa,Bedford,For Elite Medical Spa re: missed calls,"Hi,

My name's Dylan, I'm a Dalhousie student in Halifax building AI for local businesses. I came across Elite Medical Spa and thought this might be relevant.

I know how competitive the med spa space is in Nova Scotia, and speed-to-lead really matters. I built an AI receptionist that picks up every call, books appointments, and re-engages past clients sitting in your system.

No pressure at all, but if you're curious I'd love to show you how it works: calendly.com/realsideai

Best,
Dylan"
info@thecompassrose.ca,The Compass Rose Health and Wellness Centre,www.thecompassrose.ca,Mental health service,Bedford,"Dal student, quick question for The Compass Rose Health and","Hi,

Quick intro: I'm Dylan, a Dalhousie student building AI tools for local Bedford businesses. Thought The Compass Rose Health and Wellness Centre might find this interesting.

I know mental health practices lose new client inquiries when calls go unanswered during sessions. I've put together an AI agent that answers calls around the clock, books appointments, and brings back past clients who haven't visited in months.

Worth a quick look? Here's my calendar if so: calendly.com/realsideai

Cheers,
Dylan"
larryuteck@massageaddict.ca,Massage Addict Bedford Larry Uteck,www.massageaddict.ca,Massage therapist,Bedford,"Dal student, quick question for Massage Addict Bedford Larry","Hi,

My name's Dylan, I'm a Dalhousie student in Halifax building AI for local businesses. I came across Massage Addict Bedford Larry Uteck and thought this might be relevant.

Most massage therapists I've talked to say the phone is their biggest headache since they can't answer mid-session. I built an AI receptionist that picks up every call, books appointments, and re-engages past clients sitting in your system.

No pressure at all, but if you're curious I'd love to show you how it works: calendly.com/realsideai

Best,
Dylan"
stillwaters.healing2@gmail.com,Stillwaters Healing Inc.,stillwaters-healing.com,Massage therapist,Bedford,Quick question for Stillwaters Healing,"Hi,

I'm Dylan from Dalhousie University. I've been building AI phone agents specifically for massage therapists in Nova Scotia and wanted to connect with Stillwaters Healing Inc..

I know every missed call during a session is potentially a lost booking. What I've built answers every call, handles scheduling, and can even re-engage old clients who dropped off.

If you're open to it, I'd love 10 minutes to show you: calendly.com/realsideai

Talk soon,
Dylan"
marybeth@kneadedbalance.ca,Kneaded Balance Massage & Wellness,kneadedbalancemassage.janeapp.com,Massage therapist,Halifax,"Dal student, quick question for Kneaded Balance Massage &","Hi,

My name's Dylan, I'm a Dalhousie student in Halifax building AI for local businesses. I came across Kneaded Balance Massage & Wellness and thought this might be relevant.

Most massage therapists I've talked to say the phone is their biggest headache since they can't answer mid-session. I built an AI receptionist that picks up every call, books appointments, and re-engages past clients sitting in your system.

No pressure at all, but if you're curious I'd love to show you how it works: calendly.com/realsideai

Best,
Dylan"
info@salonresourcegroup.com,The Head Shoppe - Bedford,www.headshoppe.ca,Beauty salon,Bedford,Bedford student with an idea for The Head Shoppe - Bedford,"Hi,

I'm Dylan from Dalhousie University. I've been building AI phone agents specifically for beauty salons in Nova Scotia and wanted to connect with The Head Shoppe - Bedford.

I know how impossible it is to answer the phone when you're with a client. What I've built answers every call, handles scheduling, and can even re-engage old clients who dropped off.

If you're open to it, I'd love 10 minutes to show you: calendly.com/realsideai

Talk soon,
Dylan"
burnside@novaphysiotherapy.ca,Nova Physiotherapy - Bedford,novaphysiotherapy.ca,Massage therapist,Halifax,"Dal student, quick question for Nova Physiotherapy - Bedford","Hi,

Quick intro: I'm Dylan, a Dalhousie student building AI tools for local Halifax businesses. Thought Nova Physiotherapy - Bedford might find this interesting.

I know every missed call during a session is potentially a lost booking. I've put together an AI agent that answers calls around the clock, books appointments, and brings back past clients who haven't visited in months.

Worth a quick look? Here's my calendar if so: calendly.com/realsideai

Cheers,
Dylan"
connect@the-lifehouse.com,The Lifehouse,www.the-lifehouse.com,Massage therapist,Hammonds Plains,For The Lifehouse re: missed calls,"Hi,

I'm Dylan from Dalhousie University. I've been building AI phone agents specifically for massage therapists in Nova Scotia and wanted to connect with The Lifehouse.

I know every missed call during a session is potentially a lost booking. What I've built answers every call, handles scheduling, and can even re-engage old clients who dropped off.

If you're open to it, I'd love 10 minutes to show you: calendly.com/realsideai

Talk soon,
Dylan"
info@homebodhiwellness.ca,Taylor Hirtle Acupuncture,taylorhirtle-acupuncture.janeapp.com,Acupuncture clinic,Bedford,Taylor Hirtle Acupuncture + AI (from a Dal student),"Hi,

Quick intro: I'm Dylan, a Dalhousie student building AI tools for local Bedford businesses. Thought Taylor Hirtle Acupuncture might find this interesting.

I know acupuncture clinics can't answer the phone during treatments. I've put together an AI agent that answers calls around the clock, books appointments, and brings back past clients who haven't visited in months.

Worth a quick look? Here's my calendar if so: calendly.com/realsideai

Cheers,
Dylan"
hello@vmedical.ca,Valley Medical,www.vmedical.ca,Medical spa,Kentville,Valley Medical + AI (from a Dal student),"Hi,

My name's Dylan, I'm a Dalhousie student in Halifax building AI for local businesses. I came across Valley Medical and thought this might be relevant.

I've been looking at how many Botox and filler inquiries med spas lose to missed after-hours calls. I built an AI receptionist that picks up every call, books appointments, and re-engages past clients sitting in your system.

No pressure at all, but if you're curious I'd love to show you how it works: calendly.com/realsideai

Best,
Dylan"
jiacmd@yahoo.ca,Quality Life Healing Centre,www.acupuncturehalifax.com,Acupuncture clinic,Bedford,Idea for Quality Life Healing,"Hi,

My name's Dylan, I'm a Dalhousie student in Halifax building AI for local businesses. I came across Quality Life Healing Centre and thought this might be relevant.

I know acupuncture clinics can't answer the phone during treatments. I built an AI receptionist that picks up every call, books appointments, and re-engages past clients sitting in your system.

No pressure at all, but if you're curious I'd love to show you how it works: calendly.com/realsideai

Best,
Dylan"
melissadoucettermt@gmail.com,Mella Massage Therapy,mellamassagetherapy.janeapp.com,Massage therapist,Bedford,Quick question for Mella Massage Therapy,"Hey there,

I'm a student at Dal here in Halifax, and I've been working on an AI receptionist built for local businesses like Mella Massage Therapy.

I know every missed call during a session is potentially a lost booking. The AI I built picks up every single call, books appointments, and texts clients back if they called after hours.

Would you be open to a quick demo? I promise it's only 10 minutes: calendly.com/realsideai

Dylan"
jeremy.rhythmic.massage@gmail.com,Rhythmic Massage,sites.google.com,Massage therapist,Lower Sackville,Lower Sackville student with an idea for Rhythmic Massage,"Hey,

I'm a Dalhousie student working on something I think could help Rhythmic Massage.

Most massage therapists I've talked to say the phone is their biggest headache since they can't answer mid-session. I've built an AI that handles your incoming calls 24/7, books appointments into your calendar, and automatically follows up with clients who haven't been in for a while.

Would a quick chat be worth your time? Happy to walk you through it: calendly.com/realsideai

Dylan"
admin@thelalajigroup.com,Lala Ji The Barber Shop Bedford | Best Barber in Bedford,lalajithebarbershop.ca,Hairdresser,Bedford,Lala Ji The Barber Shop + AI (from a Dal student),"Hi,

Quick intro: I'm Dylan, a Dalhousie student building AI tools for local Bedford businesses. Thought Lala Ji The Barber Shop Bedford | Best Barber in Bedford might find this interesting.

I know how hard it is to answer booking calls when you're mid-appointment. I've put together an AI agent that answers calls around the clock, books appointments, and brings back past clients who haven't visited in months.

Worth a quick look? Here's my calendar if so: calendly.com/realsideai

Cheers,
Dylan"
privacypolicyupdates@automattic.com,Tranquility Spa,www.tranquility-spa.ca,Spa,Dartmouth,Saw Tranquility Spa in Dartmouth,"Hey there,

I'm a student at Dal here in Halifax, and I've been working on an AI receptionist built for local businesses like Tranquility Spa.

I know spas lose high-value bookings when after-hours calls go to voicemail. The AI I built picks up every single call, books appointments, and texts clients back if they called after hours.

Would you be open to a quick demo? I promise it's only 10 minutes: calendly.com/realsideai

Dylan"
info@faceclinic.ca,Face Clinic Halifax,faceclinic.ca,Skin care clinic,Halifax,Idea for Face Clinic Halifax,"Hey,

I'm a Dalhousie student working on something I think could help Face Clinic Halifax.

I know skin care clinics lose consultation leads when calls go to voicemail. I've built an AI that handles your incoming calls 24/7, books appointments into your calendar, and automatically follows up with clients who haven't been in for a while.

Would a quick chat be worth your time? Happy to walk you through it: calendly.com/realsideai

Dylan"
violetdayspa@ns.aliantzinc.ca,Violet Spa,www.violetspa.ca,Massage therapist,Dartmouth,Would this help Violet Spa?,"Hi,

I'm Dylan from Dalhousie University. I've been building AI phone agents specifically for massage therapists in Nova Scotia and wanted to connect with Violet Spa.

Most massage therapists I've talked to say the phone is their biggest headache since they can't answer mid-session. What I've built answers every call, handles scheduling, and can even re-engage old clients who dropped off.

If you're open to it, I'd love 10 minutes to show you: calendly.com/realsideai

Talk soon,
Dylan"
blurrdlines11@gmail.com,Blurr'd Lines Med Spa Dartmouth MA,blurrdlines.com,Medical spa,Dartmouth,For Blurr'd Lines Med Spa re: missed calls,"Hi,

Quick intro: I'm Dylan, a Dalhousie student building AI tools for local Dartmouth businesses. Thought Blurr'd Lines Med Spa Dartmouth MA might find this interesting.

Most med spas I've talked to have hundreds of past clients in their CRM who haven't rebooked. I've put together an AI agent that answers calls around the clock, books appointments, and brings back past clients who haven't visited in months.

Worth a quick look? Here's my calendar if so: calendly.com/realsideai

Cheers,
Dylan"
info@basinviewchiropractic.com,Basin View Chiropractic,www.basinviewchiropractic.com,Chiropractor,Bedford,For Basin View re: missed calls,"Hi,

I'm Dylan from Dalhousie University. I've been building AI phone agents specifically for chiropractors in Nova Scotia and wanted to connect with Basin View Chiropractic.

I've been looking at how many new patient calls go to voicemail at chiropractic offices. What I've built answers every call, handles scheduling, and can even re-engage old clients who dropped off.

If you're open to it, I'd love 10 minutes to show you: calendly.com/realsideai

Talk soon,
Dylan"
info@roachchiropractic.com,Roach Chiropractic Centre,www.roachchiropractic.com,Chiropractor,Bedford,For Roach re: missed calls,"Hey there,

I'm a student at Dal here in Halifax, and I've been working on an AI receptionist built for local businesses like Roach Chiropractic Centre.

Most chiro practices I've talked to have past patients who dropped off and never came back. The AI I built picks up every single call, books appointments, and texts clients back if they called after hours.

Would you be open to a quick demo? I promise it's only 10 minutes: calendly.com/realsideai

Dylan"
info@beewellihc.com,Bee Well Integrated Health Centre (IHC),beewellihc.com,Chiropractor,Bedford,Would this help Bee Well Integrated Health?,"Hi there,

I'm Dylan, a student at Dalhousie University here in Halifax. I've been building an AI phone agent for local service businesses and wanted to reach out to Bee Well Integrated Health Centre (IHC).

I know chiropractic offices get slammed with calls between adjustments and it's tough to keep up. So I built something that answers every call 24/7, books appointments, and follows up with past clients automatically.

Would you be open to a quick 10-minute chat to see if it could work for Bee Well Integrated Health? Here's my calendar: calendly.com/realsideai

Cheers,
Dylan"
dart@choicehealthcentre.com,Choice Health Centre,choicehealthcentre.com,Chiropractor,Bedford,"Dal student, quick question for Choice Health","Hey there,

I'm a student at Dal here in Halifax, and I've been working on an AI receptionist built for local businesses like Choice Health Centre.

I've been looking at how many new patient calls go to voicemail at chiropractic offices. The AI I built picks up every single call, books appointments, and texts clients back if they called after hours.

Would you be open to a quick demo? I promise it's only 10 minutes: calendly.com/realsideai

Dylan"
info@hammondchiro.ca,Hammond Chiropractic Health Centre,www.hammondchiro.ca,Chiropractor,Bedford,Saw Hammond Chiropractic Health in Bedford,"Hey there,

I'm a student at Dal here in Halifax, and I've been working on an AI receptionist built for local businesses like Hammond Chiropractic Health Centre.

I know chiropractic offices get slammed with calls between adjustments and it's tough to keep up. The AI I built picks up every single call, books appointments, and texts clients back if they called after hours.

Would you be open to a quick demo? I promise it's only 10 minutes: calendly.com/realsideai

Dylan"
thechiropracticloft@gmail.com,The Chiropractic Loft,chiroloft.com,Chiropractor,Halifax,Idea for The Chiropractic Loft,"Hey,

I'm a Dalhousie student working on something I think could help The Chiropractic Loft.

I know chiropractic offices get slammed with calls between adjustments and it's tough to keep up. I've built an AI that handles your incoming calls 24/7, books appointments into your calendar, and automatically follows up with clients who haven't been in for a while.

Would a quick chat be worth your time? Happy to walk you through it: calendly.com/realsideai

Dylan"
info@maritimechiropractic.ca,Maritime Chiropractic & Wellness,www.maritimechiropractic.ca,Chiropractor,Halifax,Saw Maritime Chiropractic & in Halifax,"Hi,

Quick intro: I'm Dylan, a Dalhousie student building AI tools for local Halifax businesses. Thought Maritime Chiropractic & Wellness might find this interesting.

Most chiro practices I've talked to have past patients who dropped off and never came back. I've put together an AI agent that answers calls around the clock, books appointments, and brings back past clients who haven't visited in months.

Worth a quick look? Here's my calendar if so: calendly.com/realsideai

Cheers,
Dylan"
reception@halifaxchiropractic.ca,Halifax Chiropractic Clinic,www.halifaxchiropractic.ca,Chiropractor,Halifax,Idea for Halifax,"Hi,

Quick intro: I'm Dylan, a Dalhousie student building AI tools for local Halifax businesses. Thought Halifax Chiropractic Clinic might find this interesting.

I've been looking at how many new patient calls go to voicemail at chiropractic offices. I've put together an AI agent that answers calls around the clock, books appointments, and brings back past clients who haven't visited in months.

Worth a quick look? Here's my calendar if so: calendly.com/realsideai

Cheers,
Dylan"
info@claytonparkchiro.ca,Clayton Park Chiropractic Centre,www.claytonparkchiro.ca,Chiropractor,Halifax,"Dal student, quick question for Clayton Park","Hi,

My name's Dylan, I'm a Dalhousie student in Halifax building AI for local businesses. I came across Clayton Park Chiropractic Centre and thought this might be relevant.

I know chiropractic offices get slammed with calls between adjustments and it's tough to keep up. I built an AI receptionist that picks up every call, books appointments, and re-engages past clients sitting in your system.

No pressure at all, but if you're curious I'd love to show you how it works: calendly.com/realsideai

Best,
Dylan"
admin@currentschiro.ca,Currents Chiropractic Studio,currentschiro.ca,Chiropractor,Halifax,Would this help Currents?,"Hi there,

I'm Dylan, a student at Dalhousie University here in Halifax. I've been building an AI phone agent for local service businesses and wanted to reach out to Currents Chiropractic Studio.

Most chiro practices I've talked to have past patients who dropped off and never came back. So I built something that answers every call 24/7, books appointments, and follows up with past clients automatically.

Would you be open to a quick 10-minute chat to see if it could work for Currents? Here's my calendar: calendly.com/realsideai

Cheers,
Dylan"
reception@halifaxchiro.com,Dr. MacAdam & Associates,halifaxchiro.com,Chiropractor,Halifax,Halifax student with an idea for MacAdam &,"Hi,

I'm Dylan from Dalhousie University. I've been building AI phone agents specifically for chiropractors in Nova Scotia and wanted to connect with Dr. MacAdam & Associates.

Most chiro practices I've talked to have past patients who dropped off and never came back. What I've built answers every call, handles scheduling, and can even re-engage old clients who dropped off.

If you're open to it, I'd love 10 minutes to show you: calendly.com/realsideai

Talk soon,
Dylan"
robiechiro@gmail.com,Robie at Spring Garden Chiropractic Clinic,www.robiechiro.com,Chiropractor,Halifax,Robie at Spring Garden + AI (from a Dal student),"Hi there,

I'm Dylan, a student at Dalhousie University here in Halifax. I've been building an AI phone agent for local service businesses and wanted to reach out to Robie at Spring Garden Chiropractic Clinic.

I know chiropractic offices get slammed with calls between adjustments and it's tough to keep up. So I built something that answers every call 24/7, books appointments, and follows up with past clients automatically.

Would you be open to a quick 10-minute chat to see if it could work for Robie at Spring Garden? Here's my calendar: calendly.com/realsideai

Cheers,
Dylan"
info@welchchiropractic.ca,"Dr. Krista Prowse Welch, Halifax Chiropractor @ Welch Chiropractic",www.welchchiropractic.ca,Chiropractor,Halifax,"Saw Krista Prowse Welch, Halifax in Halifax","Hi,

My name's Dylan, I'm a Dalhousie student in Halifax building AI for local businesses. I came across Dr. Krista Prowse Welch, Halifax Chiropractor @ Welch Chiropractic and thought this might be relevant.

I know chiropractic offices get slammed with calls between adjustments and it's tough to keep up. I built an AI receptionist that picks up every call, books appointments, and re-engages past clients sitting in your system.

No pressure at all, but if you're curious I'd love to show you how it works: calendly.com/realsideai

Best,
Dylan"
info@parkwestchiro.ca,Park West Chiropractic - Dr. Shawn Toner,www.parkwestchiro.ca,Chiropractor,Halifax,Would this help Park West Chiropractic - Dr.?,"Hi,

Quick intro: I'm Dylan, a Dalhousie student building AI tools for local Halifax businesses. Thought Park West Chiropractic - Dr. Shawn Toner might find this interesting.

I know chiropractic offices get slammed with calls between adjustments and it's tough to keep up. I've put together an AI agent that answers calls around the clock, books appointments, and brings back past clients who haven't visited in months.

Worth a quick look? Here's my calendar if so: calendly.com/realsideai

Cheers,
Dylan"
privacypolicyupdates@automattic.com,"Revital Wellness - (Chiropractic, Physiotherapy, Massage Therapy)",www.revitalwellness.ca,Chiropractor,Halifax,Halifax student with an idea for Revital Wellness -,"Hi there,

I'm Dylan, a student at Dalhousie University here in Halifax. I've been building an AI phone agent for local service businesses and wanted to reach out to Revital Wellness - (Chiropractic, Physiotherapy, Massage Therapy).

Most chiro practices I've talked to have past patients who dropped off and never came back. So I built something that answers every call 24/7, books appointments, and follows up with past clients automatically.

Would you be open to a quick 10-minute chat to see if it could work for Revital Wellness -? Here's my calendar: calendly.com/realsideai

Cheers,
Dylan"
info@seasidechiropractic.ca,Seaside Chiropractic and Health Centre,www.seasidechiropractic.ca,Chiropractor,Halifax,Would this help Seaside Chiropractic and?,"Hi,

My name's Dylan, I'm a Dalhousie student in Halifax building AI for local businesses. I came across Seaside Chiropractic and Health Centre and thought this might be relevant.

Most chiro practices I've talked to have past patients who dropped off and never came back. I built an AI receptionist that picks up every call, books appointments, and re-engages past clients sitting in your system.

No pressure at all, but if you're curious I'd love to show you how it works: calendly.com/realsideai

Best,
Dylan"
user@domain.com,"MEND|RX Halifax - (Physiotherapy, Massage Therapy, Chiropractic)",www.mendrx.ca,Chiropractor,Halifax,Quick question for MEND|RX Halifax -,"Hey there,

I'm a student at Dal here in Halifax, and I've been working on an AI receptionist built for local businesses like MEND|RX Halifax - (Physiotherapy, Massage Therapy, Chiropractic).

I've been looking at how many new patient calls go to voicemail at chiropractic offices. The AI I built picks up every single call, books appointments, and texts clients back if they called after hours.

Would you be open to a quick demo? I promise it's only 10 minutes: calendly.com/realsideai

Dylan"
office@ourbusiness.com,Armdale Chiropractic Health Centre,www.armdalechiro.ca,Chiropractor,Halifax,Armdale Chiropractic Health + AI (from a Dal student),"Hi,

My name's Dylan, I'm a Dalhousie student in Halifax building AI for local businesses. I came across Armdale Chiropractic Health Centre and thought this might be relevant.

Most chiro practices I've talked to have past patients who dropped off and never came back. I built an AI receptionist that picks up every call, books appointments, and re-engages past clients sitting in your system.

No pressure at all, but if you're curious I'd love to show you how it works: calendly.com/realsideai

Best,
Dylan"
fairviewchiro@eastlink.ca,Fairview Chiropractic & Massage,www.fairviewchiropractic.ca,Chiropractor,Halifax,Quick question for Fairview Chiropractic &,"Hi,

I'm Dylan from Dalhousie University. I've been building AI phone agents specifically for chiropractors in Nova Scotia and wanted to connect with Fairview Chiropractic & Massage.

I know chiropractic offices get slammed with calls between adjustments and it's tough to keep up. What I've built answers every call, handles scheduling, and can even re-engage old clients who dropped off.

If you're open to it, I'd love 10 minutes to show you: calendly.com/realsideai

Talk soon,
Dylan"
ccnmclinics@ccnm.edu,Schad Naturopathic Clinic,ccnmclinics.ca,Naturopathic practitioner,, student with an idea for Schad Naturopathic,"Hey,

I'm a Dalhousie student working on something I think could help Schad Naturopathic Clinic.

I know naturopathic practices miss calls during consultations all the time. I've built an AI that handles your incoming calls 24/7, books appointments into your calendar, and automatically follows up with clients who haven't been in for a while.

Would a quick chat be worth your time? Happy to walk you through it: calendly.com/realsideai

Dylan"
info@chiropractic.ca,Canadian Chiropractic Association,chiropractic.ca,Association / Organization,Toronto,Would this help Canadian Chiropractic?,"Hi,

Quick intro: I'm Dylan, a Dalhousie student building AI tools for local Toronto businesses. Thought Canadian Chiropractic Association might find this interesting.

Most local businesses I've talked to lose new clients just because no one could pick up the phone. I've put together an AI agent that answers calls around the clock, books appointments, and brings back past clients who haven't visited in months.

Worth a quick look? Here's my calendar if so: calendly.com/realsideai

Cheers,
Dylan"
tdcdartmouth@thediscclinic.com,The Disc Clinic Dartmouth,www.thediscclinic.com,Chiropractor,Dartmouth,Would this help The Disc Clinic Dartmouth?,"Hi,

My name's Dylan, I'm a Dalhousie student in Halifax building AI for local businesses. I came across The Disc Clinic Dartmouth and thought this might be relevant.

Most chiro practices I've talked to have past patients who dropped off and never came back. I built an AI receptionist that picks up every call, books appointments, and re-engages past clients sitting in your system.

No pressure at all, but if you're curious I'd love to show you how it works: calendly.com/realsideai

Best,
Dylan"
info@dartmouthsportspine.ca,Dartmouth Sport + Spine,www.dartmouthsportspine.ca,Chiropractor,Dartmouth,Idea for Dartmouth Sport + Spine,"Hi there,

I'm Dylan, a student at Dalhousie University here in Halifax. I've been building an AI phone agent for local service businesses and wanted to reach out to Dartmouth Sport + Spine.

I know chiropractic offices get slammed with calls between adjustments and it's tough to keep up. So I built something that answers every call 24/7, books appointments, and follows up with past clients automatically.

Would you be open to a quick 10-minute chat to see if it could work for Dartmouth Sport + Spine? Here's my calendar: calendly.com/realsideai

Cheers,
Dylan"
chiropracticwoodside@gmail.com,Woodside Chiropractic,woodsidechiropractic.ca,Chiropractor,Dartmouth,Woodside + AI (from a Dal student),"Hey,

I'm a Dalhousie student working on something I think could help Woodside Chiropractic.

Most chiro practices I've talked to have past patients who dropped off and never came back. I've built an AI that handles your incoming calls 24/7, books appointments into your calendar, and automatically follows up with clients who haven't been in for a while.

Would a quick chat be worth your time? Happy to walk you through it: calendly.com/realsideai

Dylan"
reception@pillarsofhealth.ca,Pillars of Health,www.pillarsofhealth.ca,Chiropractor,Dartmouth,Would this help Pillars of Health?,"Hi,

Quick intro: I'm Dylan, a Dalhousie student building AI tools for local Dartmouth businesses. Thought Pillars of Health might find this interesting.

I know chiropractic offices get slammed with calls between adjustments and it's tough to keep up. I've put together an AI agent that answers calls around the clock, books appointments, and brings back past clients who haven't visited in months.

Worth a quick look? Here's my calendar if so: calendly.com/realsideai

Cheers,
Dylan"
info@proactiveperformance.ca,PROactive Health & Performance Centre,www.proactiveperformance.ca,Medical clinic,Dartmouth,Dartmouth student with an idea for PROactive Health & Performance,"Hi,

Quick intro: I'm Dylan, a Dalhousie student building AI tools for local Dartmouth businesses. Thought PROactive Health & Performance Centre might find this interesting.

I know medical clinics deal with overwhelming call volume and patients waiting on hold. I've put together an AI agent that answers calls around the clock, books appointments, and brings back past clients who haven't visited in months.

Worth a quick look? Here's my calendar if so: calendly.com/realsideai

Cheers,
Dylan"
info@symmetrywellnesscentre.ca,Symmetry Wellness Centre,www.symmetrywellnesscentre.ca,Chiropractor,Dartmouth,Would this help Symmetry?,"Hey there,

I'm a student at Dal here in Halifax, and I've been working on an AI receptionist built for local businesses like Symmetry Wellness Centre.

I know chiropractic offices get slammed with calls between adjustments and it's tough to keep up. The AI I built picks up every single call, books appointments, and texts clients back if they called after hours.

Would you be open to a quick demo? I promise it's only 10 minutes: calendly.com/realsideai

Dylan"
tdcdartmouth@thediscclinic.com,The Disc Clinic,thediscclinic.com,Chiropractor,Lake Echo,Quick question for The Disc,"Hi,

I'm Dylan from Dalhousie University. I've been building AI phone agents specifically for chiropractors in Nova Scotia and wanted to connect with The Disc Clinic.

I know chiropractic offices get slammed with calls between adjustments and it's tough to keep up. What I've built answers every call, handles scheduling, and can even re-engage old clients who dropped off.

If you're open to it, I'd love 10 minutes to show you: calendly.com/realsideai

Talk soon,
Dylan"
reception@naturalpathwellness.ca,Natural Path Wellness,www.naturalpathwellness.ca,Chiropractor,Dartmouth,Natural Path + AI (from a Dal student),"Hi there,

I'm Dylan, a student at Dalhousie University here in Halifax. I've been building an AI phone agent for local service businesses and wanted to reach out to Natural Path Wellness.

Most chiro practices I've talked to have past patients who dropped off and never came back. So I built something that answers every call 24/7, books appointments, and follows up with past clients automatically.

Would you be open to a quick 10-minute chat to see if it could work for Natural Path? Here's my calendar: calendly.com/realsideai

Cheers,
Dylan"
info@coastalsportsandwellness.com,Coastal Sports & Wellness - Bedford,coastalsportsandwellness.com,Chiropractor,Bedford,Bedford student with an idea for Coastal Sports & Wellness -,"Hi,

My name's Dylan, I'm a Dalhousie student in Halifax building AI for local businesses. I came across Coastal Sports & Wellness - Bedford and thought this might be relevant.

Most chiro practices I've talked to have past patients who dropped off and never came back. I built an AI receptionist that picks up every call, books appointments, and re-engages past clients sitting in your system.

No pressure at all, but if you're curious I'd love to show you how it works: calendly.com/realsideai

Best,
Dylan"
user@domain.com,Strada Health and Fitness,www.stradahealth.com,Chiropractor,Bedford,"Dal student, quick question for Strada Health and Fitness","Hi,

I'm Dylan from Dalhousie University. I've been building AI phone agents specifically for chiropractors in Nova Scotia and wanted to connect with Strada Health and Fitness.

I've been looking at how many new patient calls go to voicemail at chiropractic offices. What I've built answers every call, handles scheduling, and can even re-engage old clients who dropped off.

If you're open to it, I'd love 10 minutes to show you: calendly.com/realsideai

Talk soon,
Dylan"
privacypolicyupdates@automattic.com,Dr Sasha Zevenhuizen / Birchcove Chiropractic,www.birchcovechiro.ca,Chiropractor,Bedford,"Dal student, quick question for Dr Sasha Zevenhuizen /","Hi,

I'm Dylan from Dalhousie University. I've been building AI phone agents specifically for chiropractors in Nova Scotia and wanted to connect with Dr Sasha Zevenhuizen / Birchcove Chiropractic.

I've been looking at how many new patient calls go to voicemail at chiropractic offices. What I've built answers every call, handles scheduling, and can even re-engage old clients who dropped off.

If you're open to it, I'd love 10 minutes to show you: calendly.com/realsideai

Talk soon,
Dylan"
info@atlanticchiropractic.ca,Atlantic Chiropractic,www.atlanticchiropractic.ca,Chiropractor,Hammonds Plains,Would this help Atlantic?,"Hey,

I'm a Dalhousie student working on something I think could help Atlantic Chiropractic.

I've been looking at how many new patient calls go to voicemail at chiropractic offices. I've built an AI that handles your incoming calls 24/7, books appointments into your calendar, and automatically follows up with clients who haven't been in for a while.

Would a quick chat be worth your time? Happy to walk you through it: calendly.com/realsideai

Dylan"
hello@mythrivechiro.ca,Thrive Family Chiropractic,mythrivechiro.ca,Chiropractor,Lower Sackville,Idea for Thrive Family,"Hey there,

I'm a student at Dal here in Halifax, and I've been working on an AI receptionist built for local businesses like Thrive Family Chiropractic.

Most chiro practices I've talked to have past patients who dropped off and never came back. The AI I built picks up every single call, books appointments, and texts clients back if they called after hours.

Would you be open to a quick demo? I promise it's only 10 minutes: calendly.com/realsideai

Dylan"
info@scotiaphysiotherapy.ca,Scotia Physiotherapy,scotiaphysiotherapy.ca,Physical therapist,Halifax,For Scotia Physiotherapy re: missed calls,"Hey,

I'm a Dalhousie student working on something I think could help Scotia Physiotherapy.

Most physio practices I've talked to struggle with patients not scheduling their follow-ups. I've built an AI that handles your incoming calls 24/7, books appointments into your calendar, and automatically follows up with clients who haven't been in for a while.

Would a quick chat be worth your time? Happy to walk you through it: calendly.com/realsideai

Dylan"
universityphysio@ns.aliantzinc.ca,University Physiotherapy Inc,www.universityphysiotherapy.com,Physical therapy clinic,Halifax,University Physiotherapy + AI (from a Dal student),"Hey,

I'm a Dalhousie student working on something I think could help University Physiotherapy Inc.

I know PT clinics lose referral patients when intake calls go to voicemail. I've built an AI that handles your incoming calls 24/7, books appointments into your calendar, and automatically follows up with clients who haven't been in for a while.

Would a quick chat be worth your time? Happy to walk you through it: calendly.com/realsideai

Dylan"
saint.marys@lifemark.ca,Lifemark Sport Saint Mary's,www.lifemark.ca,Physical therapist,Halifax,Saw Lifemark Sport Saint Mary's in Halifax,"Hi,

Quick intro: I'm Dylan, a Dalhousie student building AI tools for local Halifax businesses. Thought Lifemark Sport Saint Mary's might find this interesting.

Most physio practices I've talked to struggle with patients not scheduling their follow-ups. I've put together an AI agent that answers calls around the clock, books appointments, and brings back past clients who haven't visited in months.

Worth a quick look? Here's my calendar if so: calendly.com/realsideai

Cheers,
Dylan"
info@keyphysio.com,KEY Physiotherapy & Rehabilitation Centre,keyphysio.com,Physical therapist,Halifax,KEY Physiotherapy & + AI (from a Dal student),"Hi there,

I'm Dylan, a student at Dalhousie University here in Halifax. I've been building an AI phone agent for local service businesses and wanted to reach out to KEY Physiotherapy & Rehabilitation Centre.

I know PT clinics lose referral patients when intake calls go to voicemail. So I built something that answers every call 24/7, books appointments, and follows up with past clients automatically.

Would you be open to a quick 10-minute chat to see if it could work for KEY Physiotherapy &? Here's my calendar: calendly.com/realsideai

Cheers,
Dylan"
cpphysio@bellaliant.com,Clayton Park Physiotherapy,www.claytonparkphysio.com,Physical therapist,Halifax,Quick question for Clayton Park Physiotherapy,"Hi,

I'm Dylan from Dalhousie University. I've been building AI phone agents specifically for physical therapists in Nova Scotia and wanted to connect with Clayton Park Physiotherapy.

Most physio practices I've talked to struggle with patients not scheduling their follow-ups. What I've built answers every call, handles scheduling, and can even re-engage old clients who dropped off.

If you're open to it, I'd love 10 minutes to show you: calendly.com/realsideai

Talk soon,
Dylan"
helpdesk@dal.ca,Dalhousie Physiotherapy Clinic,www.dal.ca,Physical therapist,Halifax,Idea for Dalhousie Physiotherapy,"Hey,

I'm a Dalhousie student working on something I think could help Dalhousie Physiotherapy Clinic.

I know PT clinics lose referral patients when intake calls go to voicemail. I've built an AI that handles your incoming calls 24/7, books appointments into your calendar, and automatically follows up with clients who haven't been in for a while.

Would a quick chat be worth your time? Happy to walk you through it: calendly.com/realsideai

Dylan"
admin@121wellness.ca,One to One Wellness Centre,www.121wellness.ca,Physical therapist,Halifax,One to One + AI (from a Dal student),"Hey there,

I'm a student at Dal here in Halifax, and I've been working on an AI receptionist built for local businesses like One to One Wellness Centre.

I know PT clinics lose referral patients when intake calls go to voicemail. The AI I built picks up every single call, books appointments, and texts clients back if they called after hours.

Would you be open to a quick demo? I promise it's only 10 minutes: calendly.com/realsideai

Dylan"
info@spryfieldphysiotherapy.ca,Spryfield Physiotherapy,spryfieldphysiotherapy.ca,Physical therapist,Halifax,Idea for Spryfield Physiotherapy,"Hey there,

I'm a student at Dal here in Halifax, and I've been working on an AI receptionist built for local businesses like Spryfield Physiotherapy.

I know PT clinics lose referral patients when intake calls go to voicemail. The AI I built picks up every single call, books appointments, and texts clients back if they called after hours.

Would you be open to a quick demo? I promise it's only 10 minutes: calendly.com/realsideai

Dylan"
contact@citadelphysio.com,Citadel Physiotherapy Clinic,citadelphysio.com,Physical therapist,Halifax,Idea for Citadel Physiotherapy,"Hi,

I'm Dylan from Dalhousie University. I've been building AI phone agents specifically for physical therapists in Nova Scotia and wanted to connect with Citadel Physiotherapy Clinic.

I know PT clinics lose referral patients when intake calls go to voicemail. What I've built answers every call, handles scheduling, and can even re-engage old clients who dropped off.

If you're open to it, I'd love 10 minutes to show you: calendly.com/realsideai

Talk soon,
Dylan"
info@accelhealth.ca,ACCEL Health and Sport Performance Centre,accelhealth.ca,Physical therapist,Halifax,Would this help ACCEL Health and Sport?,"Hey,

I'm a Dalhousie student working on something I think could help ACCEL Health and Sport Performance Centre.

Most physio practices I've talked to struggle with patients not scheduling their follow-ups. I've built an AI that handles your incoming calls 24/7, books appointments into your calendar, and automatically follows up with clients who haven't been in for a while.

Would a quick chat be worth your time? Happy to walk you through it: calendly.com/realsideai

Dylan"
admin@synergyphysiopilates.ca,Synergy Physiotherapy + Pilates,www.synergyphysiopilates.ca,Physical therapist,Halifax,Idea for Synergy Physiotherapy +,"Hey there,

I'm a student at Dal here in Halifax, and I've been working on an AI receptionist built for local businesses like Synergy Physiotherapy + Pilates.

Most physio practices I've talked to struggle with patients not scheduling their follow-ups. The AI I built picks up every single call, books appointments, and texts clients back if they called after hours.

Would you be open to a quick demo? I promise it's only 10 minutes: calendly.com/realsideai

Dylan"
info@movephysio.ca,MOVE Physiotherapy,www.movephysio.ca,Physical therapist,Bedford,Would this help MOVE Physiotherapy?,"Hey,

I'm a Dalhousie student working on something I think could help MOVE Physiotherapy.

I know PT clinics lose referral patients when intake calls go to voicemail. I've built an AI that handles your incoming calls 24/7, books appointments into your calendar, and automatically follows up with clients who haven't been in for a while.

Would a quick chat be worth your time? Happy to walk you through it: calendly.com/realsideai

Dylan"
info@balance360health.ca,Balance 360 Health | Vestibular Physiotherapy Bedford,balance360health.ca,Physical therapy clinic,Bedford,For Balance 360 Health | re: missed calls,"Hey,

I'm a Dalhousie student working on something I think could help Balance 360 Health | Vestibular Physiotherapy Bedford.

Most physiotherapy clinics I've talked to have patients dropping off after their first few visits. I've built an AI that handles your incoming calls 24/7, books appointments into your calendar, and automatically follows up with clients who haven't been in for a while.

Would a quick chat be worth your time? Happy to walk you through it: calendly.com/realsideai

Dylan"
admin@catalystphysio.ca,Catalyst Physiotherapy,www.catalystphysio.ca,Physical therapist,Bedford,Catalyst Physiotherapy + AI (from a Dal student),"Hi there,

I'm Dylan, a student at Dalhousie University here in Halifax. I've been building an AI phone agent for local service businesses and wanted to reach out to Catalyst Physiotherapy.

I know PT clinics lose referral patients when intake calls go to voicemail. So I built something that answers every call 24/7, books appointments, and follows up with past clients automatically.

Would you be open to a quick 10-minute chat to see if it could work for Catalyst Physiotherapy? Here's my calendar: calendly.com/realsideai

Cheers,
Dylan"
info@bedfordhealthcentre.com,Bedford Health Centre,www.bedfordhealthcentre.com,Physical therapist,Bedford,Idea for Bedford Health,"Hey there,

I'm a student at Dal here in Halifax, and I've been working on an AI receptionist built for local businesses like Bedford Health Centre.

Most physio practices I've talked to struggle with patients not scheduling their follow-ups. The AI I built picks up every single call, books appointments, and texts clients back if they called after hours.

Would you be open to a quick demo? I promise it's only 10 minutes: calendly.com/realsideai

Dylan"
info@apexorthorehab.ca,Apex Orthopaedic Rehabilitation,apexorthorehab.ca,Physical therapist,Bedford,Apex Orthopaedic + AI (from a Dal student),"Hi there,

I'm Dylan, a student at Dalhousie University here in Halifax. I've been building an AI phone agent for local service businesses and wanted to reach out to Apex Orthopaedic Rehabilitation.

Most physio practices I've talked to struggle with patients not scheduling their follow-ups. So I built something that answers every call 24/7, books appointments, and follows up with past clients automatically.

Would you be open to a quick 10-minute chat to see if it could work for Apex Orthopaedic? Here's my calendar: calendly.com/realsideai

Cheers,
Dylan"
info@pelvico.ca,Pelvico Health Centre (Bedford),pelvico.ca,Physical therapy clinic,Bedford,Saw Pelvico Health Centre in Bedford,"Hey there,

I'm a student at Dal here in Halifax, and I've been working on an AI receptionist built for local businesses like Pelvico Health Centre (Bedford).

I know PT clinics lose referral patients when intake calls go to voicemail. The AI I built picks up every single call, books appointments, and texts clients back if they called after hours.

Would you be open to a quick demo? I promise it's only 10 minutes: calendly.com/realsideai

Dylan"
nshealthparking@nshealth.ca,Rehabilitation Centre,www.nshealth.ca,Rehabilitation center,Halifax,Idea for Rehabilitation,"Hey,

I'm a Dalhousie student working on something I think could help Rehabilitation Centre.

I've been researching how many potential clients local businesses lose to missed calls and slow follow-up. I've built an AI that handles your incoming calls 24/7, books appointments into your calendar, and automatically follows up with clients who haven't been in for a while.

Would a quick chat be worth your time? Happy to walk you through it: calendly.com/realsideai

Dylan"
info@fortept.ca,Forte Physical Therapy,www.fortept.ca,Physical therapy clinic,Halifax,Forte Physical Therapy + AI (from a Dal student),"Hi,

I'm Dylan from Dalhousie University. I've been building AI phone agents specifically for physical therapy clinics in Nova Scotia and wanted to connect with Forte Physical Therapy.

I know PT clinics lose referral patients when intake calls go to voicemail. What I've built answers every call, handles scheduling, and can even re-engage old clients who dropped off.

If you're open to it, I'd love 10 minutes to show you: calendly.com/realsideai

Talk soon,
Dylan"
snclinic@halifaxhumanesociety.org,Halifax Humane Society Spay & Neuter Clinic,www.halifaxhumanesociety.org,Veterinarian,Daytona Beach,"Dal student, quick question for Halifax Humane Society Spay &","Hi there,

I'm Dylan, a student at Dalhousie University here in Halifax. I've been building an AI phone agent for local service businesses and wanted to reach out to Halifax Humane Society Spay & Neuter Clinic.

I've been researching how many potential clients local businesses lose to missed calls and slow follow-up. So I built something that answers every call 24/7, books appointments, and follows up with past clients automatically.

Would you be open to a quick 10-minute chat to see if it could work for Halifax Humane Society Spay &? Here's my calendar: calendly.com/realsideai

Cheers,
Dylan"
impallari@gmail.com,Meghan Maguire Physiotherapy,mmphysiotherapy.ca,Physical therapist,Dartmouth,Idea for Meghan Maguire Physiotherapy,"Hi,

I'm Dylan from Dalhousie University. I've been building AI phone agents specifically for physical therapists in Nova Scotia and wanted to connect with Meghan Maguire Physiotherapy.

Most physio practices I've talked to struggle with patients not scheduling their follow-ups. What I've built answers every call, handles scheduling, and can even re-engage old clients who dropped off.

If you're open to it, I'd love 10 minutes to show you: calendly.com/realsideai

Talk soon,
Dylan"
admin@chphysio.ca,Cole Harbour Physio & Rehab,www.coleharbourphysio.ca,Physical therapy clinic,Dartmouth,Cole Harbour Physio & Rehab + AI (from a Dal student),"Hey,

I'm a Dalhousie student working on something I think could help Cole Harbour Physio & Rehab.

Most physiotherapy clinics I've talked to have patients dropping off after their first few visits. I've built an AI that handles your incoming calls 24/7, books appointments into your calendar, and automatically follows up with clients who haven't been in for a while.

Would a quick chat be worth your time? Happy to walk you through it: calendly.com/realsideai

Dylan"
contact@citadelphysio.com,Citadel Physiotherapy,www.citadelphysio.com,Physical therapist,Dartmouth,Saw Citadel Physiotherapy in Dartmouth,"Hi,

Quick intro: I'm Dylan, a Dalhousie student building AI tools for local Dartmouth businesses. Thought Citadel Physiotherapy might find this interesting.

Most physio practices I've talked to struggle with patients not scheduling their follow-ups. I've put together an AI agent that answers calls around the clock, books appointments, and brings back past clients who haven't visited in months.

Worth a quick look? Here's my calendar if so: calendly.com/realsideai

Cheers,
Dylan"
info@maritimephysio.ca,Maritime Physiotherapy Ltd,maritimephysio.ca,Physical therapist,Dartmouth,Maritime Physiotherapy + AI (from a Dal student),"Hey there,

I'm a student at Dal here in Halifax, and I've been working on an AI receptionist built for local businesses like Maritime Physiotherapy Ltd.

I know PT clinics lose referral patients when intake calls go to voicemail. The AI I built picks up every single call, books appointments, and texts clients back if they called after hours.

Would you be open to a quick demo? I promise it's only 10 minutes: calendly.com/realsideai

Dylan"
info@physiomatters.ca,PhysioMatters Dartmouth Physiotherapy (Keltie Cheney),www.physiomatters.ca,Physical therapist,Dartmouth,For PhysioMatters Dartmouth re: missed calls,"Hi,

My name's Dylan, I'm a Dalhousie student in Halifax building AI for local businesses. I came across PhysioMatters Dartmouth Physiotherapy (Keltie Cheney) and thought this might be relevant.

Most physio practices I've talked to struggle with patients not scheduling their follow-ups. I built an AI receptionist that picks up every call, books appointments, and re-engages past clients sitting in your system.

No pressure at all, but if you're curious I'd love to show you how it works: calendly.com/realsideai

Best,
Dylan"
info@protxservices.ca,PROTx Caldwell Road,protxservices.ca,Physical therapist,Dartmouth,Would this help PROTx Caldwell Road?,"Hey,

I'm a Dalhousie student working on something I think could help PROTx Caldwell Road.

Most physio practices I've talked to struggle with patients not scheduling their follow-ups. I've built an AI that handles your incoming calls 24/7, books appointments into your calendar, and automatically follows up with clients who haven't been in for a while.

Would a quick chat be worth your time? Happy to walk you through it: calendly.com/realsideai

Dylan"
admin@zoomershealth.ca,Zoomers Physiotherapy & Health Solutions,zoomershealth.ca,Physical therapist,Halifax,For Zoomers Physiotherapy & re: missed calls,"Hi there,

I'm Dylan, a student at Dalhousie University here in Halifax. I've been building an AI phone agent for local service businesses and wanted to reach out to Zoomers Physiotherapy & Health Solutions.

I know PT clinics lose referral patients when intake calls go to voicemail. So I built something that answers every call 24/7, books appointments, and follows up with past clients automatically.

Would you be open to a quick 10-minute chat to see if it could work for Zoomers Physiotherapy &? Here's my calendar: calendly.com/realsideai

Cheers,
Dylan"
admin@eastcoastphysio.ca,East Coast Physio Limited,www.eastcoastphysio.ca,Physical therapist,Dartmouth,"Dal student, quick question for East Coast Physio Limited","Hi,

I'm Dylan from Dalhousie University. I've been building AI phone agents specifically for physical therapists in Nova Scotia and wanted to connect with East Coast Physio Limited.

Most physio practices I've talked to struggle with patients not scheduling their follow-ups. What I've built answers every call, handles scheduling, and can even re-engage old clients who dropped off.

If you're open to it, I'd love 10 minutes to show you: calendly.com/realsideai

Talk soon,
Dylan"
info@parkwestphysio.ca,Park West Physiotherapy,parkwestphysio.ca,Physical therapist,Bedford,For Park West Physiotherapy re: missed calls,"Hi there,

I'm Dylan, a student at Dalhousie University here in Halifax. I've been building an AI phone agent for local service businesses and wanted to reach out to Park West Physiotherapy.

I know PT clinics lose referral patients when intake calls go to voicemail. So I built something that answers every call 24/7, books appointments, and follows up with past clients automatically.

Would you be open to a quick 10-minute chat to see if it could work for Park West Physiotherapy? Here's my calendar: calendly.com/realsideai

Cheers,
Dylan"
info@bedfordeyecarecentre.ca,Bedford Eye Care,www.bedfordeyecarecentre.ca,Optometrist,Bedford,Quick question for Bedford Eye Care,"Hi,

My name's Dylan, I'm a Dalhousie student in Halifax building AI for local businesses. I came across Bedford Eye Care and thought this might be relevant.

I know optometry clinics get overwhelmed with appointment calls, especially during exam season. I built an AI receptionist that picks up every call, books appointments, and re-engages past clients sitting in your system.

No pressure at all, but if you're curious I'd love to show you how it works: calendly.com/realsideai

Best,
Dylan"
info@3for1glassesoakville.ca,Eyes On Bedford,www.3for1glasseshalifax.com,Optometrist,Bedford,Would this help Eyes On Bedford?,"Hi there,

I'm Dylan, a student at Dalhousie University here in Halifax. I've been building an AI phone agent for local service businesses and wanted to reach out to Eyes On Bedford.

Most eye care practices I've talked to struggle with annual recall reminders falling through the cracks. So I built something that answers every call 24/7, books appointments, and follows up with past clients automatically.

Would you be open to a quick 10-minute chat to see if it could work for Eyes On Bedford? Here's my calendar: calendly.com/realsideai

Cheers,
Dylan"
bedford.ninemiledrive@fyidoctors.com,FYidoctors - Bedford - Nine Mile Drive,fyidoctors.com,Optometrist,Bedford,Would this help FYidoctors - Bedford - Nine?,"Hi there,

I'm Dylan, a student at Dalhousie University here in Halifax. I've been building an AI phone agent for local service businesses and wanted to reach out to FYidoctors - Bedford - Nine Mile Drive.

I know optometry clinics get overwhelmed with appointment calls, especially during exam season. So I built something that answers every call 24/7, books appointments, and follows up with past clients automatically.

Would you be open to a quick 10-minute chat to see if it could work for FYidoctors - Bedford - Nine? Here's my calendar: calendly.com/realsideai

Cheers,
Dylan"
info@muiseoptometry.ca,"Dr. France Muise, Optometry Ltd.",www.muiseoptometry.ca,Optometrist,Lower Sackville,"Saw France Muise, in Lower Sackville","Hey there,

I'm a student at Dal here in Halifax, and I've been working on an AI receptionist built for local businesses like Dr. France Muise, Optometry Ltd..

Most eye care practices I've talked to struggle with annual recall reminders falling through the cracks. The AI I built picks up every single call, books appointments, and texts clients back if they called after hours.

Would you be open to a quick demo? I promise it's only 10 minutes: calendly.com/realsideai

Dylan"
privacypolicyupdates@automattic.com,Ashley Taweel Optometrist inc.,sackvilleoptometry.ca,Optometrist,Lower Sackville,"Dal student, quick question for Ashley Taweel Optometrist inc.","Hi,

Quick intro: I'm Dylan, a Dalhousie student building AI tools for local Lower Sackville businesses. Thought Ashley Taweel Optometrist inc. might find this interesting.

Most eye care practices I've talked to struggle with annual recall reminders falling through the cracks. I've put together an AI agent that answers calls around the clock, books appointments, and brings back past clients who haven't visited in months.

Worth a quick look? Here's my calendar if so: calendly.com/realsideai

Cheers,
Dylan"
eyecare@coleharbouroptometry.ca,Cole Harbour Optometry,www.coleharbouroptometry.ca,Optometrist,Dartmouth,Dartmouth student with an idea for Cole Harbour,"Hey,

I'm a Dalhousie student working on something I think could help Cole Harbour Optometry.

I know optometry clinics get overwhelmed with appointment calls, especially during exam season. I've built an AI that handles your incoming calls 24/7, books appointments into your calendar, and automatically follows up with clients who haven't been in for a while.

Would a quick chat be worth your time? Happy to walk you through it: calendly.com/realsideai

Dylan"
ljb@leojbeazley.com,Eye World Ltd.,www.eyeworld.ca,Eye care center,Dartmouth,Would this help Eye World?,"Hi,

My name's Dylan, I'm a Dalhousie student in Halifax building AI for local businesses. I came across Eye World Ltd. and thought this might be relevant.

I know eye care centres juggle walk-ins and phone calls at the same time. I built an AI receptionist that picks up every call, books appointments, and re-engages past clients sitting in your system.

No pressure at all, but if you're curious I'd love to show you how it works: calendly.com/realsideai

Best,
Dylan"
v_arrow-1@4x-8.png,Vogue Optical,vogueoptical.com,Eye care center,Dartmouth,Idea for Vogue Optical,"Hi there,

I'm Dylan, a student at Dalhousie University here in Halifax. I've been building an AI phone agent for local service businesses and wanted to reach out to Vogue Optical.

I know eye care centres juggle walk-ins and phone calls at the same time. So I built something that answers every call 24/7, books appointments, and follows up with past clients automatically.

Would you be open to a quick 10-minute chat to see if it could work for Vogue Optical? Here's my calendar: calendly.com/realsideai

Cheers,
Dylan"
info@insightoptometry.com,Insight Optometry,insightoptometry.com,Optometrist,Halifax,"Dal student, quick question for Insight","Hi,

My name's Dylan, I'm a Dalhousie student in Halifax building AI for local businesses. I came across Insight Optometry and thought this might be relevant.

Most eye care practices I've talked to struggle with annual recall reminders falling through the cracks. I built an AI receptionist that picks up every call, books appointments, and re-engages past clients sitting in your system.

No pressure at all, but if you're curious I'd love to show you how it works: calendly.com/realsideai

Best,
Dylan"
info@oscarwylee.com,Oscar Wylee - Halifax,oscarwylee.ca,Optometrist,Halifax,Quick question for Oscar Wylee - Halifax,"Hi,

My name's Dylan, I'm a Dalhousie student in Halifax building AI for local businesses. I came across Oscar Wylee - Halifax and thought this might be relevant.

Most eye care practices I've talked to struggle with annual recall reminders falling through the cracks. I built an AI receptionist that picks up every call, books appointments, and re-engages past clients sitting in your system.

No pressure at all, but if you're curious I'd love to show you how it works: calendly.com/realsideai

Best,
Dylan"
info@atlanticeyecentre.ca,Atlantic Eye Centre,www.atlanticeyecentre.ca,Optometrist,Halifax,Atlantic Eye + AI (from a Dal student),"Hey there,

I'm a student at Dal here in Halifax, and I've been working on an AI receptionist built for local businesses like Atlantic Eye Centre.

Most eye care practices I've talked to struggle with annual recall reminders falling through the cracks. The AI I built picks up every single call, books appointments, and texts clients back if they called after hours.

Would you be open to a quick demo? I promise it's only 10 minutes: calendly.com/realsideai

Dylan"
info@gaudetoptical.com,Gaudet Optical Ltd.,www.gaudetoptical.com,Optician,Halifax,Idea for Gaudet Optical,"Hi,

I'm Dylan from Dalhousie University. I've been building AI phone agents specifically for opticians in Nova Scotia and wanted to connect with Gaudet Optical Ltd..

I've been researching how many potential clients local businesses lose to missed calls and slow follow-up. What I've built answers every call, handles scheduling, and can even re-engage old clients who dropped off.

If you're open to it, I'd love 10 minutes to show you: calendly.com/realsideai

Talk soon,
Dylan"
user@domain.com,Eadie Eye Centre,www.eadieeyecentre.com,Eye care center,Halifax,Halifax student with an idea for Eadie Eye,"Hey,

I'm a Dalhousie student working on something I think could help Eadie Eye Centre.

I know eye care centres juggle walk-ins and phone calls at the same time. I've built an AI that handles your incoming calls 24/7, books appointments into your calendar, and automatically follows up with clients who haven't been in for a while.

Would a quick chat be worth your time? Happy to walk you through it: calendly.com/realsideai

Dylan"
fivecornerswellness@hotmail.com,Five Corners Wellness Centre,www.fivecornerswellness.com,Osteopath,Dartmouth,"Dal student, quick question for Five Corners","Hey there,

I'm a student at Dal here in Halifax, and I've been working on an AI receptionist built for local businesses like Five Corners Wellness Centre.

I know osteopathic practices miss calls during treatments all the time. The AI I built picks up every single call, books appointments, and texts clients back if they called after hours.

Would you be open to a quick demo? I promise it's only 10 minutes: calendly.com/realsideai

Dylan"
info@casaromawellness.com,Casaroma Wellness Centre,www.casaromawellness.com,Wellness center,Dartmouth,Would this help Casaroma?,"Hi,

My name's Dylan, I'm a Dalhousie student in Halifax building AI for local businesses. I came across Casaroma Wellness Centre and thought this might be relevant.

I know wellness centres lose a lot of first-time clients when calls go unanswered. I built an AI receptionist that picks up every call, books appointments, and re-engages past clients sitting in your system.

No pressure at all, but if you're curious I'd love to show you how it works: calendly.com/realsideai

Best,
Dylan"
info@watershedwellness.ca,Watershed Wellness,watershedwellnesshfx.com,Wellness center,Halifax,Idea for Watershed,"Hi,

My name's Dylan, I'm a Dalhousie student in Halifax building AI for local businesses. I came across Watershed Wellness and thought this might be relevant.

I know wellness centres lose a lot of first-time clients when calls go unanswered. I built an AI receptionist that picks up every call, books appointments, and re-engages past clients sitting in your system.

No pressure at all, but if you're curious I'd love to show you how it works: calendly.com/realsideai

Best,
Dylan"
info@evolveintegratedhealth.com,Evolve Integrated Health,www.evolveintegratedhealth.com,Wellness center,Halifax,Would this help Evolve Integrated Health?,"Hi,

Quick intro: I'm Dylan, a Dalhousie student building AI tools for local Halifax businesses. Thought Evolve Integrated Health might find this interesting.

I know wellness centres lose a lot of first-time clients when calls go unanswered. I've put together an AI agent that answers calls around the clock, books appointments, and brings back past clients who haven't visited in months.

Worth a quick look? Here's my calendar if so: calendly.com/realsideai

Cheers,
Dylan"
info@terradynewellness.ca,Terradyne Wellness,terradynewellness.ca,Addiction treatment center,Beaver Bank,Terradyne + AI (from a Dal student),"Hi,

I'm Dylan from Dalhousie University. I've been building AI phone agents specifically for addiction treatment centers in Nova Scotia and wanted to connect with Terradyne Wellness.

Most local businesses I've talked to lose new clients just because no one could pick up the phone. What I've built answers every call, handles scheduling, and can even re-engage old clients who dropped off.

If you're open to it, I'd love 10 minutes to show you: calendly.com/realsideai

Talk soon,
Dylan"
nicole@stopthebloodsugarspiral.com,Cabrita Health (FKA) Eat Well Nova Scotia,cabritahealth.com,Wellness center,Halifax,Halifax student with an idea for Cabrita Health (FKA) Eat Well,"Hi,

Quick intro: I'm Dylan, a Dalhousie student building AI tools for local Halifax businesses. Thought Cabrita Health (FKA) Eat Well Nova Scotia might find this interesting.

I know wellness centres lose a lot of first-time clients when calls go unanswered. I've put together an AI agent that answers calls around the clock, books appointments, and brings back past clients who haven't visited in months.

Worth a quick look? Here's my calendar if so: calendly.com/realsideai

Cheers,
Dylan"
user@domain.com,Lakehouse Salon & Wellness Centre,www.lakehousesalon.com,Wellness center,Dartmouth,Idea for Lakehouse Salon &,"Hi there,

I'm Dylan, a student at Dalhousie University here in Halifax. I've been building an AI phone agent for local service businesses and wanted to reach out to Lakehouse Salon & Wellness Centre.

Most wellness businesses I've talked to struggle to get one-time visitors to rebook. So I built something that answers every call 24/7, books appointments, and follows up with past clients automatically.

Would you be open to a quick 10-minute chat to see if it could work for Lakehouse Salon &? Here's my calendar: calendly.com/realsideai

Cheers,
Dylan"
ask.thepractice@gmail.com,The Practice: Yoga & Mindful Movement,practicemovement.ca,Wellness center,Dartmouth,Quick question for The Practice: Yoga & Mindful,"Hey,

I'm a Dalhousie student working on something I think could help The Practice: Yoga & Mindful Movement.

Most wellness businesses I've talked to struggle to get one-time visitors to rebook. I've built an AI that handles your incoming calls 24/7, books appointments into your calendar, and automatically follows up with clients who haven't been in for a while.

Would a quick chat be worth your time? Happy to walk you through it: calendly.com/realsideai

Dylan"
user@domain.com,Local Body Wellness,www.localbody.ca,Massage therapist,Dartmouth,Idea for Local Body,"Hi,

Quick intro: I'm Dylan, a Dalhousie student building AI tools for local Dartmouth businesses. Thought Local Body Wellness might find this interesting.

I know every missed call during a session is potentially a lost booking. I've put together an AI agent that answers calls around the clock, books appointments, and brings back past clients who haven't visited in months.

Worth a quick look? Here's my calendar if so: calendly.com/realsideai

Cheers,
Dylan"
emmasmileyrmt@gmail.com,Flow Integrated Therapy: Yoga & Massage,www.ebbandflowns.com,Wellness center,Dartmouth,Saw Flow Integrated Therapy: Yoga in Dartmouth,"Hey there,

I'm a student at Dal here in Halifax, and I've been working on an AI receptionist built for local businesses like Flow Integrated Therapy: Yoga & Massage.

I know wellness centres lose a lot of first-time clients when calls go unanswered. The AI I built picks up every single call, books appointments, and texts clients back if they called after hours.

Would you be open to a quick demo? I promise it's only 10 minutes: calendly.com/realsideai

Dylan"
lesley@embodhi.ca,Embodhi Self-Healing,www.embodhi.ca,Wellness center,Dartmouth,Idea for Embodhi Self-Healing,"Hey there,

I'm a student at Dal here in Halifax, and I've been working on an AI receptionist built for local businesses like Embodhi Self-Healing.

Most wellness businesses I've talked to struggle to get one-time visitors to rebook. The AI I built picks up every single call, books appointments, and texts clients back if they called after hours.

Would you be open to a quick demo? I promise it's only 10 minutes: calendly.com/realsideai

Dylan"
info@inariwellness.com,Inari Wellness,www.inariwellness.com,Acupuncturist,Dartmouth,"Dal student, quick question for Inari","Hi,

My name's Dylan, I'm a Dalhousie student in Halifax building AI for local businesses. I came across Inari Wellness and thought this might be relevant.

Most local businesses I've talked to lose new clients just because no one could pick up the phone. I built an AI receptionist that picks up every call, books appointments, and re-engages past clients sitting in your system.

No pressure at all, but if you're curious I'd love to show you how it works: calendly.com/realsideai

Best,
Dylan"
user@domain.com,The Perinatal Wellness Centre,www.theperinatalwellnesscentre.com,Pregnancy care center,Dartmouth,Would this help The Perinatal?,"Hi there,

I'm Dylan, a student at Dalhousie University here in Halifax. I've been building an AI phone agent for local service businesses and wanted to reach out to The Perinatal Wellness Centre.

Most local businesses I've talked to lose new clients just because no one could pick up the phone. So I built something that answers every call 24/7, books appointments, and follows up with past clients automatically.

Would you be open to a quick 10-minute chat to see if it could work for The Perinatal? Here's my calendar: calendly.com/realsideai

Cheers,
Dylan"
physiocheri@yahoo.ca,Untangled Health and Wellness,untangledwellness.ca,Physical therapy clinic,Dartmouth,"Dal student, quick question for Untangled Health and","Hi,

Quick intro: I'm Dylan, a Dalhousie student building AI tools for local Dartmouth businesses. Thought Untangled Health and Wellness might find this interesting.

Most physiotherapy clinics I've talked to have patients dropping off after their first few visits. I've put together an AI agent that answers calls around the clock, books appointments, and brings back past clients who haven't visited in months.

Worth a quick look? Here's my calendar if so: calendly.com/realsideai

Cheers,
Dylan"
hello@sorespots.com,Sore Spots Massage Therapy Dartmouth,sorespots.com,Massage therapist,Dartmouth,Quick question for Sore Spots Massage Therapy,"Hi,

Quick intro: I'm Dylan, a Dalhousie student building AI tools for local Dartmouth businesses. Thought Sore Spots Massage Therapy Dartmouth might find this interesting.

Most massage therapists I've talked to say the phone is their biggest headache since they can't answer mid-session. I've put together an AI agent that answers calls around the clock, books appointments, and brings back past clients who haven't visited in months.

Worth a quick look? Here's my calendar if so: calendly.com/realsideai

Cheers,
Dylan"
ancastrormt@outlook.com,Angel Castro RMT,angelcastrormt.noterro.com,Wellness center,Dartmouth,"Dal student, quick question for Angel Castro RMT","Hey there,

I'm a student at Dal here in Halifax, and I've been working on an AI receptionist built for local businesses like Angel Castro RMT.

I know wellness centres lose a lot of first-time clients when calls go unanswered. The AI I built picks up every single call, books appointments, and texts clients back if they called after hours.

Would you be open to a quick demo? I promise it's only 10 minutes: calendly.com/realsideai

Dylan"
info@shantihotyoga.ca,Shanti Hot Yoga,www.shantihotyoga.ca,Yoga studio,Dartmouth,Shanti Hot Yoga + AI (from a Dal student),"Hey there,

I'm a student at Dal here in Halifax, and I've been working on an AI receptionist built for local businesses like Shanti Hot Yoga.

I've been researching how many potential clients local businesses lose to missed calls and slow follow-up. The AI I built picks up every single call, books appointments, and texts clients back if they called after hours.

Would you be open to a quick demo? I promise it's only 10 minutes: calendly.com/realsideai

Dylan"
dssclogo@4x.png,North End Community Health Centre,nechc.com,Community health center,Halifax,Would this help North End Community Health?,"Hi,

I'm Dylan from Dalhousie University. I've been building AI phone agents specifically for community health centers in Nova Scotia and wanted to connect with North End Community Health Centre.

I know how many calls service businesses miss during their busiest hours. What I've built answers every call, handles scheduling, and can even re-engage old clients who dropped off.

If you're open to it, I'd love 10 minutes to show you: calendly.com/realsideai

Talk soon,
Dylan"
info@rootedrose.ca,Rooted Rose Community Acupuncture Dartmouth,rootedrose.ca,Acupuncture clinic,Dartmouth,Would this help Rooted Rose Community?,"Hey,

I'm a Dalhousie student working on something I think could help Rooted Rose Community Acupuncture Dartmouth.

I know acupuncture clinics can't answer the phone during treatments. I've built an AI that handles your incoming calls 24/7, books appointments into your calendar, and automatically follows up with clients who haven't been in for a while.

Would a quick chat be worth your time? Happy to walk you through it: calendly.com/realsideai

Dylan"
info@wholetherapy.ca,Wholetherapy,www.wholetherapy.ca,Mental health service,Dartmouth,Wholetherapy + AI (from a Dal student),"Hey there,

I'm a student at Dal here in Halifax, and I've been working on an AI receptionist built for local businesses like Wholetherapy.

I know mental health practices lose new client inquiries when calls go unanswered during sessions. The AI I built picks up every single call, books appointments, and texts clients back if they called after hours.

Would you be open to a quick demo? I promise it's only 10 minutes: calendly.com/realsideai

Dylan"
jinpingzhangtcm@gmail.com,Gongfu Health & Wellness,www.gongfutcm.com,Acupuncture clinic,Bedford,Bedford student with an idea for Gongfu Health &,"Hi,

My name's Dylan, I'm a Dalhousie student in Halifax building AI for local businesses. I came across Gongfu Health & Wellness and thought this might be relevant.

I know acupuncture clinics can't answer the phone during treatments. I built an AI receptionist that picks up every call, books appointments, and re-engages past clients sitting in your system.

No pressure at all, but if you're curious I'd love to show you how it works: calendly.com/realsideai

Best,
Dylan"
swinterson@ymcasc.org,Fall River YMCA,ymcasouthcoast.org,Non-profit organization,Fall River,Quick question for Fall River YMCA,"Hey there,

I'm a student at Dal here in Halifax, and I've been working on an AI receptionist built for local businesses like Fall River YMCA.

I've been researching how many potential clients local businesses lose to missed calls and slow follow-up. The AI I built picks up every single call, books appointments, and texts clients back if they called after hours.

Would you be open to a quick demo? I promise it's only 10 minutes: calendly.com/realsideai

Dylan"
hello@integratedhealthcentre.ca,Integrated Health Centre,www.integratedhealthcentre.ca,Community health center,Pembroke,Idea for Integrated Health,"Hi,

Quick intro: I'm Dylan, a Dalhousie student building AI tools for local Pembroke businesses. Thought Integrated Health Centre might find this interesting.

I've been researching how many potential clients local businesses lose to missed calls and slow follow-up. I've put together an AI agent that answers calls around the clock, books appointments, and brings back past clients who haven't visited in months.

Worth a quick look? Here's my calendar if so: calendly.com/realsideai

Cheers,
Dylan"
example@email.com,EHN Guardians Gateway,ehnguardians.ca,Addiction treatment center,Peterborough,Quick question for EHN Guardians Gateway,"Hi,

Quick intro: I'm Dylan, a Dalhousie student building AI tools for local Peterborough businesses. Thought EHN Guardians Gateway might find this interesting.

I know how many calls service businesses miss during their busiest hours. I've put together an AI agent that answers calls around the clock, books appointments, and brings back past clients who haven't visited in months.

Worth a quick look? Here's my calendar if so: calendly.com/realsideai

Cheers,
Dylan"
admin@midtownmed.ca,Wychwood Family Health Centre,wychwoodfhc.ca,Medical Center,Toronto,Would this help Wychwood Family Health?,"Hi,

I'm Dylan from Dalhousie University. I've been building AI phone agents specifically for medical centers in Nova Scotia and wanted to connect with Wychwood Family Health Centre.

I've been researching how many potential clients local businesses lose to missed calls and slow follow-up. What I've built answers every call, handles scheduling, and can even re-engage old clients who dropped off.

If you're open to it, I'd love 10 minutes to show you: calendly.com/realsideai

Talk soon,
Dylan"
properties@fcr.ca,Cedarbrae Centre,www.cedarbraecentre.com,Shopping mall,Toronto,Quick question for Cedarbrae,"Hi there,

I'm Dylan, a student at Dalhousie University here in Halifax. I've been building an AI phone agent for local service businesses and wanted to reach out to Cedarbrae Centre.

Most local businesses I've talked to lose new clients just because no one could pick up the phone. So I built something that answers every call 24/7, books appointments, and follows up with past clients automatically.

Would you be open to a quick 10-minute chat to see if it could work for Cedarbrae? Here's my calendar: calendly.com/realsideai

Cheers,
Dylan"
example@email.com,EHN Bellwood Toronto,www.edgewoodhealthnetwork.com,Addiction treatment center,Toronto,For EHN Bellwood Toronto re: missed calls,"Hi,

My name's Dylan, I'm a Dalhousie student in Halifax building AI for local businesses. I came across EHN Bellwood Toronto and thought this might be relevant.

I know how many calls service businesses miss during their busiest hours. I built an AI receptionist that picks up every call, books appointments, and re-engages past clients sitting in your system.

No pressure at all, but if you're curious I'd love to show you how it works: calendly.com/realsideai

Best,
Dylan"
user@domain.com,Bedford Cafe,www.bedfordcafe.nyc,American restaurant,Bronx,For Bedford Cafe re: missed calls,"Hey there,

I'm a student at Dal here in Halifax, and I've been working on an AI receptionist built for local businesses like Bedford Cafe.

I know how many calls service businesses miss during their busiest hours. The AI I built picks up every single call, books appointments, and texts clients back if they called after hours.

Would you be open to a quick demo? I promise it's only 10 minutes: calendly.com/realsideai

Dylan"
media@bioscript.ca,Coverdale Infusion Clinic,bioscript.ca,Medical clinic,Halifax,Coverdale Infusion + AI (from a Dal student),"Hey there,

I'm a student at Dal here in Halifax, and I've been working on an AI receptionist built for local businesses like Coverdale Infusion Clinic.

I know medical clinics deal with overwhelming call volume and patients waiting on hold. The AI I built picks up every single call, books appointments, and texts clients back if they called after hours.

Would you be open to a quick demo? I promise it's only 10 minutes: calendly.com/realsideai

Dylan"
mardaloop@essencewellness.ca,Essence Wellness Clinic - Mahogany,www.essencewellness.ca,Wellness center,Calgary,"Dal student, quick question for Essence Wellness Clinic -","Hey,

I'm a Dalhousie student working on something I think could help Essence Wellness Clinic - Mahogany.

Most wellness businesses I've talked to struggle to get one-time visitors to rebook. I've built an AI that handles your incoming calls 24/7, books appointments into your calendar, and automatically follows up with clients who haven't been in for a while.

Would a quick chat be worth your time? Happy to walk you through it: calendly.com/realsideai

Dylan"
mardaloop@essencewellness.ca,Essence Wellness Clinic - Marda Loop,essencewellness.ca,Wellness center,Calgary,Idea for Essence Wellness Clinic -,"Hi,

Quick intro: I'm Dylan, a Dalhousie student building AI tools for local Calgary businesses. Thought Essence Wellness Clinic - Marda Loop might find this interesting.

Most wellness businesses I've talked to struggle to get one-time visitors to rebook. I've put together an AI agent that answers calls around the clock, books appointments, and brings back past clients who haven't visited in months.

Worth a quick look? Here's my calendar if so: calendly.com/realsideai

Cheers,
Dylan"
tag-purple@48.png,TELUS Health Care Centre - Calgary,www.telus.com,Medical clinic,Calgary,Quick question for TELUS Health Care Centre -,"Hi,

Quick intro: I'm Dylan, a Dalhousie student building AI tools for local Calgary businesses. Thought TELUS Health Care Centre - Calgary might find this interesting.

I know medical clinics deal with overwhelming call volume and patients waiting on hold. I've put together an AI agent that answers calls around the clock, books appointments, and brings back past clients who haven't visited in months.

Worth a quick look? Here's my calendar if so: calendly.com/realsideai

Cheers,
Dylan"
customersuccess@rockdocinc.ca,Rockdoc Consulting Inc.,rockdocinc.ca,Travel clinic,Vancouver,Vancouver student with an idea for Rockdoc Consulting,"Hi there,

I'm Dylan, a student at Dalhousie University here in Halifax. I've been building an AI phone agent for local service businesses and wanted to reach out to Rockdoc Consulting Inc..

I've been researching how many potential clients local businesses lose to missed calls and slow follow-up. So I built something that answers every call 24/7, books appointments, and follows up with past clients automatically.

Would you be open to a quick 10-minute chat to see if it could work for Rockdoc Consulting? Here's my calendar: calendly.com/realsideai

Cheers,
Dylan"
hello@dermphicentre.com,Dermphi Centre™,www.dermphicentre.com,Dermatologist,Calgary,Would this help Dermphi Centre™?,"Hey,

I'm a Dalhousie student working on something I think could help Dermphi Centre™.

I know how many calls service businesses miss during their busiest hours. I've built an AI that handles your incoming calls 24/7, books appointments into your calendar, and automatically follows up with clients who haven't been in for a while.

Would a quick chat be worth your time? Happy to walk you through it: calendly.com/realsideai

Dylan"
burnabynorthgate@goodlifefitness.com,GoodLife Fitness Burnaby Northgate,www.goodlifefitness.com,Gym,Burnaby,Idea for GoodLife Fitness Burnaby,"Hi,

I'm Dylan from Dalhousie University. I've been building AI phone agents specifically for gyms in Nova Scotia and wanted to connect with GoodLife Fitness Burnaby Northgate.

I've been researching how many potential clients local businesses lose to missed calls and slow follow-up. What I've built answers every call, handles scheduling, and can even re-engage old clients who dropped off.

If you're open to it, I'd love 10 minutes to show you: calendly.com/realsideai

Talk soon,
Dylan"
ctv_calgary_news_content_group@bell.ca,CTV Calgary,calgary.ctvnews.ca,Television studio,Calgary,For CTV Calgary re: missed calls,"Hi,

Quick intro: I'm Dylan, a Dalhousie student building AI tools for local Calgary businesses. Thought CTV Calgary might find this interesting.

I've been researching how many potential clients local businesses lose to missed calls and slow follow-up. I've put together an AI agent that answers calls around the clock, books appointments, and brings back past clients who haven't visited in months.

Worth a quick look? Here's my calendar if so: calendly.com/realsideai

Cheers,
Dylan"
sales@canadianappliance.ca,Canadian Appliance Source Calgary,www.canadianappliance.ca,Appliance store,Calgary,"Dal student, quick question for Canadian Appliance Source","Hi,

My name's Dylan, I'm a Dalhousie student in Halifax building AI for local businesses. I came across Canadian Appliance Source Calgary and thought this might be relevant.

I've been researching how many potential clients local businesses lose to missed calls and slow follow-up. I built an AI receptionist that picks up every call, books appointments, and re-engages past clients sitting in your system.

No pressure at all, but if you're curious I'd love to show you how it works: calendly.com/realsideai

Best,
Dylan"
events@iflywilmington.com,iFLY Indoor Skydiving - Portland,www.iflyworld.com,Skydiving center,Portland,Portland student with an idea for iFLY Indoor Skydiving -,"Hi,

My name's Dylan, I'm a Dalhousie student in Halifax building AI for local businesses. I came across iFLY Indoor Skydiving - Portland and thought this might be relevant.

I know how many calls service businesses miss during their busiest hours. I built an AI receptionist that picks up every call, books appointments, and re-engages past clients sitting in your system.

No pressure at all, but if you're curious I'd love to show you how it works: calendly.com/realsideai

Best,
Dylan"
info@halifaxnaturopathic.ca,Halifax Naturopathic Health Centre,www.halifaxnaturopathic.ca,Naturopathic practitioner,Halifax,"Dal student, quick question for Halifax Naturopathic Health","Hi there,

I'm Dylan, a student at Dalhousie University here in Halifax. I've been building an AI phone agent for local service businesses and wanted to reach out to Halifax Naturopathic Health Centre.

I know naturopathic practices miss calls during consultations all the time. So I built something that answers every call 24/7, books appointments, and follows up with past clients automatically.

Would you be open to a quick 10-minute chat to see if it could work for Halifax Naturopathic Health? Here's my calendar: calendly.com/realsideai

Cheers,
Dylan"
martha@marthafaron.com,Sage Elements Naturopathic Clinic,www.sageelements.ca,Holistic medicine practitioner,Halifax,Saw Sage Elements Naturopathic in Halifax,"Hi,

Quick intro: I'm Dylan, a Dalhousie student building AI tools for local Halifax businesses. Thought Sage Elements Naturopathic Clinic might find this interesting.

Most local businesses I've talked to lose new clients just because no one could pick up the phone. I've put together an AI agent that answers calls around the clock, books appointments, and brings back past clients who haven't visited in months.

Worth a quick look? Here's my calendar if so: calendly.com/realsideai

Cheers,
Dylan"
hello@nadia-nd.com,"Dr Nadia Tymoshenko ND, Naturopathic Doctor",nadia-nd.com,Naturopathic practitioner,Halifax,"Dr Nadia Tymoshenko ND, + AI (from a Dal student)","Hi there,

I'm Dylan, a student at Dalhousie University here in Halifax. I've been building an AI phone agent for local service businesses and wanted to reach out to Dr Nadia Tymoshenko ND, Naturopathic Doctor.

I know naturopathic practices miss calls during consultations all the time. So I built something that answers every call 24/7, books appointments, and follows up with past clients automatically.

Would you be open to a quick 10-minute chat to see if it could work for Dr Nadia Tymoshenko ND,? Here's my calendar: calendly.com/realsideai

Cheers,
Dylan"
info@naturalchoices.ca,Natural Choices Health Care,www.naturalchoices.ca,Naturopathic practitioner,Halifax,Halifax student with an idea for Natural Choices Health Care,"Hey there,

I'm a student at Dal here in Halifax, and I've been working on an AI receptionist built for local businesses like Natural Choices Health Care.

I know naturopathic practices miss calls during consultations all the time. The AI I built picks up every single call, books appointments, and texts clients back if they called after hours.

Would you be open to a quick demo? I promise it's only 10 minutes: calendly.com/realsideai

Dylan"
info@hawthornclinic.ca,Hawthorn Clinic Inc,www.hawthornclinic.ca,Naturopathic practitioner,Kentville,Idea for Hawthorn,"Hi,

I'm Dylan from Dalhousie University. I've been building AI phone agents specifically for naturopathic practitioners in Nova Scotia and wanted to connect with Hawthorn Clinic Inc.

I know naturopathic practices miss calls during consultations all the time. What I've built answers every call, handles scheduling, and can even re-engage old clients who dropped off.

If you're open to it, I'd love 10 minutes to show you: calendly.com/realsideai

Talk soon,
Dylan"
info@kingsportclinic.com,Kingsport Osteopathic Clinic,kingsportclinic.com,Massage therapist,Canning,For Kingsport Osteopathic re: missed calls,"Hi there,

I'm Dylan, a student at Dalhousie University here in Halifax. I've been building an AI phone agent for local service businesses and wanted to reach out to Kingsport Osteopathic Clinic.

Most massage therapists I've talked to say the phone is their biggest headache since they can't answer mid-session. So I built something that answers every call 24/7, books appointments, and follows up with past clients automatically.

Would you be open to a quick 10-minute chat to see if it could work for Kingsport Osteopathic? Here's my calendar: calendly.com/realsideai

Cheers,
Dylan"
admin@halifaxchc.ca,Halifax Complementary Health Centre,halifaxchc.ca,Osteopath,Halifax,Idea for Halifax Complementary Health,"Hi,

Quick intro: I'm Dylan, a Dalhousie student building AI tools for local Halifax businesses. Thought Halifax Complementary Health Centre might find this interesting.

I know osteopathic practices miss calls during treatments all the time. I've put together an AI agent that answers calls around the clock, books appointments, and brings back past clients who haven't visited in months.

Worth a quick look? Here's my calendar if so: calendly.com/realsideai

Cheers,
Dylan"
stacupunctureclinic@gmail.com,LifeCare - Acupuncture & Natural Medicine Clinic,www.acupuncturens.ca,Naturopathic practitioner,Halifax,Would this help LifeCare - Acupuncture &?,"Hi,

I'm Dylan from Dalhousie University. I've been building AI phone agents specifically for naturopathic practitioners in Nova Scotia and wanted to connect with LifeCare - Acupuncture & Natural Medicine Clinic.

I know naturopathic practices miss calls during consultations all the time. What I've built answers every call, handles scheduling, and can even re-engage old clients who dropped off.

If you're open to it, I'd love 10 minutes to show you: calendly.com/realsideai

Talk soon,
Dylan"
hfxacupuncture@gmail.com,Halifax Acupuncture & Holistic Health Centre,halifax-acupuncture.com,Acupuncture clinic,Halifax,Quick question for Halifax Acupuncture &,"Hi,

Quick intro: I'm Dylan, a Dalhousie student building AI tools for local Halifax businesses. Thought Halifax Acupuncture & Holistic Health Centre might find this interesting.

I know acupuncture clinics can't answer the phone during treatments. I've put together an AI agent that answers calls around the clock, books appointments, and brings back past clients who haven't visited in months.

Worth a quick look? Here's my calendar if so: calendly.com/realsideai

Cheers,
Dylan"
barb.brennan@honeyandginger.ca,Honey & Ginger Dartmouth,honeyandginger.ca,Health food store,Dartmouth,Dartmouth student with an idea for Honey & Ginger Dartmouth,"Hi,

I'm Dylan from Dalhousie University. I've been building AI phone agents specifically for health food stores in Nova Scotia and wanted to connect with Honey & Ginger Dartmouth.

I know how many calls service businesses miss during their busiest hours. What I've built answers every call, handles scheduling, and can even re-engage old clients who dropped off.

If you're open to it, I'd love 10 minutes to show you: calendly.com/realsideai

Talk soon,
Dylan"
martha@marthafaron.com,Martha Faron Osteopath,www.marthafaron.com,Osteopath,Halifax,Halifax student with an idea for Martha Faron Osteopath,"Hi,

My name's Dylan, I'm a Dalhousie student in Halifax building AI for local businesses. I came across Martha Faron Osteopath and thought this might be relevant.

I know osteopathic practices miss calls during treatments all the time. I built an AI receptionist that picks up every call, books appointments, and re-engages past clients sitting in your system.

No pressure at all, but if you're curious I'd love to show you how it works: calendly.com/realsideai

Best,
Dylan"
info@growwellcounselling.ca,Grow Well Counselling,growwellcounselling.ca,Mental health service,Bedford,"Dal student, quick question for Grow Well Counselling","Hi,

I'm Dylan from Dalhousie University. I've been building AI phone agents specifically for mental health services in Nova Scotia and wanted to connect with Grow Well Counselling.

I know mental health practices lose new client inquiries when calls go unanswered during sessions. What I've built answers every call, handles scheduling, and can even re-engage old clients who dropped off.

If you're open to it, I'd love 10 minutes to show you: calendly.com/realsideai

Talk soon,
Dylan"
info@smbcounselling.ca,SMB Counselling Group,smbcounselling.ca,Counselor,Bedford,SMB Counselling + AI (from a Dal student),"Hey there,

I'm a student at Dal here in Halifax, and I've been working on an AI receptionist built for local businesses like SMB Counselling Group.

I know counsellors miss intake calls because you're in session all day. The AI I built picks up every single call, books appointments, and texts clients back if they called after hours.

Would you be open to a quick demo? I promise it's only 10 minutes: calendly.com/realsideai

Dylan"
catherine@compassioncovecounselling.com,Compassion Cove Counselling Collective,www.compassioncovecounselling.com,Counselor,Bedford,Quick question for Compassion Cove Counselling,"Hi,

Quick intro: I'm Dylan, a Dalhousie student building AI tools for local Bedford businesses. Thought Compassion Cove Counselling Collective might find this interesting.

I know counsellors miss intake calls because you're in session all day. I've put together an AI agent that answers calls around the clock, books appointments, and brings back past clients who haven't visited in months.

Worth a quick look? Here's my calendar if so: calendly.com/realsideai

Cheers,
Dylan"
admin@atclinic.ca,Anxiety & Trauma Clinic of Nova Scotia,halifaxanxietytrauma.ca,Psychotherapist,Bedford,Bedford student with an idea for Anxiety & Trauma Clinic of,"Hi,

Quick intro: I'm Dylan, a Dalhousie student building AI tools for local Bedford businesses. Thought Anxiety & Trauma Clinic of Nova Scotia might find this interesting.

Most local businesses I've talked to lose new clients just because no one could pick up the phone. I've put together an AI agent that answers calls around the clock, books appointments, and brings back past clients who haven't visited in months.

Worth a quick look? Here's my calendar if so: calendly.com/realsideai

Cheers,
Dylan"
drpure@drpureandassociates.com,Dr. Kiran Pure and Associates Ltd.,drpureandassociates.com,Psychologist,Dartmouth,"Dal student, quick question for Kiran Pure and","Hi,

Quick intro: I'm Dylan, a Dalhousie student building AI tools for local Dartmouth businesses. Thought Dr. Kiran Pure and Associates Ltd. might find this interesting.

I know psychologists can't pick up the phone during sessions, and potential clients rarely call back. I've put together an AI agent that answers calls around the clock, books appointments, and brings back past clients who haven't visited in months.

Worth a quick look? Here's my calendar if so: calendly.com/realsideai

Cheers,
Dylan"
info@spectrumtherapeuticsolutions.ca,Spectrum Therapeutic Solutions,spectrumtherapeuticsolutions.ca,Psychotherapist,Dartmouth,"Dal student, quick question for Spectrum Therapeutic Solutions","Hey there,

I'm a student at Dal here in Halifax, and I've been working on an AI receptionist built for local businesses like Spectrum Therapeutic Solutions.

I know how many calls service businesses miss during their busiest hours. The AI I built picks up every single call, books appointments, and texts clients back if they called after hours.

Would you be open to a quick demo? I promise it's only 10 minutes: calendly.com/realsideai

Dylan"
info@mindfultherapies.ca,Mindful Therapies,www.mindfultherapies.org,Mental health service,Dartmouth,Quick question for Mindful Therapies,"Hey,

I'm a Dalhousie student working on something I think could help Mindful Therapies.

I know mental health practices lose new client inquiries when calls go unanswered during sessions. I've built an AI that handles your incoming calls 24/7, books appointments into your calendar, and automatically follows up with clients who haven't been in for a while.

Would a quick chat be worth your time? Happy to walk you through it: calendly.com/realsideai

Dylan"
info@riseclinic.ca,RISE Anxiety and Depression Clinic Halifax,riseclinic.ca,Mental health clinic,Halifax,Quick question for RISE Anxiety and Depression,"Hi there,

I'm Dylan, a student at Dalhousie University here in Halifax. I've been building an AI phone agent for local service businesses and wanted to reach out to RISE Anxiety and Depression Clinic Halifax.

Most local businesses I've talked to lose new clients just because no one could pick up the phone. So I built something that answers every call 24/7, books appointments, and follows up with past clients automatically.

Would you be open to a quick 10-minute chat to see if it could work for RISE Anxiety and Depression? Here's my calendar: calendly.com/realsideai

Cheers,
Dylan"
info@insightmentalhealth.ca,Insight Mental Health Counselling,insightmentalhealth.ca,Counselor,Halifax,"Dal student, quick question for Insight Mental Health","Hi there,

I'm Dylan, a student at Dalhousie University here in Halifax. I've been building an AI phone agent for local service businesses and wanted to reach out to Insight Mental Health Counselling.

I know counsellors miss intake calls because you're in session all day. So I built something that answers every call 24/7, books appointments, and follows up with past clients automatically.

Would you be open to a quick 10-minute chat to see if it could work for Insight Mental Health? Here's my calendar: calendly.com/realsideai

Cheers,
Dylan"
user@domain.com,Solasta,www.solasta.care,Family counselor,Halifax,Would this help Solasta?,"Hey,

I'm a Dalhousie student working on something I think could help Solasta.

I know how many calls service businesses miss during their busiest hours. I've built an AI that handles your incoming calls 24/7, books appointments into your calendar, and automatically follows up with clients who haven't been in for a while.

Would a quick chat be worth your time? Happy to walk you through it: calendly.com/realsideai

Dylan"
tara@goodgriefhalifax.ca,Good Grief Halifax,www.goodgriefhalifax.ca,Counselor,Halifax,Saw Good Grief Halifax in Halifax,"Hi,

I'm Dylan from Dalhousie University. I've been building AI phone agents specifically for counselors in Nova Scotia and wanted to connect with Good Grief Halifax.

I know counsellors miss intake calls because you're in session all day. What I've built answers every call, handles scheduling, and can even re-engage old clients who dropped off.

If you're open to it, I'd love 10 minutes to show you: calendly.com/realsideai

Talk soon,
Dylan"
info@inspiredlivingmedical.com,Inspired Living Medical,inspiredlivingmedical.com,Psychiatrist,Bedford,Idea for Inspired Living Medical,"Hey there,

I'm a student at Dal here in Halifax, and I've been working on an AI receptionist built for local businesses like Inspired Living Medical.

I've been researching how many potential clients local businesses lose to missed calls and slow follow-up. The AI I built picks up every single call, books appointments, and texts clients back if they called after hours.

Would you be open to a quick demo? I promise it's only 10 minutes: calendly.com/realsideai

Dylan"
info@thriveot.ca,Thrive Therapy Bedford,www.thriveotns.com,Occupational therapist,Bedford,Saw Thrive Therapy Bedford in Bedford,"Hi,

Quick intro: I'm Dylan, a Dalhousie student building AI tools for local Bedford businesses. Thought Thrive Therapy Bedford might find this interesting.

Most local businesses I've talked to lose new clients just because no one could pick up the phone. I've put together an AI agent that answers calls around the clock, books appointments, and brings back past clients who haven't visited in months.

Worth a quick look? Here's my calendar if so: calendly.com/realsideai

Cheers,
Dylan"
info@tmdtherapeutics.com,TMD Therapeutics,www.tmdtherapeutics.com,Dental clinic,Bedford,Idea for TMD Therapeutics,"Hi,

I'm Dylan from Dalhousie University. I've been building AI phone agents specifically for dental clinics in Nova Scotia and wanted to connect with TMD Therapeutics.

I've been looking into how dental clinics handle call volume during busy hours. What I've built answers every call, handles scheduling, and can even re-engage old clients who dropped off.

If you're open to it, I'd love 10 minutes to show you: calendly.com/realsideai

Talk soon,
Dylan"
curator@acamuseum.ca,"Dr. Nina Woulff, Psychologist & Associates",drnina.ca,Counselor,Halifax,"Saw Nina Woulff, Psychologist & in Halifax","Hi,

I'm Dylan from Dalhousie University. I've been building AI phone agents specifically for counselors in Nova Scotia and wanted to connect with Dr. Nina Woulff, Psychologist & Associates.

I know counsellors miss intake calls because you're in session all day. What I've built answers every call, handles scheduling, and can even re-engage old clients who dropped off.

If you're open to it, I'd love 10 minutes to show you: calendly.com/realsideai

Talk soon,
Dylan"
curator@acamuseum.ca,Roth Associates in Psychology,www.rothassociates.ca,Counselor,Halifax,Roth Associates in Psychology + AI (from a Dal student),"Hey there,

I'm a student at Dal here in Halifax, and I've been working on an AI receptionist built for local businesses like Roth Associates in Psychology.

I know counsellors miss intake calls because you're in session all day. The AI I built picks up every single call, books appointments, and texts clients back if they called after hours.

Would you be open to a quick demo? I promise it's only 10 minutes: calendly.com/realsideai

Dylan"
info@cruxpsychology.ca,CRUX Psychology,cruxpsychology.ca,Psychologist,Halifax,"Dal student, quick question for CRUX Psychology","Hi,

My name's Dylan, I'm a Dalhousie student in Halifax building AI for local businesses. I came across CRUX Psychology and thought this might be relevant.

I know psychologists can't pick up the phone during sessions, and potential clients rarely call back. I built an AI receptionist that picks up every call, books appointments, and re-engages past clients sitting in your system.

No pressure at all, but if you're curious I'd love to show you how it works: calendly.com/realsideai

Best,
Dylan"
intake@lesleyhartman.ca,Lesley Hartman & Associates Inc.,lesleyhartmanassociates.ca,Counselor,Halifax,Halifax student with an idea for Lesley Hartman &,"Hey there,

I'm a student at Dal here in Halifax, and I've been working on an AI receptionist built for local businesses like Lesley Hartman & Associates Inc..

I know counsellors miss intake calls because you're in session all day. The AI I built picks up every single call, books appointments, and texts clients back if they called after hours.

Would you be open to a quick demo? I promise it's only 10 minutes: calendly.com/realsideai

Dylan"
info@coastalpsych.ca,Coastal Psychology,coastalpsych.ca,Psychologist,Halifax,Halifax student with an idea for Coastal Psychology,"Hi there,

I'm Dylan, a student at Dalhousie University here in Halifax. I've been building an AI phone agent for local service businesses and wanted to reach out to Coastal Psychology.

I know psychologists can't pick up the phone during sessions, and potential clients rarely call back. So I built something that answers every call 24/7, books appointments, and follows up with past clients automatically.

Would you be open to a quick 10-minute chat to see if it could work for Coastal Psychology? Here's my calendar: calendly.com/realsideai

Cheers,
Dylan"
user@domain.com,Richardson Therapy,www.richardsontherapy.ca,Counselor,Halifax,Richardson Therapy + AI (from a Dal student),"Hi,

Quick intro: I'm Dylan, a Dalhousie student building AI tools for local Halifax businesses. Thought Richardson Therapy might find this interesting.

I know counsellors miss intake calls because you're in session all day. I've put together an AI agent that answers calls around the clock, books appointments, and brings back past clients who haven't visited in months.

Worth a quick look? Here's my calendar if so: calendly.com/realsideai

Cheers,
Dylan"
admin@amandastoddard.ca,Cove Integrative Therapy - Amanda Stoddard M.Ed. RPC,www.amandastoddard.ca,Mental health service,Dartmouth,Idea for Cove Integrative Therapy -,"Hi,

I'm Dylan from Dalhousie University. I've been building AI phone agents specifically for mental health services in Nova Scotia and wanted to connect with Cove Integrative Therapy - Amanda Stoddard M.Ed. RPC.

I know mental health practices lose new client inquiries when calls go unanswered during sessions. What I've built answers every call, handles scheduling, and can even re-engage old clients who dropped off.

If you're open to it, I'd love 10 minutes to show you: calendly.com/realsideai

Talk soon,
Dylan"
admin@diverserootstherapy.com,Diverse Roots Therapy,diverserootstherapy.com,Counselor,Dartmouth,"Dal student, quick question for Diverse Roots Therapy","Hi there,

I'm Dylan, a student at Dalhousie University here in Halifax. I've been building an AI phone agent for local service businesses and wanted to reach out to Diverse Roots Therapy.

I know counsellors miss intake calls because you're in session all day. So I built something that answers every call 24/7, books appointments, and follows up with past clients automatically.

Would you be open to a quick 10-minute chat to see if it could work for Diverse Roots Therapy? Here's my calendar: calendly.com/realsideai

Cheers,
Dylan"
info@risecounsellingcollective.com,Rise Counselling Collective,www.risecounsellingcollective.com,Mental health clinic,Dartmouth,Idea for Rise Counselling Collective,"Hey there,

I'm a student at Dal here in Halifax, and I've been working on an AI receptionist built for local businesses like Rise Counselling Collective.

Most local businesses I've talked to lose new clients just because no one could pick up the phone. The AI I built picks up every single call, books appointments, and texts clients back if they called after hours.

Would you be open to a quick demo? I promise it's only 10 minutes: calendly.com/realsideai

Dylan"
mai@olivetreehealinghypnosis.com,Olive Tree Healing Hypnosis,olivetreehealinghypnosis.com,Hypnotherapy service,Bedford,Saw Olive Tree Healing Hypnosis in Bedford,"Hi there,

I'm Dylan, a student at Dalhousie University here in Halifax. I've been building an AI phone agent for local service businesses and wanted to reach out to Olive Tree Healing Hypnosis.

I know how many calls service businesses miss during their busiest hours. So I built something that answers every call 24/7, books appointments, and follows up with past clients automatically.

Would you be open to a quick 10-minute chat to see if it could work for Olive Tree Healing Hypnosis? Here's my calendar: calendly.com/realsideai

Cheers,
Dylan"
sandman@sleeptherapeutics.com,Sleep Therapeutics Bedford,sleeptherapeutics.ca,Sleep clinic,Bedford,Would this help Sleep Therapeutics Bedford?,"Hi,

My name's Dylan, I'm a Dalhousie student in Halifax building AI for local businesses. I came across Sleep Therapeutics Bedford and thought this might be relevant.

Most local businesses I've talked to lose new clients just because no one could pick up the phone. I built an AI receptionist that picks up every call, books appointments, and re-engages past clients sitting in your system.

No pressure at all, but if you're curious I'd love to show you how it works: calendly.com/realsideai

Best,
Dylan"
cropped-cropped-tnps_logo_285x765@2x-q04jo2kt9x5nhpmwpsx0gyk5izfejjun5fx442vj58.png,True North Psychological Services,www.truenorthpsychological.com,Psychologist,Halifax,"Dal student, quick question for True North Psychological","Hey,

I'm a Dalhousie student working on something I think could help True North Psychological Services.

I know psychologists can't pick up the phone during sessions, and potential clients rarely call back. I've built an AI that handles your incoming calls 24/7, books appointments into your calendar, and automatically follows up with clients who haven't been in for a while.

Would a quick chat be worth your time? Happy to walk you through it: calendly.com/realsideai

Dylan"
info@spiritpsychological.ca,Spirit Psychological,spiritpsychological.ca,Psychologist,Halifax,Saw Spirit Psychological in Halifax,"Hi,

My name's Dylan, I'm a Dalhousie student in Halifax building AI for local businesses. I came across Spirit Psychological and thought this might be relevant.

I know psychologists can't pick up the phone during sessions, and potential clients rarely call back. I built an AI receptionist that picks up every call, books appointments, and re-engages past clients sitting in your system.

No pressure at all, but if you're curious I'd love to show you how it works: calendly.com/realsideai

Best,
Dylan"
admin@ericabaker.ca,Erica Baker Psychological Services Limited,www.ericabaker.ca,Psychologist,Halifax,Quick question for Erica Baker Psychological,"Hi,

Quick intro: I'm Dylan, a Dalhousie student building AI tools for local Halifax businesses. Thought Erica Baker Psychological Services Limited might find this interesting.

I know psychologists can't pick up the phone during sessions, and potential clients rarely call back. I've put together an AI agent that answers calls around the clock, books appointments, and brings back past clients who haven't visited in months.

Worth a quick look? Here's my calendar if so: calendly.com/realsideai

Cheers,
Dylan"
contact@scheduleanyone.com,HK hair studio,www.heidikenneyhair.com,Hair salon,Dayton,Saw HK hair studio in Dayton,"Hi,

I'm Dylan from Dalhousie University. I've been building AI phone agents specifically for hair salons in Nova Scotia and wanted to connect with HK hair studio.

I know how hard it is to answer booking calls when every stylist is mid-cut. What I've built answers every call, handles scheduling, and can even re-engage old clients who dropped off.

If you're open to it, I'd love 10 minutes to show you: calendly.com/realsideai

Talk soon,
Dylan"
info@sevencollectivesalon.com,Seven Collective Salon,sevencollectivesalon.com,Hairdresser,Halifax,Saw Seven Collective Salon in Halifax,"Hi there,

I'm Dylan, a student at Dalhousie University here in Halifax. I've been building an AI phone agent for local service businesses and wanted to reach out to Seven Collective Salon.

I know how hard it is to answer booking calls when you're mid-appointment. So I built something that answers every call 24/7, books appointments, and follows up with past clients automatically.

Would you be open to a quick 10-minute chat to see if it could work for Seven Collective Salon? Here's my calendar: calendly.com/realsideai

Cheers,
Dylan"
nourshairlounge@outlook.com,Nour's Hair Lounge,nourshairlounge.com,Hair salon,Halifax,Nour's Hair Lounge + AI (from a Dal student),"Hey there,

I'm a student at Dal here in Halifax, and I've been working on an AI receptionist built for local businesses like Nour's Hair Lounge.

I know how hard it is to answer booking calls when every stylist is mid-cut. The AI I built picks up every single call, books appointments, and texts clients back if they called after hours.

Would you be open to a quick demo? I promise it's only 10 minutes: calendly.com/realsideai

Dylan"
info@dimesalonhalifax.com,Dime Salon Inc,www.dimesalonhalifax.com,Hair salon,Halifax,Quick question for Dime Salon,"Hi,

I'm Dylan from Dalhousie University. I've been building AI phone agents specifically for hair salons in Nova Scotia and wanted to connect with Dime Salon Inc.

Most salons I've talked to lose bookings because the phone rings during busy hours and nobody can grab it. What I've built answers every call, handles scheduling, and can even re-engage old clients who dropped off.

If you're open to it, I'd love 10 minutes to show you: calendly.com/realsideai

Talk soon,
Dylan"
info@thumperssalon.com,Thumpers Salon,www.thumperssalon.com,Hair salon,Halifax,Would this help Thumpers Salon?,"Hi,

My name's Dylan, I'm a Dalhousie student in Halifax building AI for local businesses. I came across Thumpers Salon and thought this might be relevant.

Most salons I've talked to lose bookings because the phone rings during busy hours and nobody can grab it. I built an AI receptionist that picks up every call, books appointments, and re-engages past clients sitting in your system.

No pressure at all, but if you're curious I'd love to show you how it works: calendly.com/realsideai

Best,
Dylan"
oohlalablume@gmail.com,Blume Salon And Spa,oohlalablume.com,Beauty salon,Halifax,Quick question for Blume Salon And Spa,"Hi,

I'm Dylan from Dalhousie University. I've been building AI phone agents specifically for beauty salons in Nova Scotia and wanted to connect with Blume Salon And Spa.

Most beauty salons I've talked to lose walk-in and call-in bookings during peak hours. What I've built answers every call, handles scheduling, and can even re-engage old clients who dropped off.

If you're open to it, I'd love 10 minutes to show you: calendly.com/realsideai

Talk soon,
Dylan"
bedrije.rexhepi@gmail.com,Hair by Bea,hairbybea.setmore.com,Hair salon,Halifax,"Dal student, quick question for Hair by Bea","Hi there,

I'm Dylan, a student at Dalhousie University here in Halifax. I've been building an AI phone agent for local service businesses and wanted to reach out to Hair by Bea.

Most salons I've talked to lose bookings because the phone rings during busy hours and nobody can grab it. So I built something that answers every call 24/7, books appointments, and follows up with past clients automatically.

Would you be open to a quick 10-minute chat to see if it could work for Hair by Bea? Here's my calendar: calendly.com/realsideai

Cheers,
Dylan"
example@mysite.com,Shapes N Shades | Clubmen's Barber Shop | SNS unisex hair salon,www.snshairsalon.com,Hair salon,Halifax,"Dal student, quick question for Shapes N Shades | Clubmen's","Hi,

My name's Dylan, I'm a Dalhousie student in Halifax building AI for local businesses. I came across Shapes N Shades | Clubmen's Barber Shop | SNS unisex hair salon and thought this might be relevant.

I know how hard it is to answer booking calls when every stylist is mid-cut. I built an AI receptionist that picks up every call, books appointments, and re-engages past clients sitting in your system.

No pressure at all, but if you're curious I'd love to show you how it works: calendly.com/realsideai

Best,
Dylan"
bookings@deenaalawaid.ca,Tidal Hair Lounge,www.tidalhairlounge.com,Hair salon,Halifax,Halifax student with an idea for Tidal Hair Lounge,"Hi,

I'm Dylan from Dalhousie University. I've been building AI phone agents specifically for hair salons in Nova Scotia and wanted to connect with Tidal Hair Lounge.

Most salons I've talked to lose bookings because the phone rings during busy hours and nobody can grab it. What I've built answers every call, handles scheduling, and can even re-engage old clients who dropped off.

If you're open to it, I'd love 10 minutes to show you: calendly.com/realsideai

Talk soon,
Dylan"
minkim@minssalon.com,Min's Salon,minssalon.com,Hairdresser,Halifax,Saw Min's Salon in Halifax,"Hey,

I'm a Dalhousie student working on something I think could help Min's Salon.

I know how hard it is to answer booking calls when you're mid-appointment. I've built an AI that handles your incoming calls 24/7, books appointments into your calendar, and automatically follows up with clients who haven't been in for a while.

Would a quick chat be worth your time? Happy to walk you through it: calendly.com/realsideai

Dylan"
definehairstudiohfx@gmail.com,Define Hair Studio and Barbershop Halifax,www.definehairstudio.ca,Barber shop,Halifax,For Define Hair Studio and re: missed calls,"Hi there,

I'm Dylan, a student at Dalhousie University here in Halifax. I've been building an AI phone agent for local service businesses and wanted to reach out to Define Hair Studio and Barbershop Halifax.

Most barber shops I've talked to miss calls from new clients during their busiest hours. So I built something that answers every call 24/7, books appointments, and follows up with past clients automatically.

Would you be open to a quick 10-minute chat to see if it could work for Define Hair Studio and? Here's my calendar: calendly.com/realsideai

Cheers,
Dylan"
contact@sparrowhairstudio.ca,Sparrow Hair Studio Inc.,sparrowhairstudio.ca,Hair salon,West End,Would this help Sparrow Hair?,"Hi,

I'm Dylan from Dalhousie University. I've been building AI phone agents specifically for hair salons in Nova Scotia and wanted to connect with Sparrow Hair Studio Inc..

Most salons I've talked to lose bookings because the phone rings during busy hours and nobody can grab it. What I've built answers every call, handles scheduling, and can even re-engage old clients who dropped off.

If you're open to it, I'd love 10 minutes to show you: calendly.com/realsideai

Talk soon,
Dylan"
info@aqcbeauty.com,Flaunt + AQC SALON,www.flaunthfx.ca,Hairdresser,Halifax,Idea for Flaunt + AQC SALON,"Hi,

My name's Dylan, I'm a Dalhousie student in Halifax building AI for local businesses. I came across Flaunt + AQC SALON and thought this might be relevant.

I know how hard it is to answer booking calls when you're mid-appointment. I built an AI receptionist that picks up every call, books appointments, and re-engages past clients sitting in your system.

No pressure at all, but if you're curious I'd love to show you how it works: calendly.com/realsideai

Best,
Dylan"
info@blushhairhfx.com,Blush Hair Studio,blushhairhfx.com,Hair salon,Halifax,Halifax student with an idea for Blush Hair,"Hey,

I'm a Dalhousie student working on something I think could help Blush Hair Studio.

I know how hard it is to answer booking calls when every stylist is mid-cut. I've built an AI that handles your incoming calls 24/7, books appointments into your calendar, and automatically follows up with clients who haven't been in for a while.

Would a quick chat be worth your time? Happy to walk you through it: calendly.com/realsideai

Dylan"
info@moodhalifax.ca,Mood,www.moodhalifax.ca,Hair salon,Halifax,Would this help Mood?,"Hi there,

I'm Dylan, a student at Dalhousie University here in Halifax. I've been building an AI phone agent for local service businesses and wanted to reach out to Mood.

I know how hard it is to answer booking calls when every stylist is mid-cut. So I built something that answers every call 24/7, books appointments, and follows up with past clients automatically.

Would you be open to a quick 10-minute chat to see if it could work for Mood? Here's my calendar: calendly.com/realsideai

Cheers,
Dylan"
inquire.aastha@gmail.comcom,Aasthahair,aasthahair.ca,Hairdresser,Halifax,Aasthahair + AI (from a Dal student),"Hi,

My name's Dylan, I'm a Dalhousie student in Halifax building AI for local businesses. I came across Aasthahair and thought this might be relevant.

I know how hard it is to answer booking calls when you're mid-appointment. I built an AI receptionist that picks up every call, books appointments, and re-engages past clients sitting in your system.

No pressure at all, but if you're curious I'd love to show you how it works: calendly.com/realsideai

Best,
Dylan"
hfxannassalon@gmail.com,Anna's Hair Salon,jtaylorlandry.wixsite.com,Hair salon,Halifax,Quick question for Anna's Hair Salon,"Hey,

I'm a Dalhousie student working on something I think could help Anna's Hair Salon.

I know how hard it is to answer booking calls when every stylist is mid-cut. I've built an AI that handles your incoming calls 24/7, books appointments into your calendar, and automatically follows up with clients who haven't been in for a while.

Would a quick chat be worth your time? Happy to walk you through it: calendly.com/realsideai

Dylan"
yokossalonspa@gmail.com,SANDY YOKO HAIR,sandyyokohairhalifax.square.site,Hair salon,Halifax,Idea for SANDY YOKO HAIR,"Hey there,

I'm a student at Dal here in Halifax, and I've been working on an AI receptionist built for local businesses like SANDY YOKO HAIR.

Most salons I've talked to lose bookings because the phone rings during busy hours and nobody can grab it. The AI I built picks up every single call, books appointments, and texts clients back if they called after hours.

Would you be open to a quick demo? I promise it's only 10 minutes: calendly.com/realsideai

Dylan"
info@tnkbeauty.ca,TNK Nail & Beauty Spa,tnkbeauty.ca,Nail salon,Halifax,Halifax student with an idea for TNK Nail & Beauty Spa,"Hey there,

I'm a student at Dal here in Halifax, and I've been working on an AI receptionist built for local businesses like TNK Nail & Beauty Spa.

Most nail salons I've talked to deal with double-bookings and no-shows constantly. The AI I built picks up every single call, books appointments, and texts clients back if they called after hours.

Would you be open to a quick demo? I promise it's only 10 minutes: calendly.com/realsideai

Dylan"
oneblockbarbershop@gmail.com,OBB,www.oneblock.ca,Hair salon,Halifax,For OBB re: missed calls,"Hi,

My name's Dylan, I'm a Dalhousie student in Halifax building AI for local businesses. I came across OBB and thought this might be relevant.

I know how hard it is to answer booking calls when every stylist is mid-cut. I built an AI receptionist that picks up every call, books appointments, and re-engages past clients sitting in your system.

No pressure at all, but if you're curious I'd love to show you how it works: calendly.com/realsideai

Best,
Dylan"
user@domain.com,FRED.,www.fredbeauty.com,Hair salon,Halifax,Saw FRED. in Halifax,"Hey,

I'm a Dalhousie student working on something I think could help FRED..

I know how hard it is to answer booking calls when every stylist is mid-cut. I've built an AI that handles your incoming calls 24/7, books appointments into your calendar, and automatically follows up with clients who haven't been in for a while.

Would a quick chat be worth your time? Happy to walk you through it: calendly.com/realsideai

Dylan"
info@glamouratlantic.ca,Glamour Secrets | Halifax Shopping Centre,glamouratlantic.ca,Hair salon,Halifax,Would this help Glamour Secrets | Halifax?,"Hi,

I'm Dylan from Dalhousie University. I've been building AI phone agents specifically for hair salons in Nova Scotia and wanted to connect with Glamour Secrets | Halifax Shopping Centre.

Most salons I've talked to lose bookings because the phone rings during busy hours and nobody can grab it. What I've built answers every call, handles scheduling, and can even re-engage old clients who dropped off.

If you're open to it, I'd love 10 minutes to show you: calendly.com/realsideai

Talk soon,
Dylan"
info@bigmoustache.ca,The Big Moustache Barbershop,thebigmoustachebarbershop.ca,Barber shop,Halifax,Would this help The Big Moustache Barbershop?,"Hey,

I'm a Dalhousie student working on something I think could help The Big Moustache Barbershop.

I know how chaotic it gets when the phone's ringing and every chair is full. I've built an AI that handles your incoming calls 24/7, books appointments into your calendar, and automatically follows up with clients who haven't been in for a while.

Would a quick chat be worth your time? Happy to walk you through it: calendly.com/realsideai

Dylan"
customerservice@chatters.ca,Chatters Hair Salon,chatters.ca,Hair salon,Halifax,Halifax student with an idea for Chatters Hair Salon,"Hi,

Quick intro: I'm Dylan, a Dalhousie student building AI tools for local Halifax businesses. Thought Chatters Hair Salon might find this interesting.

I know how hard it is to answer booking calls when every stylist is mid-cut. I've put together an AI agent that answers calls around the clock, books appointments, and brings back past clients who haven't visited in months.

Worth a quick look? Here's my calendar if so: calendly.com/realsideai

Cheers,
Dylan"
template.placeholder@gmail.com,Hail Hair,www.hailhairstudio.com,Hair salon,Halifax,Quick question for Hail Hair,"Hi,

My name's Dylan, I'm a Dalhousie student in Halifax building AI for local businesses. I came across Hail Hair and thought this might be relevant.

I know how hard it is to answer booking calls when every stylist is mid-cut. I built an AI receptionist that picks up every call, books appointments, and re-engages past clients sitting in your system.

No pressure at all, but if you're curious I'd love to show you how it works: calendly.com/realsideai

Best,
Dylan"
info@studio54salon.com,Studio 54 Salon,studio54salon.com,Hair salon,Lakeside,Studio 54 Salon + AI (from a Dal student),"Hi,

My name's Dylan, I'm a Dalhousie student in Halifax building AI for local businesses. I came across Studio 54 Salon and thought this might be relevant.

I know how hard it is to answer booking calls when every stylist is mid-cut. I built an AI receptionist that picks up every call, books appointments, and re-engages past clients sitting in your system.

No pressure at all, but if you're curious I'd love to show you how it works: calendly.com/realsideai

Best,
Dylan"
hairtogohrm@gmail.com,Hair to GO,hairtogohrm.wixsite.com,Hair salon,Halifax,"Dal student, quick question for Hair to GO","Hey there,

I'm a student at Dal here in Halifax, and I've been working on an AI receptionist built for local businesses like Hair to GO.

I know how hard it is to answer booking calls when every stylist is mid-cut. The AI I built picks up every single call, books appointments, and texts clients back if they called after hours.

Would you be open to a quick demo? I promise it's only 10 minutes: calendly.com/realsideai

Dylan"
jaywellsschedule@gmail.com,Jay Wells,jaywellssalon.ca,Hair salon,Halifax,For Jay Wells re: missed calls,"Hi,

My name's Dylan, I'm a Dalhousie student in Halifax building AI for local businesses. I came across Jay Wells and thought this might be relevant.

I know how hard it is to answer booking calls when every stylist is mid-cut. I built an AI receptionist that picks up every call, books appointments, and re-engages past clients sitting in your system.

No pressure at all, but if you're curious I'd love to show you how it works: calendly.com/realsideai

Best,
Dylan"
admissions@hairdesigncentre.com,HDC - College of Hair & Aesthetics,www.hairdesigncentre.com,Hair salon,Halifax,Quick question for HDC - College of Hair &,"Hi there,

I'm Dylan, a student at Dalhousie University here in Halifax. I've been building an AI phone agent for local service businesses and wanted to reach out to HDC - College of Hair & Aesthetics.

Most salons I've talked to lose bookings because the phone rings during busy hours and nobody can grab it. So I built something that answers every call 24/7, books appointments, and follows up with past clients automatically.

Would you be open to a quick 10-minute chat to see if it could work for HDC - College of Hair &? Here's my calendar: calendly.com/realsideai

Cheers,
Dylan"
oddfellowsbarbershop@gmail.com,Oddfellows Barbershop,www.oddfellowsbarbershop.com,Barber shop,Halifax,Oddfellows Barbershop + AI (from a Dal student),"Hey,

I'm a Dalhousie student working on something I think could help Oddfellows Barbershop.

I know how chaotic it gets when the phone's ringing and every chair is full. I've built an AI that handles your incoming calls 24/7, books appointments into your calendar, and automatically follows up with clients who haven't been in for a while.

Would a quick chat be worth your time? Happy to walk you through it: calendly.com/realsideai

Dylan"
appointments@fisalon.com,Fara Ishani Salon,www.fisalon.com,Beauty salon,Halifax,Fara Ishani Salon + AI (from a Dal student),"Hi there,

I'm Dylan, a student at Dalhousie University here in Halifax. I've been building an AI phone agent for local service businesses and wanted to reach out to Fara Ishani Salon.

Most beauty salons I've talked to lose walk-in and call-in bookings during peak hours. So I built something that answers every call 24/7, books appointments, and follows up with past clients automatically.

Would you be open to a quick 10-minute chat to see if it could work for Fara Ishani Salon? Here's my calendar: calendly.com/realsideai

Cheers,
Dylan"
exquisitecuts01@gmail.com,Exquisite Cuts Barbershop,square.site,Barber shop,Halifax,For Exquisite Cuts Barbershop re: missed calls,"Hi,

Quick intro: I'm Dylan, a Dalhousie student building AI tools for local Halifax businesses. Thought Exquisite Cuts Barbershop might find this interesting.

Most barber shops I've talked to miss calls from new clients during their busiest hours. I've put together an AI agent that answers calls around the clock, books appointments, and brings back past clients who haven't visited in months.

Worth a quick look? Here's my calendar if so: calendly.com/realsideai

Cheers,
Dylan"
adornsalonandspa@outlook.com,Adorn salon and spa,www.adornsalonandspa.com,Beauty salon,Beechville,Quick question for Adorn salon and spa,"Hi,

Quick intro: I'm Dylan, a Dalhousie student building AI tools for local Beechville businesses. Thought Adorn salon and spa might find this interesting.

Most beauty salons I've talked to lose walk-in and call-in bookings during peak hours. I've put together an AI agent that answers calls around the clock, books appointments, and brings back past clients who haven't visited in months.

Worth a quick look? Here's my calendar if so: calendly.com/realsideai

Cheers,
Dylan"
info@email.com,Hair Devotion,www.hairdevotion.ca,Beauty salon,Bedford,Quick question for Hair Devotion,"Hey there,

I'm a student at Dal here in Halifax, and I've been working on an AI receptionist built for local businesses like Hair Devotion.

Most beauty salons I've talked to lose walk-in and call-in bookings during peak hours. The AI I built picks up every single call, books appointments, and texts clients back if they called after hours.

Would you be open to a quick demo? I promise it's only 10 minutes: calendly.com/realsideai

Dylan"
hi@typemade.mx,Perfect Arch Salon,perfectarchsalon.com,Beauty salon,Bedford,Would this help Perfect Arch Salon?,"Hi there,

I'm Dylan, a student at Dalhousie University here in Halifax. I've been building an AI phone agent for local service businesses and wanted to reach out to Perfect Arch Salon.

Most beauty salons I've talked to lose walk-in and call-in bookings during peak hours. So I built something that answers every call 24/7, books appointments, and follows up with past clients automatically.

Would you be open to a quick 10-minute chat to see if it could work for Perfect Arch Salon? Here's my calendar: calendly.com/realsideai

Cheers,
Dylan"
allison@ivybedford.ca,Ivy. Salon,www.ivysalons.ca,Beauty salon,Bedford,Saw Ivy. Salon in Bedford,"Hey there,

I'm a student at Dal here in Halifax, and I've been working on an AI receptionist built for local businesses like Ivy. Salon.

I know how impossible it is to answer the phone when you're with a client. The AI I built picks up every single call, books appointments, and texts clients back if they called after hours.

Would you be open to a quick demo? I promise it's only 10 minutes: calendly.com/realsideai

Dylan"
info@feathersbrowstudio.ca,Feathers Brow & Beauty Studio,www.feathersbrowstudio.ca,Beauty salon,Bedford,Would this help Feathers Brow & Beauty?,"Hi,

I'm Dylan from Dalhousie University. I've been building AI phone agents specifically for beauty salons in Nova Scotia and wanted to connect with Feathers Brow & Beauty Studio.

Most beauty salons I've talked to lose walk-in and call-in bookings during peak hours. What I've built answers every call, handles scheduling, and can even re-engage old clients who dropped off.

If you're open to it, I'd love 10 minutes to show you: calendly.com/realsideai

Talk soon,
Dylan"
hi@mystore.com,Kith&Kin Hairquarium,kith-kin-hairquarium.square.site,Hair salon,Bedford,Quick question for Kith&Kin Hairquarium,"Hi there,

I'm Dylan, a student at Dalhousie University here in Halifax. I've been building an AI phone agent for local service businesses and wanted to reach out to Kith&Kin Hairquarium.

I know how hard it is to answer booking calls when every stylist is mid-cut. So I built something that answers every call 24/7, books appointments, and follows up with past clients automatically.

Would you be open to a quick 10-minute chat to see if it could work for Kith&Kin Hairquarium? Here's my calendar: calendly.com/realsideai

Cheers,
Dylan"
tseyelashbeauty@gmail.com,T's Eyelash Studio,www.tseyelash.ca,Eyelash salon,Bedford,Saw T's Eyelash in Bedford,"Hi,

My name's Dylan, I'm a Dalhousie student in Halifax building AI for local businesses. I came across T's Eyelash Studio and thought this might be relevant.

Most local businesses I've talked to lose new clients just because no one could pick up the phone. I built an AI receptionist that picks up every call, books appointments, and re-engages past clients sitting in your system.

No pressure at all, but if you're curious I'd love to show you how it works: calendly.com/realsideai

Best,
Dylan"
luxuryhairhalifax@outlook.com,Luxury Hair Halifax,www.luxuryhairhalifax.ca,Wig shop,Bedford,Luxury Hair Halifax + AI (from a Dal student),"Hi there,

I'm Dylan, a student at Dalhousie University here in Halifax. I've been building an AI phone agent for local service businesses and wanted to reach out to Luxury Hair Halifax.

I know how many calls service businesses miss during their busiest hours. So I built something that answers every call 24/7, books appointments, and follows up with past clients automatically.

Would you be open to a quick 10-minute chat to see if it could work for Luxury Hair Halifax? Here's my calendar: calendly.com/realsideai

Cheers,
Dylan"
tonysbarbering@gmail.com,Tony's Barbering,tonysbarbering.ca,Barber shop,Bedford,Would this help Tony's Barbering?,"Hi,

My name's Dylan, I'm a Dalhousie student in Halifax building AI for local businesses. I came across Tony's Barbering and thought this might be relevant.

Most barber shops I've talked to miss calls from new clients during their busiest hours. I built an AI receptionist that picks up every call, books appointments, and re-engages past clients sitting in your system.

No pressure at all, but if you're curious I'd love to show you how it works: calendly.com/realsideai

Best,
Dylan"
hdbeautybyval@gmail.com,HD Beauty by Val,hdbeautybyval.ca,Permanent make-up clinic,Bedford,For HD Beauty by Val re: missed calls,"Hi there,

I'm Dylan, a student at Dalhousie University here in Halifax. I've been building an AI phone agent for local service businesses and wanted to reach out to HD Beauty by Val.

Most local businesses I've talked to lose new clients just because no one could pick up the phone. So I built something that answers every call 24/7, books appointments, and follows up with past clients automatically.

Would you be open to a quick 10-minute chat to see if it could work for HD Beauty by Val? Here's my calendar: calendly.com/realsideai

Cheers,
Dylan"
user@domain.com,Barbers Corner Barbershop,www.barberscorner.ca,Barber shop,Bedford,Bedford student with an idea for Barbers Corner Barbershop,"Hi there,

I'm Dylan, a student at Dalhousie University here in Halifax. I've been building an AI phone agent for local service businesses and wanted to reach out to Barbers Corner Barbershop.

I know how chaotic it gets when the phone's ringing and every chair is full. So I built something that answers every call 24/7, books appointments, and follows up with past clients automatically.

Would you be open to a quick 10-minute chat to see if it could work for Barbers Corner Barbershop? Here's my calendar: calendly.com/realsideai

Cheers,
Dylan"
thehairafterbedford@gmail.com,The Hair After Salon and Spa,thehairafterbedford.com,Beauty salon,Bedford,Quick question for The Hair After Salon and Spa,"Hi,

Quick intro: I'm Dylan, a Dalhousie student building AI tools for local Bedford businesses. Thought The Hair After Salon and Spa might find this interesting.

I know how impossible it is to answer the phone when you're with a client. I've put together an AI agent that answers calls around the clock, books appointments, and brings back past clients who haven't visited in months.

Worth a quick look? Here's my calendar if so: calendly.com/realsideai

Cheers,
Dylan"
andreajbowness@gmail.com,Ninety Seven Beauty Bar,ninety-seven-beauty-bar.square.site,Beauty salon,Lower Sackville,Quick question for Ninety Seven Beauty Bar,"Hi,

I'm Dylan from Dalhousie University. I've been building AI phone agents specifically for beauty salons in Nova Scotia and wanted to connect with Ninety Seven Beauty Bar.

I know how impossible it is to answer the phone when you're with a client. What I've built answers every call, handles scheduling, and can even re-engage old clients who dropped off.

If you're open to it, I'd love 10 minutes to show you: calendly.com/realsideai

Talk soon,
Dylan"
hi@mystore.com,Beeyond Cutz Barbershop,beeyond-cutz-barbershop.square.site,Barber shop,Bedford,Idea for Beeyond Cutz Barbershop,"Hey there,

I'm a student at Dal here in Halifax, and I've been working on an AI receptionist built for local businesses like Beeyond Cutz Barbershop.

Most barber shops I've talked to miss calls from new clients during their busiest hours. The AI I built picks up every single call, books appointments, and texts clients back if they called after hours.

Would you be open to a quick demo? I promise it's only 10 minutes: calendly.com/realsideai

Dylan"
hi@mystore.com,Liudmyla Butkova Beauty Lab,liudmyla-butkova-beauty-lab.square.site,Beauty salon,Halifax,"Dal student, quick question for Liudmyla Butkova Beauty Lab","Hi,

My name's Dylan, I'm a Dalhousie student in Halifax building AI for local businesses. I came across Liudmyla Butkova Beauty Lab and thought this might be relevant.

Most beauty salons I've talked to lose walk-in and call-in bookings during peak hours. I built an AI receptionist that picks up every call, books appointments, and re-engages past clients sitting in your system.

No pressure at all, but if you're curious I'd love to show you how it works: calendly.com/realsideai

Best,
Dylan"
lakesavagehairsalon@gmail.com,Lake Savage Hair Salon,lakesavagehairsalon.ca,Beauty salon,Lower Sackville,"Dal student, quick question for Lake Savage Hair Salon","Hi,

Quick intro: I'm Dylan, a Dalhousie student building AI tools for local Lower Sackville businesses. Thought Lake Savage Hair Salon might find this interesting.

I know how impossible it is to answer the phone when you're with a client. I've put together an AI agent that answers calls around the clock, books appointments, and brings back past clients who haven't visited in months.

Worth a quick look? Here's my calendar if so: calendly.com/realsideai

Cheers,
Dylan"
info@bedfordelectrolysis.com,Bedford Electrolysis,bedfordelectrolysis.com,Electrolysis hair removal service,Bedford,"Dal student, quick question for Bedford Electrolysis","Hi,

I'm Dylan from Dalhousie University. I've been building AI phone agents specifically for electrolysis hair removal services in Nova Scotia and wanted to connect with Bedford Electrolysis.

I've been researching how many potential clients local businesses lose to missed calls and slow follow-up. What I've built answers every call, handles scheduling, and can even re-engage old clients who dropped off.

If you're open to it, I'd love 10 minutes to show you: calendly.com/realsideai

Talk soon,
Dylan"
nbluehairstudio@gmail.com,Nouveau Blue Hair Studio,www.nouveaubluehairstudio.com,Hair salon,Lower Sackville,Would this help Nouveau Blue Hair?,"Hi,

My name's Dylan, I'm a Dalhousie student in Halifax building AI for local businesses. I came across Nouveau Blue Hair Studio and thought this might be relevant.

Most salons I've talked to lose bookings because the phone rings during busy hours and nobody can grab it. I built an AI receptionist that picks up every call, books appointments, and re-engages past clients sitting in your system.

No pressure at all, but if you're curious I'd love to show you how it works: calendly.com/realsideai

Best,
Dylan"
info@hqhairtransplant.ca,HQ Hair Transplant Clinic Halifax,hqhairtransplant.ca,Hair transplantation clinic,Bedford,Would this help HQ Hair Transplant Clinic?,"Hi,

I'm Dylan from Dalhousie University. I've been building AI phone agents specifically for hair transplantation clinics in Nova Scotia and wanted to connect with HQ Hair Transplant Clinic Halifax.

Most local businesses I've talked to lose new clients just because no one could pick up the phone. What I've built answers every call, handles scheduling, and can even re-engage old clients who dropped off.

If you're open to it, I'd love 10 minutes to show you: calendly.com/realsideai

Talk soon,
Dylan"
info.adcuts@gmail.com,AD Cuts,adcuts.ca,Barber shop,Dartmouth,"Dal student, quick question for AD Cuts","Hey there,

I'm a student at Dal here in Halifax, and I've been working on an AI receptionist built for local businesses like AD Cuts.

Most barber shops I've talked to miss calls from new clients during their busiest hours. The AI I built picks up every single call, books appointments, and texts clients back if they called after hours.

Would you be open to a quick demo? I promise it's only 10 minutes: calendly.com/realsideai

Dylan"
infothenightbarber@gmail.com,The Night Barber Dartmouth,thenightbarberdartmouth.simplybook.me,Barber shop,Dartmouth,"Dal student, quick question for The Night Barber Dartmouth","Hey there,

I'm a student at Dal here in Halifax, and I've been working on an AI receptionist built for local businesses like The Night Barber Dartmouth.

I know how chaotic it gets when the phone's ringing and every chair is full. The AI I built picks up every single call, books appointments, and texts clients back if they called after hours.

Would you be open to a quick demo? I promise it's only 10 minutes: calendly.com/realsideai

Dylan"
infong@alliancedental.ca,Alliance Dental New Glasgow,www.alliancedentalnewglasgow.ca,Dentist,New Glasgow,"Dal student, quick question for Alliance Dental New Glasgow","Hi there,

I'm Dylan, a student at Dalhousie University here in Halifax. I've been building an AI phone agent for local service businesses and wanted to reach out to Alliance Dental New Glasgow.

I've been researching how many new patient calls go unanswered at dental offices during peak hours. So I built something that answers every call 24/7, books appointments, and follows up with past clients automatically.

Would you be open to a quick 10-minute chat to see if it could work for Alliance Dental New Glasgow? Here's my calendar: calendly.com/realsideai

Cheers,
Dylan"
info@riverhilldentalns.com,River Hill Dental,riverhilldentalns.com,Dental clinic,New Glasgow,Quick question for River Hill,"Hey,

I'm a Dalhousie student working on something I think could help River Hill Dental.

Most dental clinics I've talked to lose new patient calls every week to voicemail. I've built an AI that handles your incoming calls 24/7, books appointments into your calendar, and automatically follows up with clients who haven't been in for a while.

Would a quick chat be worth your time? Happy to walk you through it: calendly.com/realsideai

Dylan"
admin@eaglesfamilydentistry.com,Eagles Family Dentistry,www.eaglesfamilydentistry.ca,Dentist,New Glasgow,New Glasgow student with an idea for Eagles Family Dentistry,"Hi,

I'm Dylan from Dalhousie University. I've been building AI phone agents specifically for dentists in Nova Scotia and wanted to connect with Eagles Family Dentistry.

Most dental practices I've talked to lose 5-10 new patient calls a week to voicemail. What I've built answers every call, handles scheduling, and can even re-engage old clients who dropped off.

If you're open to it, I'd love 10 minutes to show you: calendly.com/realsideai

Talk soon,
Dylan"
info@definedsmiles.ca,Defined Smiles Dental Hygiene Clinic,www.definedsmiles.ca,Dental clinic,Stellarton,Quick question for Defined Smiles Dental Hygiene,"Hi,

I'm Dylan from Dalhousie University. I've been building AI phone agents specifically for dental clinics in Nova Scotia and wanted to connect with Defined Smiles Dental Hygiene Clinic.

Most dental clinics I've talked to lose new patient calls every week to voicemail. What I've built answers every call, handles scheduling, and can even re-engage old clients who dropped off.

If you're open to it, I'd love 10 minutes to show you: calendly.com/realsideai

Talk soon,
Dylan"
smile@drgracesbraces.com,Richardson Orthodontics,www.drgracesbraces.com,Dentist,Stellarton,"Dal student, quick question for Richardson Orthodontics","Hi there,

I'm Dylan, a student at Dalhousie University here in Halifax. I've been building an AI phone agent for local service businesses and wanted to reach out to Richardson Orthodontics.

Most dental practices I've talked to lose 5-10 new patient calls a week to voicemail. So I built something that answers every call 24/7, books appointments, and follows up with past clients automatically.

Would you be open to a quick 10-minute chat to see if it could work for Richardson Orthodontics? Here's my calendar: calendly.com/realsideai

Cheers,
Dylan"
highlandsquaremall@crombie.ca,Highland Square Mall,www.highlandsquare.ca,Shopping mall,New Glasgow,Quick question for Highland Square Mall,"Hi,

Quick intro: I'm Dylan, a Dalhousie student building AI tools for local New Glasgow businesses. Thought Highland Square Mall might find this interesting.

Most local businesses I've talked to lose new clients just because no one could pick up the phone. I've put together an AI agent that answers calls around the clock, books appointments, and brings back past clients who haven't visited in months.

Worth a quick look? Here's my calendar if so: calendly.com/realsideai

Cheers,
Dylan"
sydneyfamilydental@bellaliant.com,Sydney Family Dental Centre,www.sydneyfamilydental.ca,Dental clinic,Sydney,Saw Sydney Family in Sydney,"Hi,

I'm Dylan from Dalhousie University. I've been building AI phone agents specifically for dental clinics in Nova Scotia and wanted to connect with Sydney Family Dental Centre.

I've been looking into how dental clinics handle call volume during busy hours. What I've built answers every call, handles scheduling, and can even re-engage old clients who dropped off.

If you're open to it, I'd love 10 minutes to show you: calendly.com/realsideai

Talk soon,
Dylan"
info@burnsdentistry.ca,Burns Dentistry,burnsdentistry.ca,Dentist,Sydney,Sydney student with an idea for Burns Dentistry,"Hi there,

I'm Dylan, a student at Dalhousie University here in Halifax. I've been building an AI phone agent for local service businesses and wanted to reach out to Burns Dentistry.

I've been researching how many new patient calls go unanswered at dental offices during peak hours. So I built something that answers every call 24/7, books appointments, and follows up with past clients automatically.

Would you be open to a quick 10-minute chat to see if it could work for Burns Dentistry? Here's my calendar: calendly.com/realsideai

Cheers,
Dylan"
info@mysite.com,Dr. Paula Allen & Dr. Steven Saxon,www.paulaallendentistry.com,Dentist,Mira Road,For Paula Allen & Dr. Steven Saxon re: missed calls,"Hi there,

I'm Dylan, a student at Dalhousie University here in Halifax. I've been building an AI phone agent for local service businesses and wanted to reach out to Dr. Paula Allen & Dr. Steven Saxon.

I know how many calls dental offices miss during cleanings and procedures. So I built something that answers every call 24/7, books appointments, and follows up with past clients automatically.

Would you be open to a quick 10-minute chat to see if it could work for Paula Allen & Dr. Steven Saxon? Here's my calendar: calendly.com/realsideai

Cheers,
Dylan"
info@docbraces.com,docbraces Sydney,docbraces.com,Orthodontist,Sydney,Idea for docbraces Sydney,"Hi,

My name's Dylan, I'm a Dalhousie student in Halifax building AI for local businesses. I came across docbraces Sydney and thought this might be relevant.

Most ortho offices I've talked to lose consultation leads because the front desk is swamped. I built an AI receptionist that picks up every call, books appointments, and re-engages past clients sitting in your system.

No pressure at all, but if you're curious I'd love to show you how it works: calendly.com/realsideai

Best,
Dylan"
user@domain.com,Dr Kevin Burns,www.burnsdentistry.ca,Dentist,Sydney,Sydney student with an idea for Dr Kevin Burns,"Hi,

My name's Dylan, I'm a Dalhousie student in Halifax building AI for local businesses. I came across Dr Kevin Burns and thought this might be relevant.

I know how many calls dental offices miss during cleanings and procedures. I built an AI receptionist that picks up every call, books appointments, and re-engages past clients sitting in your system.

No pressure at all, but if you're curious I'd love to show you how it works: calendly.com/realsideai

Best,
Dylan"
reception@landmarkdentalcare.ca,Landmark Dental Care,landmarkdentalcare.ca,Dentist,Truro,"Dal student, quick question for Landmark Dental Care","Hi there,

I'm Dylan, a student at Dalhousie University here in Halifax. I've been building an AI phone agent for local service businesses and wanted to reach out to Landmark Dental Care.

Most dental practices I've talked to lose 5-10 new patient calls a week to voicemail. So I built something that answers every call 24/7, books appointments, and follows up with past clients automatically.

Would you be open to a quick 10-minute chat to see if it could work for Landmark Dental Care? Here's my calendar: calendly.com/realsideai

Cheers,
Dylan"
infotr@alliancedental.ca,Alliance Dental Truro,www.alliancedentaltruro.ca,Dental clinic,Truro,Would this help Alliance Dental Truro?,"Hi,

My name's Dylan, I'm a Dalhousie student in Halifax building AI for local businesses. I came across Alliance Dental Truro and thought this might be relevant.

I know how many calls dental clinics miss during procedures. I built an AI receptionist that picks up every call, books appointments, and re-engages past clients sitting in your system.

No pressure at all, but if you're curious I'd love to show you how it works: calendly.com/realsideai

Best,
Dylan"
dominiondental@eastlink.ca,Dominion Family Dentistry,www.dominiondentistry.com,Dentist,Truro,Idea for Dominion Family Dentistry,"Hey there,

I'm a student at Dal here in Halifax, and I've been working on an AI receptionist built for local businesses like Dominion Family Dentistry.

I've been researching how many new patient calls go unanswered at dental offices during peak hours. The AI I built picks up every single call, books appointments, and texts clients back if they called after hours.

Would you be open to a quick demo? I promise it's only 10 minutes: calendly.com/realsideai

Dylan"
bhfdadmin@arbourdentalgroup.ca,Bible Hill Family Dentistry,bhfamilydentistry.ca,Dentist,Truro,Bible Hill Family Dentistry + AI (from a Dal student),"Hey there,

I'm a student at Dal here in Halifax, and I've been working on an AI receptionist built for local businesses like Bible Hill Family Dentistry.

Most dental practices I've talked to lose 5-10 new patient calls a week to voicemail. The AI I built picks up every single call, books appointments, and texts clients back if they called after hours.

Would you be open to a quick demo? I promise it's only 10 minutes: calendly.com/realsideai

Dylan"
info@eastcoastsmile.com,East Coast Dental Centre,www.eastcoastsmile.com,Dentist,Truro,Quick question for East Coast,"Hi there,

I'm Dylan, a student at Dalhousie University here in Halifax. I've been building an AI phone agent for local service businesses and wanted to reach out to East Coast Dental Centre.

I've been researching how many new patient calls go unanswered at dental offices during peak hours. So I built something that answers every call 24/7, books appointments, and follows up with past clients automatically.

Would you be open to a quick 10-minute chat to see if it could work for East Coast? Here's my calendar: calendly.com/realsideai

Cheers,
Dylan"
reception@trurods.com,Truro Dental Specialists,www.trurodentalspecialists.com,Oral and maxillofacial surgeon,Truro,Truro Dental Specialists + AI (from a Dal student),"Hey there,

I'm a student at Dal here in Halifax, and I've been working on an AI receptionist built for local businesses like Truro Dental Specialists.

Most local businesses I've talked to lose new clients just because no one could pick up the phone. The AI I built picks up every single call, books appointments, and texts clients back if they called after hours.

Would you be open to a quick demo? I promise it's only 10 minutes: calendly.com/realsideai

Dylan"
truroperio@bellaliant.net,Truro Periodontist,www.truroperio.com,Dentist,Truro,Truro Periodontist + AI (from a Dal student),"Hi,

My name's Dylan, I'm a Dalhousie student in Halifax building AI for local businesses. I came across Truro Periodontist and thought this might be relevant.

Most dental practices I've talked to lose 5-10 new patient calls a week to voicemail. I built an AI receptionist that picks up every call, books appointments, and re-engages past clients sitting in your system.

No pressure at all, but if you're curious I'd love to show you how it works: calendly.com/realsideai

Best,
Dylan"
info@elegancedental.ca,Elegance Dental Centre,www.elegancedental.ca,Dentist,Halifax,Quick question for Elegance,"Hi,

I'm Dylan from Dalhousie University. I've been building AI phone agents specifically for dentists in Nova Scotia and wanted to connect with Elegance Dental Centre.

I've been researching how many new patient calls go unanswered at dental offices during peak hours. What I've built answers every call, handles scheduling, and can even re-engage old clients who dropped off.

If you're open to it, I'd love 10 minutes to show you: calendly.com/realsideai

Talk soon,
Dylan"
info@bedfordperiodontics.ca,Bedford Periodontics,www.bedfordperiodontics.ca,Periodontist,Bedford,Would this help Bedford Periodontics?,"Hi there,

I'm Dylan, a student at Dalhousie University here in Halifax. I've been building an AI phone agent for local service businesses and wanted to reach out to Bedford Periodontics.

I've been researching how many potential clients local businesses lose to missed calls and slow follow-up. So I built something that answers every call 24/7, books appointments, and follows up with past clients automatically.

Would you be open to a quick 10-minute chat to see if it could work for Bedford Periodontics? Here's my calendar: calendly.com/realsideai

Cheers,
Dylan"
info@vividdhs.ca,Vivid Dental Hygiene Studio,vividdhs.ca,Dental hygienist,Bedford,For Vivid Dental Hygiene re: missed calls,"Hey,

I'm a Dalhousie student working on something I think could help Vivid Dental Hygiene Studio.

Most local businesses I've talked to lose new clients just because no one could pick up the phone. I've built an AI that handles your incoming calls 24/7, books appointments into your calendar, and automatically follows up with clients who haven't been in for a while.

Would a quick chat be worth your time? Happy to walk you through it: calendly.com/realsideai

Dylan"
contact@sackvilledental.ca,Sackville Dental Centre,www.sackvilledental.ca,Dental clinic,Lower Sackville,Sackville + AI (from a Dal student),"Hi,

Quick intro: I'm Dylan, a Dalhousie student building AI tools for local Lower Sackville businesses. Thought Sackville Dental Centre might find this interesting.

Most dental clinics I've talked to lose new patient calls every week to voicemail. I've put together an AI agent that answers calls around the clock, books appointments, and brings back past clients who haven't visited in months.

Worth a quick look? Here's my calendar if so: calendly.com/realsideai

Cheers,
Dylan"
aemary@novadental.ca,Nova Dental Associates Inc,www.novadental.ca,Dental clinic,Lower Sackville,Saw Nova in Lower Sackville,"Hi,

My name's Dylan, I'm a Dalhousie student in Halifax building AI for local businesses. I came across Nova Dental Associates Inc and thought this might be relevant.

I know how many calls dental clinics miss during procedures. I built an AI receptionist that picks up every call, books appointments, and re-engages past clients sitting in your system.

No pressure at all, but if you're curious I'd love to show you how it works: calendly.com/realsideai

Best,
Dylan"
info@thebracespacebedford.com,The Brace Space @ Bedford,www.thebracespace.com,Orthodontist,Bedford,Saw The Brace Space @ Bedford in Bedford,"Hi there,

I'm Dylan, a student at Dalhousie University here in Halifax. I've been building an AI phone agent for local service businesses and wanted to reach out to The Brace Space @ Bedford.

I know parents calling about braces consultations hate getting voicemail. So I built something that answers every call 24/7, books appointments, and follows up with past clients automatically.

Would you be open to a quick 10-minute chat to see if it could work for The Brace Space @ Bedford? Here's my calendar: calendly.com/realsideai

Cheers,
Dylan"
info@rockinghamridgedental.com,Rockingham Ridge Dental Centre,www.rockinghamridgedental.com,Dental clinic,Halifax,Halifax student with an idea for Rockingham Ridge,"Hey there,

I'm a student at Dal here in Halifax, and I've been working on an AI receptionist built for local businesses like Rockingham Ridge Dental Centre.

I know how many calls dental clinics miss during procedures. The AI I built picks up every single call, books appointments, and texts clients back if they called after hours.

Would you be open to a quick demo? I promise it's only 10 minutes: calendly.com/realsideai

Dylan"
info@communitydental.ca,Community Dental Center,www.communitydental.ca,Dentist,Lower Sackville,Community + AI (from a Dal student),"Hey,

I'm a Dalhousie student working on something I think could help Community Dental Center.

I've been researching how many new patient calls go unanswered at dental offices during peak hours. I've built an AI that handles your incoming calls 24/7, books appointments into your calendar, and automatically follows up with clients who haven't been in for a while.

Would a quick chat be worth your time? Happy to walk you through it: calendly.com/realsideai

Dylan"
info@daybreakortho.ca,Daybreak Orthodontics,daybreakortho.ca,Orthodontist,Bedford,Quick question for Daybreak Orthodontics,"Hi,

I'm Dylan from Dalhousie University. I've been building AI phone agents specifically for orthodontists in Nova Scotia and wanted to connect with Daybreak Orthodontics.

I know parents calling about braces consultations hate getting voicemail. What I've built answers every call, handles scheduling, and can even re-engage old clients who dropped off.

If you're open to it, I'd love 10 minutes to show you: calendly.com/realsideai

Talk soon,
Dylan"
dianna@dmhygiene.ca,Dental Magic Hygiene Studio,www.dmhygiene.ca,Dental clinic,Middle Sackville,Would this help Dental Magic Hygiene?,"Hey,

I'm a Dalhousie student working on something I think could help Dental Magic Hygiene Studio.

I've been looking into how dental clinics handle call volume during busy hours. I've built an AI that handles your incoming calls 24/7, books appointments into your calendar, and automatically follows up with clients who haven't been in for a while.

Would a quick chat be worth your time? Happy to walk you through it: calendly.com/realsideai

Dylan"
user@domain.com,Radiance Dental Hygiene & Teeth Whitening,www.radiancedh.com,Dental hygienist,Halifax,Radiance Dental Hygiene & + AI (from a Dal student),"Hi there,

I'm Dylan, a student at Dalhousie University here in Halifax. I've been building an AI phone agent for local service businesses and wanted to reach out to Radiance Dental Hygiene & Teeth Whitening.

I know how many calls service businesses miss during their busiest hours. So I built something that answers every call 24/7, books appointments, and follows up with past clients automatically.

Would you be open to a quick 10-minute chat to see if it could work for Radiance Dental Hygiene &? Here's my calendar: calendly.com/realsideai

Cheers,
Dylan"
info@timberleadental.ca,Timberlea Dental Centre,www.timberleadental.ca,Dental clinic,Timberlea,For Timberlea re: missed calls,"Hey there,

I'm a student at Dal here in Halifax, and I've been working on an AI receptionist built for local businesses like Timberlea Dental Centre.

Most dental clinics I've talked to lose new patient calls every week to voicemail. The AI I built picks up every single call, books appointments, and texts clients back if they called after hours.

Would you be open to a quick demo? I promise it's only 10 minutes: calendly.com/realsideai

Dylan"
info@chainlakedental.com,Chain Lake Dental Center,chainlakedental.com,Dentist,Halifax,Chain Lake + AI (from a Dal student),"Hi there,

I'm Dylan, a student at Dalhousie University here in Halifax. I've been building an AI phone agent for local service businesses and wanted to reach out to Chain Lake Dental Center.

I've been researching how many new patient calls go unanswered at dental offices during peak hours. So I built something that answers every call 24/7, books appointments, and follows up with past clients automatically.

Would you be open to a quick 10-minute chat to see if it could work for Chain Lake? Here's my calendar: calendly.com/realsideai

Cheers,
Dylan"
info@fundydental.com,Fundy Dental Emergency Clinic,www.fundydental.com,Dental clinic,Coldbrook,"Dal student, quick question for Fundy Dental Emergency","Hi,

I'm Dylan from Dalhousie University. I've been building AI phone agents specifically for dental clinics in Nova Scotia and wanted to connect with Fundy Dental Emergency Clinic.

I know how many calls dental clinics miss during procedures. What I've built answers every call, handles scheduling, and can even re-engage old clients who dropped off.

If you're open to it, I'd love 10 minutes to show you: calendly.com/realsideai

Talk soon,
Dylan"
chris.branton@crombie.ca,Fundy Trail Centre,www.crombie.ca,Dentist,Truro,Fundy Trail + AI (from a Dal student),"Hi there,

I'm Dylan, a student at Dalhousie University here in Halifax. I've been building an AI phone agent for local service businesses and wanted to reach out to Fundy Trail Centre.

I know how many calls dental offices miss during cleanings and procedures. So I built something that answers every call 24/7, books appointments, and follows up with past clients automatically.

Would you be open to a quick 10-minute chat to see if it could work for Fundy Trail? Here's my calendar: calendly.com/realsideai

Cheers,
Dylan"
light-bracket-orthodontic-clinic-moncton-dieppe@1x.png,GLO Braces Truro,www.globraces.com,Orthodontist,Truro,Would this help GLO Braces Truro?,"Hi there,

I'm Dylan, a student at Dalhousie University here in Halifax. I've been building an AI phone agent for local service businesses and wanted to reach out to GLO Braces Truro.

I know parents calling about braces consultations hate getting voicemail. So I built something that answers every call 24/7, books appointments, and follows up with past clients automatically.

Would you be open to a quick 10-minute chat to see if it could work for GLO Braces Truro? Here's my calendar: calendly.com/realsideai

Cheers,
Dylan"
amaceachern@pm-co.ca,The Hub Shopping Centre,www.trurohub.ca,Shopping mall,Truro,For The Hub Shopping re: missed calls,"Hey,

I'm a Dalhousie student working on something I think could help The Hub Shopping Centre.

I've been researching how many potential clients local businesses lose to missed calls and slow follow-up. I've built an AI that handles your incoming calls 24/7, books appointments into your calendar, and automatically follows up with clients who haven't been in for a while.

Would a quick chat be worth your time? Happy to walk you through it: calendly.com/realsideai

Dylan"
rx0594@sobeys.com,Sobeys Truro,www.sobeys.com,Supermarket,Truro,Idea for Sobeys Truro,"Hi,

I'm Dylan from Dalhousie University. I've been building AI phone agents specifically for supermarkets in Nova Scotia and wanted to connect with Sobeys Truro.

Most local businesses I've talked to lose new clients just because no one could pick up the phone. What I've built answers every call, handles scheduling, and can even re-engage old clients who dropped off.

If you're open to it, I'd love 10 minutes to show you: calendly.com/realsideai

Talk soon,
Dylan"
reception@smbd.ca,St Margarets Bay Dental,smbd.ca,Dental clinic,Upper Tantallon,Upper Tantallon student with an idea for St Margarets Bay,"Hi,

I'm Dylan from Dalhousie University. I've been building AI phone agents specifically for dental clinics in Nova Scotia and wanted to connect with St Margarets Bay Dental.

I've been looking into how dental clinics handle call volume during busy hours. What I've built answers every call, handles scheduling, and can even re-engage old clients who dropped off.

If you're open to it, I'd love 10 minutes to show you: calendly.com/realsideai

Talk soon,
Dylan"
info@armviewdentistry.ca,Armview Dentistry,www.armviewdentistry.ca,Dentist,Halifax,Idea for Armview Dentistry,"Hey,

I'm a Dalhousie student working on something I think could help Armview Dentistry.

Most dental practices I've talked to lose 5-10 new patient calls a week to voicemail. I've built an AI that handles your incoming calls 24/7, books appointments into your calendar, and automatically follows up with clients who haven't been in for a while.

Would a quick chat be worth your time? Happy to walk you through it: calendly.com/realsideai

Dylan"
info@dentistryhalifax.com,Northwest Dentistry,www.dentistryhalifax.com,Dentist,Halifax,"Dal student, quick question for Northwest Dentistry","Hi,

Quick intro: I'm Dylan, a Dalhousie student building AI tools for local Halifax businesses. Thought Northwest Dentistry might find this interesting.

I've been researching how many new patient calls go unanswered at dental offices during peak hours. I've put together an AI agent that answers calls around the clock, books appointments, and brings back past clients who haven't visited in months.

Worth a quick look? Here's my calendar if so: calendly.com/realsideai

Cheers,
Dylan"
info@hantscountydental.ca,Hants County Dental Centre,www.hantscountydental.ca,Dental clinic,Falmouth,Would this help Hants County?,"Hi there,

I'm Dylan, a student at Dalhousie University here in Halifax. I've been building an AI phone agent for local service businesses and wanted to reach out to Hants County Dental Centre.

I know how many calls dental clinics miss during procedures. So I built something that answers every call 24/7, books appointments, and follows up with past clients automatically.

Would you be open to a quick 10-minute chat to see if it could work for Hants County? Here's my calendar: calendly.com/realsideai

Cheers,
Dylan"
info@transcendentalgroup.ca,TranscenDental Group at Waverley Road,www.transcendentalgroup.ca,Dental clinic,Dartmouth,For TranscenDental Group at re: missed calls,"Hi,

My name's Dylan, I'm a Dalhousie student in Halifax building AI for local businesses. I came across TranscenDental Group at Waverley Road and thought this might be relevant.

I've been looking into how dental clinics handle call volume during busy hours. I built an AI receptionist that picks up every call, books appointments, and re-engages past clients sitting in your system.

No pressure at all, but if you're curious I'd love to show you how it works: calendly.com/realsideai

Best,
Dylan"
monarchdentureclinic@gmail.com,Monarch Denture Clinic,www.monarchdentureclinic.com,Denture care center,Dartmouth,Quick question for Monarch Denture,"Hi,

I'm Dylan from Dalhousie University. I've been building AI phone agents specifically for denture care centers in Nova Scotia and wanted to connect with Monarch Denture Clinic.

I know how many calls service businesses miss during their busiest hours. What I've built answers every call, handles scheduling, and can even re-engage old clients who dropped off.

If you're open to it, I'd love 10 minutes to show you: calendly.com/realsideai

Talk soon,
Dylan"
zwickerdental@eastlink.ca,"Dr. Peter Zwicker Dental Services Inc.,",www.zwickerdental.ca,Dental clinic,Dartmouth,"Dal student, quick question for Peter Zwicker Dental Services","Hi there,

I'm Dylan, a student at Dalhousie University here in Halifax. I've been building an AI phone agent for local service businesses and wanted to reach out to Dr. Peter Zwicker Dental Services Inc.,.

Most dental clinics I've talked to lose new patient calls every week to voicemail. So I built something that answers every call 24/7, books appointments, and follows up with past clients automatically.

Would you be open to a quick 10-minute chat to see if it could work for Peter Zwicker Dental Services? Here's my calendar: calendly.com/realsideai

Cheers,
Dylan"
contact@lumixortho.com,Lumix Orthodontics,lumixortho.com,Orthodontist,Dartmouth,Would this help Lumix Orthodontics?,"Hi,

My name's Dylan, I'm a Dalhousie student in Halifax building AI for local businesses. I came across Lumix Orthodontics and thought this might be relevant.

Most ortho offices I've talked to lose consultation leads because the front desk is swamped. I built an AI receptionist that picks up every call, books appointments, and re-engages past clients sitting in your system.

No pressure at all, but if you're curious I'd love to show you how it works: calendly.com/realsideai

Best,
Dylan"
reception@dmsdentistry.com,Dr. Mark Sutherland Dentistry Inc. (DMS DENTISTRY),dmsdentistry.com,Dental clinic,Halifax,Mark Sutherland Dentistry + AI (from a Dal student),"Hi there,

I'm Dylan, a student at Dalhousie University here in Halifax. I've been building an AI phone agent for local service businesses and wanted to reach out to Dr. Mark Sutherland Dentistry Inc. (DMS DENTISTRY).

Most dental clinics I've talked to lose new patient calls every week to voicemail. So I built something that answers every call 24/7, books appointments, and follows up with past clients automatically.

Would you be open to a quick 10-minute chat to see if it could work for Mark Sutherland Dentistry? Here's my calendar: calendly.com/realsideai

Cheers,
Dylan"
info@sublimedentistry.ca,Sublime Dentistry,sublimedentistry.ca,Dentist,Halifax,For Sublime Dentistry re: missed calls,"Hi there,

I'm Dylan, a student at Dalhousie University here in Halifax. I've been building an AI phone agent for local service businesses and wanted to reach out to Sublime Dentistry.

I've been researching how many new patient calls go unanswered at dental offices during peak hours. So I built something that answers every call 24/7, books appointments, and follows up with past clients automatically.

Would you be open to a quick 10-minute chat to see if it could work for Sublime Dentistry? Here's my calendar: calendly.com/realsideai

Cheers,
Dylan"
frontstaff2@hotmail.com,Dr Michael Arsenault & Associates,www.doctormike.ca,Dentist,Halifax,"Dal student, quick question for Dr Michael Arsenault &","Hi,

I'm Dylan from Dalhousie University. I've been building AI phone agents specifically for dentists in Nova Scotia and wanted to connect with Dr Michael Arsenault & Associates.

I know how many calls dental offices miss during cleanings and procedures. What I've built answers every call, handles scheduling, and can even re-engage old clients who dropped off.

If you're open to it, I'd love 10 minutes to show you: calendly.com/realsideai

Talk soon,
Dylan"
reception@coburgdentistry.com,Coburg Dentistry Inc.,www.coburgdentistry.com,Dental clinic,Halifax,For Coburg Dentistry re: missed calls,"Hi,

Quick intro: I'm Dylan, a Dalhousie student building AI tools for local Halifax businesses. Thought Coburg Dentistry Inc. might find this interesting.

Most dental clinics I've talked to lose new patient calls every week to voicemail. I've put together an AI agent that answers calls around the clock, books appointments, and brings back past clients who haven't visited in months.

Worth a quick look? Here's my calendar if so: calendly.com/realsideai

Cheers,
Dylan"
info@valleyfairdental.com,ValleyFair Dental Clinic,valleyfairdental.com,Dental clinic,Maple Ridge,Saw ValleyFair in Maple Ridge,"Hi,

Quick intro: I'm Dylan, a Dalhousie student building AI tools for local Maple Ridge businesses. Thought ValleyFair Dental Clinic might find this interesting.

Most dental clinics I've talked to lose new patient calls every week to voicemail. I've put together an AI agent that answers calls around the clock, books appointments, and brings back past clients who haven't visited in months.

Worth a quick look? Here's my calendar if so: calendly.com/realsideai

Cheers,
Dylan"
