company_name,email,phone,website,domain,address,city,province,rating,reviews,category,google_maps_url
Evergreen Dental,,+1 902-442-0200,https://www.evergreendentistry.ca/site/home?utm_source=G&utm_medium=LPM&utm_campaign=DentalCorp,www.evergreendentistry.ca,"530 Portland St, Dartmouth, NS B2Y 4V6, Canada",Dartmouth,Nova Scotia,4.9,485,Dentist,https://www.google.com/maps/search/?api=1&query=Evergreen%20Dental&query_place_id=ChIJQ2MJ1vIjWksRu9DTD6YF5ro
Dartmouth Dental Centre,,+1 902-463-0001,http://www.dartmouthdental.ca/?utm_source=google&utm_medium=wix_google_business_profile&utm_campaign=455296107804237935,www.dartmouthdental.ca,"41 Countryview Dr, Dartmouth, NS B3B 0G4, Canada",Dartmouth,Nova Scotia,4.5,43,Dentist,https://www.google.com/maps/search/?api=1&query=Dartmouth%20Dental%20Centre&query_place_id=ChIJ0wT4B1whWksROjmMkZxOUUA
Mic Mac Dental Centre,frontdesk@micmacdental.ca,+1 902-463-0880,http://www.micmacdentalcentre.ca/,www.micmacdentalcentre.ca,"Mic Mac Mall, 21 Micmac Blvd 3rd Level, Dartmouth, NS B3A 4N3, Canada",Dartmouth,Nova Scotia,4.5,205,Dentist,https://www.google.com/maps/search/?api=1&query=Mic%20Mac%20Dental%20Centre&query_place_id=ChIJq6qqOqomWksRSm7tCQsUXpU
Miller Dental Health Centre,user@domain.com,+1 902-434-3117,https://millerdentalhealthcentre.com/,millerdentalhealthcentre.com,"114 Woodlawn Rd, Dartmouth, NS B2W 1L3, Canada",Dartmouth,Nova Scotia,5,372,Dentist,https://www.google.com/maps/search/?api=1&query=Miller%20Dental%20Health%20Centre&query_place_id=ChIJYxOGSoojWksRiIwmmzZpTAI
Hillside Family Dental Associates,hillsidedental@eastlink.ca,+1 902-434-4701,http://www.hillsidefamilydental.ca/,www.hillsidefamilydental.ca,"650 Portland St, Dartmouth, NS B2W 6A3, Canada",Dartmouth,Nova Scotia,4.8,287,Dentist,https://www.google.com/maps/search/?api=1&query=Hillside%20Family%20Dental%20Associates&query_place_id=ChIJF9SAMIYjWksR6M7WOW6lqB0
Alderney Dental Group,,+1 902-466-7544,https://www.alderneydental.com/site/home?utm_source=G&utm_medium=LPM&utm_campaign=DentalCorp,www.alderneydental.com,"81 Alderney Dr, Dartmouth, NS B2Y 2N7, Canada",Dartmouth,Nova Scotia,4.9,567,Dental clinic,https://www.google.com/maps/search/?api=1&query=Alderney%20Dental%20Group&query_place_id=ChIJA1zcV-cjWksR4M3wITL9Mto
Woodlawn Dental Centre,reception@woodlawndental.ca,+1 902-434-1720,https://www.woodlawndental.ca/,www.woodlawndental.ca,"599 Portland St, Dartmouth, NS B2W 6K1, Canada",Dartmouth,Nova Scotia,4.8,51,Dental clinic,https://www.google.com/maps/search/?api=1&query=Woodlawn%20Dental%20Centre&query_place_id=ChIJM-z7oPpSV0AR6CRSlfPNK_4
Tacoma Dental Centre,info@tacomadental.ca,+1 902-434-3706,https://www.tacomadental.ca/,www.tacomadental.ca,"50 Tacoma Dr, Dartmouth, NS B2W 3E6, Canada",Dartmouth,Nova Scotia,4.8,85,Dentist,https://www.google.com/maps/search/?api=1&query=Tacoma%20Dental%20Centre&query_place_id=ChIJmx_hFQkkWksRCOca4wEOfDk
Dentistry4U,info@dentistry4u.life,+1 902-435-4848,http://www.dentistry4u.life/,www.dentistry4u.life,"133 Baker Dr Unit 106, Dartmouth, NS B2W 0M6, Canada",Dartmouth,Nova Scotia,4.6,144,Dental clinic,https://www.google.com/maps/search/?api=1&query=Dentistry4U&query_place_id=ChIJ_QRwppojWksRwB2PHSOF2D4
Westphal Dental,,+1 902-434-1411,http://westphaldental.ca/,westphaldental.ca,"99 Main St, Dartmouth, NS B2X 1R4, Canada",Dartmouth,Nova Scotia,4.9,75,Dental clinic,https://www.google.com/maps/search/?api=1&query=Westphal%20Dental&query_place_id=ChIJtRxeQOs6VEARoHa376u2Yd4
Portland Dental Associates,,+1 902-465-2140,,,"44 Portland St, Dartmouth, NS B2Y 1H3, Canada",Dartmouth,Nova Scotia,4.7,18,Dentist,https://www.google.com/maps/search/?api=1&query=Portland%20Dental%20Associates&query_place_id=ChIJJy4EROcjWksRCpLnfwb6w2I
Alliance Dental Dartmouth,infodart@alliancedental.ca,+1 902-435-0473,https://www.alliancedentaldartmouth.ca/?utm_source=google&utm_medium=organic&utm_campaign=gmb-listing,www.alliancedentaldartmouth.ca,"635 Portland Hills Dr #204, Dartmouth, NS B2W 0J7, Canada",Dartmouth,Nova Scotia,4.7,62,Dentist,https://www.google.com/maps/search/?api=1&query=Alliance%20Dental%20Dartmouth&query_place_id=ChIJW14cRQkkWksR8HoaZabS_sc
Burnside Dental Centre,contact@burnsidedental.ca,+1 902-468-2361,http://burnsidedental.ca/,burnsidedental.ca,"202 Brownlow Ave Unit C-CA, Dartmouth, NS B3B 1T5, Canada",Dartmouth,Nova Scotia,4.8,16,Dentist,https://www.google.com/maps/search/?api=1&query=Burnside%20Dental%20Centre&query_place_id=ChIJKftaE8YmWksR4IDnPzO1KHM
Cole Harbour Dental Centre,,+1 902-435-5290,http://chdc.ca/,chdc.ca,"4 Forest Hills Pkwy, Dartmouth, NS B2W 5G7, Canada",Dartmouth,Nova Scotia,4.7,100,Dental clinic,https://www.google.com/maps/search/?api=1&query=Cole%20Harbour%20Dental%20Centre&query_place_id=ChIJIR_Jp4UkWksRYOaltt2EAj0
Ocean Park Dental,info@oceanparkdental.ca,+1 902-469-0283,https://www.oceanparkdental.ca/,www.oceanparkdental.ca,"30 Ragus Rd, Dartmouth, NS B2Y 4R6, Canada",Dartmouth,Nova Scotia,4.7,28,Dentist,https://www.google.com/maps/search/?api=1&query=Ocean%20Park%20Dental&query_place_id=ChIJhX_0-L0jWksRR0FyaARhVRQ
Millstone Dental Centre,millstone.dental@eastlink.ca,+1 902-434-5935,https://www.millstonedental.ca/?utm_source=google&utm_medium=organic&utm_campaign=gmb-listing,www.millstonedental.ca,"250 Baker Dr, Dartmouth, NS B2W 6L4, Canada",Dartmouth,Nova Scotia,4.9,28,Dentist,https://www.google.com/maps/search/?api=1&query=Millstone%20Dental%20Centre&query_place_id=ChIJ_bQPR5ojWksRNF8kwJmaC6s
32 Pearls Dental,reception@32pearlsdental.ca,+1 902-461-0130,https://www.32pearlsdental.ca/,www.32pearlsdental.ca,"380 Pleasant St, Dartmouth, NS B2Y 3S5, Canada",Dartmouth,Nova Scotia,4.7,14,Dentist,https://www.google.com/maps/search/?api=1&query=32%20Pearls%20Dental&query_place_id=ChIJGwN95K8jWksR4ZPb4oUYaN8
Dr. Nancy Kennedy Dentistry,,+1 902-464-4444,https://www.nancykennedydentistry.ca/meet-our-team,www.nancykennedydentistry.ca,"190 Victoria Rd Ext, Dartmouth, NS B3A 1W2, Canada",Dartmouth,Nova Scotia,3.5,156,Dental clinic,https://www.google.com/maps/search/?api=1&query=Dr.%20Nancy%20Kennedy%20Dentistry&query_place_id=ChIJ9zEEn1ohWksRETiqa0A_Zys
Dartmouth Dental,,(508) 994-8300,,,"343 State Rd North, Dartmouth, MA 02747",Dartmouth,Nova Scotia,4.5,26,Dentist,https://www.google.com/maps/search/?api=1&query=Dartmouth%20Dental&query_place_id=ChIJqzNB9UTj5IkRQ2hWmKAkY1o
Bedford Dental Centre,info@bedforddental.ca,+1 902-835-3954,http://www.bedforddental.ca/,www.bedforddental.ca,"1658 Bedford Hwy Suite 240, Bedford, NS B4A 2B6, Canada",Bedford,Nova Scotia,4.6,54,Dentist,https://www.google.com/maps/search/?api=1&query=Bedford%20Dental%20Centre&query_place_id=ChIJByrX88WJWUsRztuqH75OBiQ
Bedford Highway Dentistry,info@bedfordhighwaydentistry.ca,+1 902-832-4228,https://bedfordhighwaydentistry.ca/,bedfordhighwaydentistry.ca,"827 Bedford Hwy #102B, Bedford, NS B4A 0J1, Canada",Bedford,Nova Scotia,5,45,Dental clinic,https://www.google.com/maps/search/?api=1&query=Bedford%20Highway%20Dentistry&query_place_id=ChIJHc-JzoiJWUsRjvDR0C55mAI
Mill Cove Dental Centre,reception@millcovedental.ca,+1 902-835-5696,https://www.millcovedental.ca/?utm_source=google&utm_medium=organic&utm_campaign=gmb-listing,www.millcovedental.ca,"961 Bedford Hwy, Bedford, NS B4A 1A9, Canada",Bedford,Nova Scotia,4.8,91,Dentist,https://www.google.com/maps/search/?api=1&query=Mill%20Cove%20Dental%20Centre&query_place_id=ChIJiekQPPSJWUsREDATT3SR7lk
The Parks of West Bedford Dentistry,info@theparksdentistry.com,+1 902-431-7999,https://www.theparksdentistry.com/,www.theparksdentistry.com,"50 Gary Martin Dr, Bedford, NS B4B 0P9, Canada",Bedford,Nova Scotia,4.9,547,Dentist,https://www.google.com/maps/search/?api=1&query=The%20Parks%20of%20West%20Bedford%20Dentistry&query_place_id=ChIJYxis-YKJWUsRUeAuAOHfris
Bedford House Dentists,info@bedforddentists.com,+1 902-835-5286,https://www.bedforddentists.com/?utm_source=google&utm_medium=organic&utm_campaign=gmb-listing,www.bedforddentists.com,"1595 Bedford Hwy #401, Bedford, NS B4A 3Y4, Canada",Bedford,Nova Scotia,4.9,200,Dentist,https://www.google.com/maps/search/?api=1&query=Bedford%20House%20Dentists&query_place_id=ChIJme2t5lc3VEARPiM9kismbRE
Bedford South Dentistry,reception@bedfordsouthdentistry.com,+1 902-433-6825,http://www.bedfordsouthdentistry.com/,www.bedfordsouthdentistry.com,"15 Peakview Way #300, Halifax, NS B3M 0G2, Canada",Halifax,Nova Scotia,4.9,560,Dentist,https://www.google.com/maps/search/?api=1&query=Bedford%20South%20Dentistry&query_place_id=ChIJqz_g0xOKWUsRSpF8aRmx1f8
Summit Dentistry,dentists@summitdentistry.net,+1 902-832-4646,https://www.summitdentistry.net/,www.summitdentistry.net,"30 Damascus Rd Suite 105, Bedford, NS B4A 0C2, Canada",Bedford,Nova Scotia,4.9,258,Dentist,https://www.google.com/maps/search/?api=1&query=Summit%20Dentistry&query_place_id=ChIJxWaOPTeIWUsRpXzbTWEQOSE
Ravines Dental Centre,ravinesdental@gmail.com,+1 902-426-4646,https://ravinesdental.ca/,ravinesdental.ca,"540 Southgate Dr, Bedford, NS B4A 0E1, Canada",Bedford,Nova Scotia,5,524,Dentist,https://www.google.com/maps/search/?api=1&query=Ravines%20Dental%20Centre&query_place_id=ChIJ8514THGLWUsRtQnzy6W0LwM
Southgate Dentistry,info@southgatedentistry.ca,+1 902-444-3878,http://www.southgatedentistry.ca/,www.southgatedentistry.ca,"84 Hogan Ct Unit d2, Bedford, NS B4B 2G2, Canada",Bedford,Nova Scotia,4.8,160,Dental clinic,https://www.google.com/maps/search/?api=1&query=Southgate%20Dentistry&query_place_id=ChIJ4cVjZgOKWUsRZLzTmF6vHlc
Hammond Dental Centre,info@hammonddental.ca,+1 902-835-1031,http://www.hammonddental.ca/,www.hammonddental.ca,"950 Bedford Hwy, Bedford, NS B4A 1B2, Canada",Bedford,Nova Scotia,4.4,33,Dentist,https://www.google.com/maps/search/?api=1&query=Hammond%20Dental%20Centre&query_place_id=ChIJ01ZscfSJWUsR4b0iy6a3hM8
Basin View Family Dentistry,frontdesk@basinviewsmiles.ca,+1 902-832-4490,http://www.basinviewsmiles.ca/,www.basinviewsmiles.ca,"200 Waterfront Dr, Bedford, NS B4A 4J4, Canada",Bedford,Nova Scotia,4.1,21,Dentist,https://www.google.com/maps/search/?api=1&query=Basin%20View%20Family%20Dentistry&query_place_id=ChIJfx1UKPGJWUsRciyaD-s12KQ
Granville Dental Centre,granvillereception@gmail.com,+1 902-835-6554,https://www.granvilledentists.com/,www.granvilledentists.com,"1083 Bedford Hwy, Bedford, NS B4A 1B7, Canada",Bedford,Nova Scotia,4.3,132,Dentist,https://www.google.com/maps/search/?api=1&query=Granville%20Dental%20Centre&query_place_id=ChIJ80SBIvKJWUsRCcqe60mBU4A
Brookline Dentistry,info@brooklinedentistry.ca,+1 902-832-8885,http://brooklinedentistry.ca/,brooklinedentistry.ca,"6 Bloom Ln, Bedford, NS B4B 2E6, Canada",Bedford,Nova Scotia,4.9,77,Dental clinic,https://www.google.com/maps/search/?api=1&query=Brookline%20Dentistry&query_place_id=ChIJe-PsV9qLWUsRyOR_JKf8uI4
Larry Uteck Dentistry,info@larryuteckdentistry.ca,+1 902-444-7100,https://www.larryuteckdentistry.ca/,www.larryuteckdentistry.ca,"1201 Larry Uteck Blvd Suite 104, Bedford, NS B4B 0S9, Canada",Bedford,Nova Scotia,4.8,174,Dentist,https://www.google.com/maps/search/?api=1&query=Larry%20Uteck%20Dentistry&query_place_id=ChIJH5bxZ-aLWUsRYWCbqjQBTn8
Bridgeview Dental,,+1 902-445-9255,http://www.smilehalifax.ca/,www.smilehalifax.ca,"273 Bedford Hwy 3rd Floor, Halifax, NS B3M 2K5, Canada",Halifax,Nova Scotia,4.8,211,Dentist,https://www.google.com/maps/search/?api=1&query=Bridgeview%20Dental&query_place_id=ChIJVboInu4gWksR7WS8vOWJWIM
Penhorn Dental Centre,info@penhorndental.ca,+1 902-465-4210,http://www.penhorndental.ca/,www.penhorndental.ca,"569 Portland St, Dartmouth, NS B2Y 4B1, Canada",Dartmouth,Nova Scotia,4.2,19,Dental clinic,https://www.google.com/maps/search/?api=1&query=Penhorn%20Dental%20Centre&query_place_id=ChIJr2sSfPQjWksRkE14iU2HmI4
Happy Smiles Dental Hygiene,jayne@happy-smiles.ca,+1 902-444-1110,http://www.happy-smiles.ca/,www.happy-smiles.ca,"1081 Cole Harbour Rd Unit 1, Dartmouth, NS B2W 5V6, Canada",Dartmouth,Nova Scotia,4.8,25,Dental clinic,https://www.google.com/maps/search/?api=1&query=Happy%20Smiles%20Dental%20Hygiene&query_place_id=ChIJg7zFKgwkWksRBhisxbfAoh4
SouthWest Dental - Yarmouth,,+1 902-742-0191,https://www.southwestnovasmiles.com/site/home?utm_source=G&utm_medium=LPM&utm_campaign=DentalCorp,www.southwestnovasmiles.com,"13 Second St, Yarmouth, NS B5A 1T5, Canada",Yarmouth,Nova Scotia,4.8,467,Dental clinic,https://www.google.com/maps/search/?api=1&query=SouthWest%20Dental%20-%20Yarmouth&query_place_id=ChIJXZxXZKoRVksRTFTPewPnv9E
Scotia Dental,,+1 902-444-8550,https://www.scotiadental.com/site/home?utm_source=G&utm_medium=LPM&utm_campaign=DentalCorp,www.scotiadental.com,"Duke, 5251 Duke St Tower, #602, Halifax, NS B3J 1P3, Canada",Halifax,Nova Scotia,4.8,1148,Dentist,https://www.google.com/maps/search/?api=1&query=Scotia%20Dental&query_place_id=ChIJkfTPgs0jWksRNKVEYgUZegM
Halifax Dental Group,,+1 902-482-3888,http://www.halifaxdental.ca/,www.halifaxdental.ca,"5991 Spring Garden Rd #260, Halifax, NS B3H 1Y6, Canada",Halifax,Nova Scotia,5,1059,Dentist,https://www.google.com/maps/search/?api=1&query=Halifax%20Dental%20Group&query_place_id=ChIJnzQ06i8iWksRTeycmfsQZSg
Atlantic Dental Centre,,+1 902-453-2100,https://www.atlanticdentalcentre.ca/site/home?utm_source=G&utm_medium=LPM&utm_campaign=DentalCorp,www.atlanticdentalcentre.ca,"7001 Mumford Rd Halifax Place, across from Starbucks, 2nd Floor, Suite, #201, Halifax, NS B3L 4R3, Canada",Halifax,Nova Scotia,4.8,788,Dentist,https://www.google.com/maps/search/?api=1&query=Atlantic%20Dental%20Centre&query_place_id=ChIJHcxd0pkhWksR5HzT1mYlXJI
Trimac Dental Centre,,+1 902-453-1234,https://www.trimacdental.com/site/home?utm_source=G&utm_medium=LPM&utm_campaign=DentalCorp,www.trimacdental.com,"6950 Mumford Rd #1, Halifax, NS B3L 4W1, Canada",Halifax,Nova Scotia,4.9,910,Dentist,https://www.google.com/maps/search/?api=1&query=Trimac%20Dental%20Centre&query_place_id=ChIJOWlBrZAhWksRmB_hgDjUIpQ
Park Lane Dental Specialists,info@parklanedental.ca,+1 902-422-5454,https://www.parklanedental.ca/?utm_source=google&utm_medium=organic&utm_campaign=gmb-listing,www.parklanedental.ca,"5657 Spring Garden Rd Suite 600, Halifax, NS B3J 3R4, Canada",Halifax,Nova Scotia,4.9,208,Periodontist,https://www.google.com/maps/search/?api=1&query=Park%20Lane%20Dental%20Specialists&query_place_id=ChIJd2py1DMiWksR7LRyq6i1fXg
Gladstone Dental Centre,,+1 902-707-4155,https://www.gladstonedental.ca/site/home?utm_source=G&utm_medium=LPM&utm_campaign=DentalCorp,www.gladstonedental.ca,"6155 North St #405, Halifax, NS B3K 5R3, Canada",Halifax,Nova Scotia,4.7,575,Dentist,https://www.google.com/maps/search/?api=1&query=Gladstone%20Dental%20Centre&query_place_id=ChIJ3fKbuXghWksRBYU6MAj-5xw
Robie Street Dental Centre,,+1 902-421-7500,https://www.robiestreetdental.ca/site/home?utm_source=G&utm_medium=LPM&utm_campaign=DentalCorp,www.robiestreetdental.ca,"1584 Robie St, Halifax, NS B3H 3E6, Canada",Halifax,Nova Scotia,4.8,228,Dentist,https://www.google.com/maps/search/?api=1&query=Robie%20Street%20Dental%20Centre&query_place_id=ChIJV8cCEB0lVEARGuye_opFtc4
Parkland Dental,,+1 902-443-9999,https://www.parklandsmiles.ca/site/home?utm_source=G&utm_medium=LPM&utm_campaign=DentalCorp,www.parklandsmiles.ca,"998 Parkland Dr #104, Halifax, NS B3M 0A6, Canada",Halifax,Nova Scotia,4.9,510,Dentist,https://www.google.com/maps/search/?api=1&query=Parkland%20Dental&query_place_id=ChIJQzkzm5sgWksRq-AhQ1a4umQ
Anchor Dental,reception@anchordental.ca,+1 902-453-0060,http://www.anchordental.ca/,www.anchordental.ca,"6960 Mumford Rd Suite 130, Halifax, NS B3L 4P1, Canada",Halifax,Nova Scotia,5,334,Dentist,https://www.google.com/maps/search/?api=1&query=Anchor%20Dental&query_place_id=ChIJTfgKOpchWksRPGMPeNmNszg
Lakeside Dental,,+1 902-450-1569,https://www.lakesidedentalhalifax.ca/site/home,www.lakesidedentalhalifax.ca,"84 Chain Lake Dr #101, Halifax, NS B3S 1B4, Canada",Halifax,Nova Scotia,4.7,67,Dental clinic,https://www.google.com/maps/search/?api=1&query=Lakeside%20Dental&query_place_id=ChIJTR-0_ywgWksRE8KCidqdshw
Clayton Park Dental,,+1 902-457-5450,https://www.claytonparkdental.com/site/home?utm_source=G&utm_medium=LPM&utm_campaign=DentalCorp,www.claytonparkdental.com,"278 Lacewood Dr, Halifax, NS B3M 3N8, Canada",Halifax,Nova Scotia,4.7,401,Dentist,https://www.google.com/maps/search/?api=1&query=Clayton%20Park%20Dental&query_place_id=ChIJo5GH2VAgWksRFDqEvVKCEMM
Sante Dental,welcome@santedentalhalifax.ca,+1 902-423-3234,https://www.santedentalhalifax.ca/,www.santedentalhalifax.ca,"1535 Dresden Row, Halifax, NS B3J 3T1, Canada",Halifax,Nova Scotia,4.8,110,Dental clinic,https://www.google.com/maps/search/?api=1&query=Sante%20Dental&query_place_id=ChIJGe-eAS8iWksR0i5T-NuViMM
Handala Dental,info@handaladental.ca,+1 902-444-1948,http://handaladental.ca/,handaladental.ca,"5730 Young St, Halifax, NS B3K 1Z8, Canada",Halifax,Nova Scotia,4.9,226,Dentist,https://www.google.com/maps/search/?api=1&query=Handala%20Dental&query_place_id=ChIJMW5MhsYhWksRq1eup9edHAo
Lawen Dentistry - Halifax Professional Centre,info@ourdentist.ca,+1 902-424-1888,https://www.ourdentist.ca/,www.ourdentist.ca,"5991 Spring Garden Rd #275, Halifax, NS B3H 1Y6, Canada",Halifax,Nova Scotia,4.9,941,Dentist,https://www.google.com/maps/search/?api=1&query=Lawen%20Dentistry%20-%20Halifax%20Professional%20Centre&query_place_id=ChIJnzQ06i8iWksRzJdKoba8ySk
Complete Family Dentistry,,+1 902-404-3369,https://completefamilydentistry.ca/?utm_source=google-my-business&utm_medium=organic,completefamilydentistry.ca,"6417 Lady Hammond Rd, Halifax, NS B3K 2S4, Canada",Halifax,Nova Scotia,4.8,321,Dentist,https://www.google.com/maps/search/?api=1&query=Complete%20Family%20Dentistry&query_place_id=ChIJ61CM-g4hWksRBIhi2BcuwUI
halifax dental studio,info@halifaxdentalstudio.ca,+1 902-443-4111,http://www.halifaxdentalstudio.ca/,www.halifaxdentalstudio.ca,"255 Lacewood Dr, Halifax, NS B3M 4G2, Canada",Halifax,Nova Scotia,4.3,287,Dentist,https://www.google.com/maps/search/?api=1&query=halifax%20dental%20studio&query_place_id=ChIJk9gqCVcgWksRLIZVbhX4BJY
Lacewood Square Dentistry,info@lacewoodsquaredentistry.com,+1 902-443-3228,https://lacewoodsquaredentistry.com/?utm_source=gmb&utm_medium=gmb&utm_campaign=Websitelink,lacewoodsquaredentistry.com,"362 Lacewood Dr #10, Halifax, NS B3S 1M7, Canada",Halifax,Nova Scotia,4.7,216,Dentist,https://www.google.com/maps/search/?api=1&query=Lacewood%20Square%20Dentistry&query_place_id=ChIJTwYHiEQgWksR4G0BaitD6N4
Mumford Family Dental Centre,,+1 902-455-1499,https://mumfordfamilydental.ca/,mumfordfamilydental.ca,"6960 Mumford Rd Unit 2135, Halifax, NS B3L 4P1, Canada",Halifax,Nova Scotia,4.4,31,Dentist,https://www.google.com/maps/search/?api=1&query=Mumford%20Family%20Dental%20Centre&query_place_id=ChIJ7UBlK5chWksRH7TdiZvnW1U
Davidson Dental,,+1 902-423-6898,https://www.drmendodavidson.com/,www.drmendodavidson.com,"1764 Oxford St, Halifax, NS B3H 3Z6, Canada",Halifax,Nova Scotia,4.8,76,Dental clinic,https://www.google.com/maps/search/?api=1&query=Davidson%20Dental&query_place_id=ChIJ0_cs_yciWksRXAAZI2Jhm48
Dentistry on the Commons,dentistryonthecommons@gmail.com,+1 902-492-3838,https://www.halifaxdentistry.ca/,www.halifaxdentistry.ca,"2141 Windsor St, Halifax, NS B3K 5B5, Canada",Halifax,Nova Scotia,4.8,45,Dentist,https://www.google.com/maps/search/?api=1&query=Dentistry%20on%20the%20Commons&query_place_id=ChIJsfvhQoAhWksR1wroCs6F2kQ
Herring Cove Community Dentistry,info@herringcovedental.ca,+1 902-477-9457,https://www.herringcovedental.ca/,www.herringcovedental.ca,"303 Herring Cove Rd, Halifax, NS B3P 1M3, Canada",Halifax,Nova Scotia,4.9,976,Dentist,https://www.google.com/maps/search/?api=1&query=Herring%20Cove%20Community%20Dentistry&query_place_id=ChIJua9SCKkYWksRl49qwwps3pk
Park West Dental Office,parkwestdentalhalifax@gmail.com,+1 902-457-7787,http://www.parkwestdental.ca/,www.parkwestdental.ca,"287 Lacewood Dr Unit 300, Halifax, NS B3M 3Y7, Canada",Halifax,Nova Scotia,4.7,194,Dentist,https://www.google.com/maps/search/?api=1&query=Park%20West%20Dental%20Office&query_place_id=ChIJjShxUFcgWksRcymv53vg-f4
Lake Loon Family Dentistry,info@lakeloonfamilydentistry.com,+1 902-462-2000,https://lakeloonfamilydentistry.com/new-patients-welcome-dartmouth-dentist/contact-us/,lakeloonfamilydentistry.com,"783 Main St, Dartmouth, NS B2W 3T9, Canada",Dartmouth,Nova Scotia,4.8,22,Dental clinic,https://www.google.com/maps/search/?api=1&query=Lake%20Loon%20Family%20Dentistry&query_place_id=ChIJow0PDVEkWksRycv9abOwiLM
Bishop's Landing Dental Centre,reception@bishopslandingdental.com,+1 902-423-4193,http://www.bishopslandingdental.com/,www.bishopslandingdental.com,"1477 Lower Water St Unit 170, Halifax, NS B3J 3Z4, Canada",Halifax,Nova Scotia,4.5,42,Dentist,https://www.google.com/maps/search/?api=1&query=Bishop's%20Landing%20Dental%20Centre&query_place_id=ChIJWRuCFzUiWksRAw8ojsW4C7A
Interlude Spa Halifax,halifax@interlude.com,+1 902-469-2700,https://interlude.com/,interlude.com,"Queen's Marque, 1715 Lower Water St Suite 150, Halifax, NS B3J 0J4, Canada",Halifax,Nova Scotia,4.6,242,Day spa,https://www.google.com/maps/search/?api=1&query=Interlude%20Spa%20Halifax&query_place_id=ChIJIV7m_M0jWksRjPJGx9sZoZQ
Body Works Med Spa & Wellness,info@bodyworksmedspa.ca,+1 902-405-0858,http://www.bodyworksmedspa.ca/,www.bodyworksmedspa.ca,"1535 Dresden Row #206, Halifax, NS B3J 3T1, Canada",Halifax,Nova Scotia,4.6,45,Medical spa,https://www.google.com/maps/search/?api=1&query=Body%20Works%20Med%20Spa%20%26%20Wellness&query_place_id=ChIJ4TMNaowjWksRqRPfVzWUf6E
Monarchy Medispa Halifax,,+1 902-457-0525,http://www.monarchymedispa.com/?utm_source=google&utm_medium=wix_google_business_profile&utm_campaign=8436376266126156181,www.monarchymedispa.com,"480 Parkland Dr, Halifax, NS B3S 1P9, Canada",Halifax,Nova Scotia,5,179,Medical spa,https://www.google.com/maps/search/?api=1&query=Monarchy%20Medispa%20Halifax&query_place_id=ChIJS_YoxhYhWksR0cKQFY15qT0
Spirit Spa,info@spiritspa.ca,+1 902-431-8100,http://spiritspa.ca/,spiritspa.ca,"5150 Salter St #200, Halifax, NS B3J 1V4, Canada",Halifax,Nova Scotia,4.7,333,Spa,https://www.google.com/maps/search/?api=1&query=Spirit%20Spa&query_place_id=ChIJu7-psTQiWksR_MdCes1KsWg
Vitality Medi Spa - Downtown,,+1 902-422-4475,https://vitalitymedispa.ca/,vitalitymedispa.ca,"5424 Doyle St, Halifax, NS B3J 0G3, Canada",Halifax,Nova Scotia,4.7,591,Medical spa,https://www.google.com/maps/search/?api=1&query=Vitality%20Medi%20Spa%20-%20Downtown&query_place_id=ChIJBdXr2TMiWksRpJJez6-JDb8
The Wine Spa,experience@thewinespa.ca,+1 902-414-7887,http://thewinespa.ca/,thewinespa.ca,"1447 Hollis St, Halifax, NS B3J 1V1, Canada",Halifax,Nova Scotia,4.8,113,Spa,https://www.google.com/maps/search/?api=1&query=The%20Wine%20Spa&query_place_id=ChIJ0X_-4zQiWksRsYgFg1UqFBo
The Highlander Med Spa & Salon,info.thehighlanderspa@gmail.com,+1 902-429-3022,http://www.thehighlanderspa.com/,www.thehighlanderspa.com,"1597 South Park St, Halifax, NS B3J 0J1, Canada",Halifax,Nova Scotia,4.8,576,Medical spa,https://www.google.com/maps/search/?api=1&query=The%20Highlander%20Med%20Spa%20%26%20Salon&query_place_id=ChIJda8Z-zIjWksRbbVmbCcEyTk
Gentle Touch Spa & Laser Centre,,+1 902-429-6611,http://www.gentletouchonline.com/,www.gentletouchonline.com,"Park Lane Mall, 5657 Spring Garden Rd, Halifax, NS B3J 1G9, Canada",Halifax,Nova Scotia,4.8,203,Spa,https://www.google.com/maps/search/?api=1&query=Gentle%20Touch%20Spa%20%26%20Laser%20Centre&query_place_id=ChIJibiH0zMiWksR7RQhgpSdBoY
NuYou MedSpa + Laser Clinic,info@nuyoumedspa.ca,+1 902-422-7327,https://www.nuyoumedispa.ca/,www.nuyoumedispa.ca,"28 Esquire Ln, Bedford, NS B4A 0K1, Canada",Bedford,Nova Scotia,4.9,129,Medical spa,https://www.google.com/maps/search/?api=1&query=NuYou%20MedSpa%20%2B%20Laser%20Clinic&query_place_id=ChIJDQMIcJqLWUsRIWZmOT-r3-4
RIIHO medispa,info@riihomedispa.ca,+1 902-237-8520,http://www.riihomedispa.ca/,www.riihomedispa.ca,"5640 Spring Garden Rd Suite 400, Halifax, NS B3J 3M7, Canada",Halifax,Nova Scotia,4.6,31,Medical spa,https://www.google.com/maps/search/?api=1&query=RIIHO%20medispa&query_place_id=ChIJ8yZhVl8hWksRpocJn7p0FxU
This Is Sundays - Medical Aesthetics Clinic | Downtown Halifax,info@sundaysinc.com,+1 902-200-5274,https://sundaysinc.com/,sundaysinc.com,"1435 Hollis St, Halifax, NS B3J 1V1, Canada",Halifax,Nova Scotia,5,23,Medical spa,https://www.google.com/maps/search/?api=1&query=This%20Is%20Sundays%20-%20Medical%20Aesthetics%20Clinic%20%7C%20Downtown%20Halifax&query_place_id=ChIJz3Www9YjWksRfOouNDVeftM
The Summit Skin Care & Hair Removal,,+1 902-423-3888,http://summitspa.ca/,summitspa.ca,"5495 Spring Garden Rd, Halifax, NS B3J 1G2, Canada",Halifax,Nova Scotia,4.9,128,Spa,https://www.google.com/maps/search/?api=1&query=The%20Summit%20Skin%20Care%20%26%20Hair%20Removal&query_place_id=ChIJCfYy0jMiWksRR_OVy4okrvo
Le Verve MediSpa,levervemedispa@gmail.com,+1 902-410-9449,https://leverve.ca/,leverve.ca,"79 Sea Spray Dr, Eastern Passage, NS B3G 1S5, Canada",Eastern Passage,Nova Scotia,4.9,46,Medical spa,https://www.google.com/maps/search/?api=1&query=Le%20Verve%20MediSpa&query_place_id=ChIJ0y8Ylos9WksR4nIKAUfOb6M
Modern Age Aesthetics And Wellness,info@modernage.ca,+1 902-402-9925,https://www.modernage.ca/,www.modernage.ca,"1078 Tower Rd 5th Floor, Halifax, NS B3H 2Y5, Canada",Halifax,Nova Scotia,5,32,Medical spa,https://www.google.com/maps/search/?api=1&query=Modern%20Age%20Aesthetics%20And%20Wellness&query_place_id=ChIJK87j640jWksRlUncmbtwvmE
DermaEnvy Skincare - Halifax,,(902) 445-3304,,,"201 Chain Lake Drive Unit 5, Halifax, NS B3S 1C8",,Nova Scotia,4.8,476,Laser hair removal service,"https://www.google.com/maps/place/DermaEnvy Skincare - Halifax/@44.648417,-63.676221,14z/data=!3m1!4b1!4m9!3m8!5m2!4m1!1i2!8m2!3d44.648417!4d-63.676221!16snull!17Bnull"
PASTEL skin clinic Halifax,pastelskinclinic@gmail.com,+1 902-222-2793,https://www.pastelskin.ca/,www.pastelskin.ca,"1333 Lower Water St, Halifax, NS B3J 0L1, Canada",Halifax,Nova Scotia,4.9,132,Facial spa,https://www.google.com/maps/search/?api=1&query=PASTEL%20skin%20clinic%20Halifax&query_place_id=ChIJqWSzcbEjWksRkQs5yWfszOs
"Sincerely, Skin Skincare & Laser Boutique",user@domain.com,+1 902-407-9455,https://www.sincerelyskinhfx.ca/,www.sincerelyskinhfx.ca,"2962 Oxford St #1, Halifax, NS B3L 2W4, Canada",Halifax,Nova Scotia,4.9,159,Skin care clinic,https://www.google.com/maps/search/?api=1&query=Sincerely%2C%20Skin%20Skincare%20%26%20Laser%20Boutique&query_place_id=ChIJA4UkiXkhWksRjFY8GJmP6CE
Keita Beauty,user@domain.com,+1 902-410-7230,https://www.keitabeauty.ca/,www.keitabeauty.ca,"650 Washmill Lake Dr, Halifax, NS B3S 0H8, Canada",Halifax,Nova Scotia,5,81,Facial spa,https://www.google.com/maps/search/?api=1&query=Keita%20Beauty&query_place_id=ChIJsZNeIZZrKQYRmRnJkL6XDIM
Aurora Medical Aesthetics,info@auroracosmetic.ca,+1 902-406-4040,http://www.auroracosmetic.ca/,www.auroracosmetic.ca,"6012 Pepperell St, Halifax, NS B3H 0C3, Canada",Halifax,Nova Scotia,4.8,172,Laser hair removal service,https://www.google.com/maps/search/?api=1&query=Aurora%20Medical%20Aesthetics&query_place_id=ChIJLbEL3C8iWksRXSh3FHjZYzs
Club Red Aesthetics Inc.,,+1 902-700-1294,https://www.clubredaesthetics.ca/,www.clubredaesthetics.ca,"5531 Young St Suite 201, Halifax, NS B3K 1Z7, Canada",Halifax,Nova Scotia,4.9,47,Weight loss service,https://www.google.com/maps/search/?api=1&query=Club%20Red%20Aesthetics%20Inc.&query_place_id=ChIJHTJhNlghWksREJ6Op7PYv4U
Magnolia Medical Aesthetics,lee@marawolfville.ca,+1 902-700-1889,https://leenpmedicalaesthetics.janeapp.com/,leenpmedicalaesthetics.janeapp.com,"6110 Lawrence St, Halifax, NS B3L 1J6, Canada",Halifax,Nova Scotia,5,17,Medical spa,https://www.google.com/maps/search/?api=1&query=Magnolia%20Medical%20Aesthetics&query_place_id=ChIJN1s4uH8hWksRcLgswhs9rQU
"True Clinic - Halifax Botox, Lips +",,+1 902-717-4488,https://trueclinic.ca/,trueclinic.ca,"5653 Hennessey St, Halifax, NS B3K 2B1, Canada",Halifax,Nova Scotia,5,373,Skin care clinic,https://www.google.com/maps/search/?api=1&query=True%20Clinic%20-%20Halifax%20Botox%2C%20Lips%20%2B&query_place_id=ChIJQfFj-AIhWksROi864Vf0_4A
DerMedical Esthetics Inc,dermedicalesthetics.reception@gmail.com,+1 902-435-8614,http://dermedicalesthetics.ca/,dermedicalesthetics.ca,"Millstone Square Floor 2, Door C, 250 Baker Dr suite 223, Dartmouth, NS B2W 6L4, Canada",Dartmouth,Nova Scotia,4.9,139,Medical spa,https://www.google.com/maps/search/?api=1&query=DerMedical%20Esthetics%20Inc&query_place_id=ChIJoY2tojQlWksRV-SkL4y6iZ4
Youth Bar Medical Aesthetics,user@domain.com,,https://youthbar.ca/,youthbar.ca,"383 Herring Cove Rd, Halifax, NS B3R 0H1, Canada",Halifax,Nova Scotia,5,148,Medical spa,https://www.google.com/maps/search/?api=1&query=Youth%20Bar%20Medical%20Aesthetics&query_place_id=ChIJJ2LWdjoZWksRw914ntZvtL0
Luma Clinic,,+1 902-425-2956,http://luma.clinic/,luma.clinic,"6088 Coburg Rd, Halifax, NS B3H 1Z4, Canada",Halifax,Nova Scotia,4.9,43,Medical spa,https://www.google.com/maps/search/?api=1&query=Luma%20Clinic&query_place_id=ChIJH3WnZCUiWksRAegYfTuyLLU
Spa Solutions,,+1 902-469-4772,http://www.spa-solutions.ca/,www.spa-solutions.ca,"657 Portland St, Dartmouth, NS B2W 2M9, Canada",Dartmouth,Nova Scotia,4.8,80,Day spa,https://www.google.com/maps/search/?api=1&query=Spa%20Solutions&query_place_id=ChIJZbuhT4gjWksRfCUMaO3Bui0
Haven Medi-Spa,,+1 902-982-6334,https://www.havenmedispa.com/,www.havenmedispa.com,"192 Rockcliffe Dr, Enfield, NS B2T 0G7, Canada",Enfield,Nova Scotia,5,62,Medical spa,https://www.google.com/maps/search/?api=1&query=Haven%20Medi-Spa&query_place_id=ChIJd6fb88N_WUsRo_sXlgSGxNU
Urban Retreat Massage Therapy,info@urbanretreat.ca,+1 902-444-8334,https://urbanretreat.ca/,urbanretreat.ca,"5551 Clyde St., Halifax, NS B3J 3T5, Canada",Halifax,Nova Scotia,4.8,271,Massage therapist,https://www.google.com/maps/search/?api=1&query=Urban%20Retreat%20Massage%20Therapy&query_place_id=ChIJn2dinDMiWksRGOUNP1xxiMs
Eman Beauty SPA,hi@mystore.com,+1 902-987-1555,https://eman-beauty-spa.square.site/,eman-beauty-spa.square.site,"5553 Clyde St., Halifax, NS B3J 3T5, Canada",Halifax,Nova Scotia,4.8,320,Nail salon,https://www.google.com/maps/search/?api=1&query=Eman%20Beauty%20SPA&query_place_id=ChIJgRBDKvcjWksR8lvnpAX9ZwA
Bright & Well Wellness Clinic,hello@brightandwell.ca,+1 902-536-3358,https://brightandwell.ca/,brightandwell.ca,"5858 Macara St unit 101, Halifax, NS B3K 0K5, Canada",Halifax,Nova Scotia,4.8,28,IV therapy service,https://www.google.com/maps/search/?api=1&query=Bright%20%26%20Well%20Wellness%20Clinic&query_place_id=ChIJOb2c9AchWksRA2QtLs2mR9g
The Floatation Centre,thefloatationcentre@gmail.com,+1 902-453-5628,http://www.thefloatationcentre.ca/,www.thefloatationcentre.ca,"2631 King St, Halifax, NS B3K 4T7, Canada",Halifax,Nova Scotia,4.9,156,Wellness center,https://www.google.com/maps/search/?api=1&query=The%20Floatation%20Centre&query_place_id=ChIJVwrlPHkhWksRYP6D2IB1piM
Nature Folk Wellness Collective,info@naturefolk.ca,+1 902-469-0274,http://naturefolk.ca/,naturefolk.ca,"Back/Harbour Side, 90 Alderney Drive Lower level, 90 Alderney Dr, Dartmouth, NS B2Y 4S8, Canada",Dartmouth,Nova Scotia,4.5,255,Spa,https://www.google.com/maps/search/?api=1&query=Nature%20Folk%20Wellness%20Collective&query_place_id=ChIJAdvYPOIjWksRg_uQiZQx8-g
Rstudios REST : The Recovery Room Sauna & Cold Plunge,info@rstudios.co,+1 902-912-0207,https://www.rstudios.co/rest/,www.rstudios.co,"1512A Dresden Row, Halifax, NS B3J 1G9, Canada",Halifax,Nova Scotia,4.7,30,Wellness center,https://www.google.com/maps/search/?api=1&query=Rstudios%20REST%20%3A%20The%20Recovery%20Room%20Sauna%20%26%20Cold%20Plunge&query_place_id=ChIJCVNUXh4jWksR3rF9KyN6oBg
Embellish Medical Aesthetics,info@embellishmedical.com,+1 902-240-5750,https://embellishmedical.com/,embellishmedical.com,"1201 Larry Uteck Blvd #103, Bedford, NS B4B 0S9, Canada",Bedford,Nova Scotia,4.7,14,Medical spa,https://www.google.com/maps/search/?api=1&query=Embellish%20Medical%20Aesthetics&query_place_id=ChIJ5fPYyushWksRHxIJC5Fop9I
Jacob Noye Massage Therapy & Medi Spa,jacobnoye@hotmail.ca,+1 902-410-8211,https://jacobnoyemassagetherapymedispa.janeapp.com/,jacobnoyemassagetherapymedispa.janeapp.com,"48 Gateway Rd, Halifax, NS B3M 1M9, Canada",Halifax,Nova Scotia,4.9,15,Medical spa,https://www.google.com/maps/search/?api=1&query=Jacob%20Noye%20Massage%20Therapy%20%26%20Medi%20Spa&query_place_id=ChIJnaSnRWYhWksRnjT1ecuTo88
Lunas Complexion,lunascomplexionss@gmail.com,+1 902-233-6613,https://lunas-complexion.square.site/,lunas-complexion.square.site,"56 Supreme Ct Unit 8, Halifax, NS B3N 0E6, Canada",Halifax,Nova Scotia,5,21,Facial spa,https://www.google.com/maps/search/?api=1&query=Lunas%20Complexion&query_place_id=ChIJfUXKrgchWksRDGZzUmEuB90
Choice Health Centre Halifax,dart@choicehealthcentre.com,+1 902-404-3668,https://www.choicehealthcentre.com/,www.choicehealthcentre.com,"46 McQuade Lake Crescent, Halifax, NS B3S 1G8, Canada",Halifax,Nova Scotia,4.9,294,Chiropractor,https://www.google.com/maps/search/?api=1&query=Choice%20Health%20Centre%20Halifax&query_place_id=ChIJI2zfQy0gWksRfgfzifEGCq8
"Brooks Electrolysis, Microneedling & Cryotherapy",,+1 902-478-7393,http://www.brookselectrolysisltd.ca/,www.brookselectrolysisltd.ca,"6276 Cork St, Halifax, NS B3L 1Y9, Canada",Halifax,Nova Scotia,4.8,28,Medical spa,https://www.google.com/maps/search/?api=1&query=Brooks%20Electrolysis%2C%20Microneedling%20%26%20Cryotherapy&query_place_id=ChIJqbs0SXYhWksR0K70N3q5TS8
Armin's Beauty Affair Spa,arminsbeautyaffair@gmail.com,+1 902-789-2998,https://www.arminsbeautyaffair.com/,www.arminsbeautyaffair.com,"1181 Hollis St, Halifax, NS B3H 2P6, Canada",Halifax,Nova Scotia,4.6,138,Spa,https://www.google.com/maps/search/?api=1&query=Armin's%20Beauty%20Affair%20Spa&query_place_id=ChIJm-_bKBIjWksRTih_ULcpL3c
Stil Space Wellness Inc.,,+1 902-441-6185,http://stilspace.ca/,stilspace.ca,"2526 Agricola St Suite 3, Halifax, NS B3K 1K7, Canada",Halifax,Nova Scotia,5,93,Massage therapist,https://www.google.com/maps/search/?api=1&query=Stil%20Space%20Wellness%20Inc.&query_place_id=ChIJHeBBoG8hWksRejNEZ4LEDaw
Bloom Laser Clinic,info@bloomlaserclinic.com,+1 902-488-7764,https://bloomlaserclinic.com/,bloomlaserclinic.com,"3660 Commission St, Halifax, NS B3K 0A5, Canada",Halifax,Nova Scotia,4.6,122,Skin care clinic,https://www.google.com/maps/search/?api=1&query=Bloom%20Laser%20Clinic&query_place_id=ChIJGWb5iQ4hWksRTDSzDdnQzVg
Truro Medi Spa,,+1 902-893-7613,http://www.truromedispa.com/,www.truromedispa.com,"63 Queen St, Truro, NS B2N 2B2, Canada",Truro,Nova Scotia,4.8,99,Medical spa,https://www.google.com/maps/search/?api=1&query=Truro%20Medi%20Spa&query_place_id=ChIJgyO6i8hPWUsRFBb-3QLrQHA
The Highlander Spa Bedford,user@domain.com,+1 902-429-3022,https://thehighlanderspa.com/,thehighlanderspa.com,"827 Bedford Hwy #103, Bedford, NS B4A 0J1, Canada",Bedford,Nova Scotia,5,16,Medical spa,https://www.google.com/maps/search/?api=1&query=The%20Highlander%20Spa%20Bedford&query_place_id=ChIJ-YHJRlKJWUsRr_hykjw8WoU
"East Coast Wellness Clinic, Specializing in Massage",info@ecwc.ca,+1 902-410-4779,http://www.ecwc.ca/,www.ecwc.ca,"1451 Brenton St, Halifax, NS B3J 3S7, Canada",Halifax,Nova Scotia,5,120,Massage therapist,https://www.google.com/maps/search/?api=1&query=East%20Coast%20Wellness%20Clinic%2C%20Specializing%20in%20Massage&query_place_id=ChIJTetzzDMiWksR4dYmGycwDZE
THE TEN SPOT,halifax@thetenspot.com,+1 902-445-1010,https://www.thetenspot.com/halifax/,www.thetenspot.com,"5165 South St, Halifax, NS B3J 0E2, Canada",Halifax,Nova Scotia,4.8,512,Spa,https://www.google.com/maps/search/?api=1&query=THE%20TEN%20SPOT&query_place_id=ChIJr6d--DUiWksRvylRAdmfYD8
Sugar Bliss Esthetics,,+1 902-748-1544,http://www.sugarblissesthetics.com/,www.sugarblissesthetics.com,"Beaute Lia Hair, 56 Supreme Ct, Halifax, NS B3N 0E6, Canada",Halifax,Nova Scotia,5,28,Beauty salon,https://www.google.com/maps/search/?api=1&query=Sugar%20Bliss%20Esthetics&query_place_id=ChIJl5Hz6BohWksRNe6FNTWywP8
The Landings Surgical Centre,,+1 902-707-2260,https://www.landingsurgery.ca/,www.landingsurgery.ca,"1477 Lower Water St #145, Halifax, NS B3J 3Z4, Canada",Halifax,Nova Scotia,4,66,Medical spa,https://www.google.com/maps/search/?api=1&query=The%20Landings%20Surgical%20Centre&query_place_id=ChIJv_OtGDUiWksRGfp3Lgxm3VQ
Bradshaw Pure Esthetics organic skin care and sculptural facial massage,pureesthetics@eastlink.ca,+1 902-225-1773,http://bradshawpureesthetics.com/,bradshawpureesthetics.com,"1556 Queen St, Halifax, NS B3J 2H8, Canada",Halifax,Nova Scotia,5,9,Skin care clinic,https://www.google.com/maps/search/?api=1&query=Bradshaw%20Pure%20Esthetics%20organic%20skin%20care%20and%20sculptural%20facial%20massage&query_place_id=ChIJ2wj-rTMiWksRHi2Zt6K8NGU
MEDIKA BEAUTY INSTITUTE,info@medikainstitute.com,+1 902-932-4993,http://www.medikainstitute.com/,www.medikainstitute.com,"3695 Barrington St, Halifax, NS B3K 2Y3, Canada",Halifax,Nova Scotia,5,17,Beauty school,https://www.google.com/maps/search/?api=1&query=MEDIKA%20BEAUTY%20INSTITUTE&query_place_id=ChIJg-UaULOPWUsRnzYq-UuGWQ8
SG Cosmetic,,+1 902-429-8784,http://www.sgcosmetic.com/,www.sgcosmetic.com,"6088 Quinpool Rd, Halifax, NS B3L 1A1, Canada",Halifax,Nova Scotia,3.9,10,Medical spa,https://www.google.com/maps/search/?api=1&query=SG%20Cosmetic&query_place_id=ChIJz72tFyoiWksRi5Vw04xjoZw
Total Kneads Massage Therapy,totalkneads@totalkneads.ca,+1 902-422-0254,http://www.totalkneads.ca/,www.totalkneads.ca,"5555 Sullivan St, Halifax, NS B3K 1X6, Canada",Halifax,Nova Scotia,4.7,67,Health spa,https://www.google.com/maps/search/?api=1&query=Total%20Kneads%20Massage%20Therapy&query_place_id=ChIJ-yh8N3AhWksRMPG7FV3Tgig
ELA Lani Hair Salon And Spa,,+1 902-802-7307,https://elalanihair.com/,elalanihair.com,"5659 Almon St, Halifax, NS B3K 3X2, Canada",Halifax,Nova Scotia,4.5,29,Hair salon,https://www.google.com/maps/search/?api=1&query=ELA%20Lani%20Hair%20Salon%20And%20Spa&query_place_id=ChIJ218usn4hWksRuFw1MtOYsqw
"Agricola Holistic Health - (Physiotherapy, Massage Therapy, Chiropractic)",info@agricolaholistichealth.com,+1 902-454-2256,http://www.agricolaholistichealth.ca/,www.agricolaholistichealth.ca,"2741 Gladstone St, Halifax, NS B3K 4W6, Canada",Halifax,Nova Scotia,4.9,222,Massage therapist,https://www.google.com/maps/search/?api=1&query=Agricola%20Holistic%20Health%20-%20(Physiotherapy%2C%20Massage%20Therapy%2C%20Chiropractic)&query_place_id=ChIJL6W8dNUjWksR80d9knwiyQE
HS Studio Salon Spa,,+1 902-455-7004,http://www.hsstudio.ca/,www.hsstudio.ca,"7004 Mumford Rd, Halifax, NS B3L 4X6, Canada",Halifax,Nova Scotia,4.5,376,Beauty salon,https://www.google.com/maps/search/?api=1&query=HS%20Studio%20Salon%20Spa&query_place_id=ChIJ8XF01ZkhWksRBBz7o6jvHW8
DermaEnvy Skincare - Dartmouth,user@domain.com,+1 902-469-3376,https://www.dermaenvy.com/,www.dermaenvy.com,"50 Tacoma Dr Unit 18A, Dartmouth, NS B2W 3E6, Canada",Dartmouth,Nova Scotia,4.9,125,Laser hair removal service,https://www.google.com/maps/search/?api=1&query=DermaEnvy%20Skincare%20-%20Dartmouth&query_place_id=ChIJE2IcRQkkWksRx012r3EC_Nw
Active Approach Health & Wellness Centre,hello@contactus.com,+1 902-429-2225,https://www.activeapproach.ca/,www.activeapproach.ca,"B210, 5855 Spring Garden Rd, Halifax, NS B3H 4S2, Canada",Halifax,Nova Scotia,4.9,169,Massage therapist,https://www.google.com/maps/search/?api=1&query=Active%20Approach%20Health%20%26%20Wellness%20Centre&query_place_id=ChIJ-1An0jEiWksRYM1MiiU9waQ
Brow Queen Esthetics,,+1 902-800-7636,http://www.vagaro.com/browqueenesthetics,www.vagaro.com,"Suite 114, 650 Washmill Lake Dr, Halifax, NS B3S 0H8, Canada",Halifax,Nova Scotia,4.9,222,Beauty salon,https://www.google.com/maps/search/?api=1&query=Brow%20Queen%20Esthetics&query_place_id=ChIJMSGp_e4hWksRtWyy0NtVlwo
Bullfrog Spas Halifax,,+1 902-446-0084,https://bullfrogspashalifax.ca/,bullfrogspashalifax.ca,"16 Garland Ave, Burnside, NS B3B 0A6, Canada",Burnside,Nova Scotia,4.8,18,Hot tub store,https://www.google.com/maps/search/?api=1&query=Bullfrog%20Spas%20Halifax&query_place_id=ChIJQyF5DG8nWksRKZrs_QFqkuU
Massage Experts - Halifax North End,logo@3x-copy-300x104.png,+1 902-404-7677,https://www.massageexperts.ca/halifaxnorth/,www.massageexperts.ca,"6021 Young St #6, Halifax, NS B3K 2A1, Canada",Halifax,Nova Scotia,4.6,263,Massage therapist,https://www.google.com/maps/search/?api=1&query=Massage%20Experts%20-%20Halifax%20North%20End&query_place_id=ChIJX7EjE3EhWksRk9_-nKzTDEI
Alex Whamond Massage Therapy,,+1 902-706-8150,http://alexwhamondrmt.com/,alexwhamondrmt.com,"5516 Spring Garden Rd Suite 210, Halifax, NS B3J 1G6, Canada",Halifax,Nova Scotia,4.8,44,Massage therapist,https://www.google.com/maps/search/?api=1&query=Alex%20Whamond%20Massage%20Therapy&query_place_id=ChIJNV6voCQjWksROHikzjfZa30
Illume Skin and Laser,illumeskinandlaserns@gmail.com,+1 902-802-4985,https://illumeskinandlaser.setmore.com/,illumeskinandlaser.setmore.com,"15 Alderney Dr, Dartmouth, NS B2Y 2N2, Canada",Dartmouth,Nova Scotia,5,18,Laser hair removal service,https://www.google.com/maps/search/?api=1&query=Illume%20Skin%20and%20Laser&query_place_id=ChIJEW_xML0jWksRO-PBc6yUp14
The Skin Sanctum,user@domain.com,+1 778-385-9064,https://www.theskinsanctum.ca/,www.theskinsanctum.ca,"300 Prince Albert Rd #202E, Dartmouth, NS B2Y 4J2, Canada",Dartmouth,Nova Scotia,5,40,Skin care clinic,https://www.google.com/maps/search/?api=1&query=The%20Skin%20Sanctum&query_place_id=ChIJ6ywVJp4jWksRn88kRTeogYA
NU Aesthetics Inc.,numedicalaesthetics@gmail.com,+1 902-469-4772,https://nuaesthetics.ca/,nuaesthetics.ca,"657 Portland St, Dartmouth, NS B2W 2M9, Canada",Dartmouth,Nova Scotia,5,19,Medical spa,https://www.google.com/maps/search/?api=1&query=NU%20Aesthetics%20Inc.&query_place_id=ChIJEQujFBQjWksR9gVS2PlTaoU
House of Beauty Laser Studio - Dartmouth,,+1 902-943-4569,http://houseofbeautylaserstudio.com/,houseofbeautylaserstudio.com,"Downtown, 40 Hawthorne St Unit B, Dartmouth, NS B2Y 2Y6, Canada",Dartmouth,Nova Scotia,4.9,66,Laser hair removal service,https://www.google.com/maps/search/?api=1&query=House%20of%20Beauty%20Laser%20Studio%20-%20Dartmouth&query_place_id=ChIJpdrTk1MjWksRKdXgUlOQkR0
Atlantic Skin Care Inc,,+1 902-465-4536,http://www.atlanticskincare.com/,www.atlanticskincare.com,"46 Portland St Suite 306, Dartmouth, NS B2Y 1H3, Canada",Dartmouth,Nova Scotia,4.3,79,Dermatologist,https://www.google.com/maps/search/?api=1&query=Atlantic%20Skin%20Care%20Inc&query_place_id=ChIJPa2tRucjWksRSuy2hDT0KfM
The Balance Nurse Practitioner,user@domain.com,+1 902-805-2580,https://www.thebalancenp.com/,www.thebalancenp.com,"40B Hawthorne St, Dartmouth, NS B2Y 1H6, Canada",Dartmouth,Nova Scotia,5,15,Medical clinic,https://www.google.com/maps/search/?api=1&query=The%20Balance%20Nurse%20Practitioner&query_place_id=ChIJkUUiTjd_WUsRa1JEK17p5hc
Sunswirl Laser and Esthetics,hello@sunswirl.ca,+1 902-706-4971,https://www.sunswirl.ca/,www.sunswirl.ca,"644 Portland St Unit 13A, Dartmouth, NS B2W 2M3, Canada",Dartmouth,Nova Scotia,4.8,345,Tanning salon,https://www.google.com/maps/search/?api=1&query=Sunswirl%20Laser%20and%20Esthetics&query_place_id=ChIJQcNWVYgjWksRz3-ofLEJZTI
Skin Simple,,+1 902-476-2553,https://www.skinsimple.ca/,www.skinsimple.ca,"300 Prince Albert Rd Suites 212-213, Dartmouth, NS B2Y 4J2, Canada",Dartmouth,Nova Scotia,5,16,Health spa,https://www.google.com/maps/search/?api=1&query=Skin%20Simple&query_place_id=ChIJQdD2yXsjWksRbOPflpdSIeM
Colours Esthetics and Electrolysis,,+1 902-464-9015,https://coloursdartmouth.com/,coloursdartmouth.com,"59 Portland St, Dartmouth, NS B2Y 1H1, Canada",Dartmouth,Nova Scotia,5,13,Electrolysis hair removal service,https://www.google.com/maps/search/?api=1&query=Colours%20Esthetics%20and%20Electrolysis&query_place_id=ChIJeXicR-cjWksRXKKg-Tvphsk
Ultra Hair Solutions & Esthetics,admin@ultrahair.ca,+1 902-429-8300,https://www.ultrahairsolutions.ca/,www.ultrahairsolutions.ca,"133 Baker Dr, Dartmouth, NS B2W 0M6, Canada",Dartmouth,Nova Scotia,4.5,91,Hair replacement service,https://www.google.com/maps/search/?api=1&query=Ultra%20Hair%20Solutions%20%26%20Esthetics&query_place_id=ChIJ0fvPR80jWksRenI8sCB88wY
The Glow Lab Aesthetics & Wellness,theglowlabhfx@gmail.com,,https://theglowlabhfx.ca/,theglowlabhfx.ca,"12 Ella Ln #202, Bedford, NS B4B 1G7, Canada",Bedford,Nova Scotia,5,87,Medical spa,https://www.google.com/maps/search/?api=1&query=The%20Glow%20Lab%20Aesthetics%20%26%20Wellness&query_place_id=ChIJo6JrZdUhWksRC6Qk6Tqbhfg
Tao Luxe Aesthetics,info@taoluxeaesthetics.com,+1 902-410-4679,https://taoluxeaesthetics.janeapp.com/,taoluxeaesthetics.janeapp.com,"1460 Bedford Hwy, Bedford, NS B4A 3Z5, Canada",Bedford,Nova Scotia,5,19,Medical spa,https://www.google.com/maps/search/?api=1&query=Tao%20Luxe%20Aesthetics&query_place_id=ChIJKflZ4wKJWUsR9Zne63-L-nY
PRANA Skincare Clinic,info@pranaspa.ca,+1 902-406-9526,http://www.pranaspa.ca/,www.pranaspa.ca,"1595 Bedford Highway (iBrow Suite, 112 Sunnyside Mall, Bedford, NS B4A 3Y4, Canada",Bedford,Nova Scotia,4.9,133,Spa,https://www.google.com/maps/search/?api=1&query=PRANA%20Skincare%20Clinic&query_place_id=ChIJ6X_1_MSJWUsR35G2DyLAzeY
First Impressions Medical Aesthetics & Rejuvenation Clinic,,+1 902-702-2727,http://www.firstimpressionsclinic.ca/,www.firstimpressionsclinic.ca,"620 Nine Mile Dr, Bedford, NS B4A 0H4, Canada",Bedford,Nova Scotia,4.6,50,Medical spa,https://www.google.com/maps/search/?api=1&query=First%20Impressions%20Medical%20Aesthetics%20%26%20Rejuvenation%20Clinic&query_place_id=ChIJ2UOnb7ZzhlQRUwAk3u6x4xM
Maple Head Spa & Nails,,+1 902-943-8939,https://maplespabedford.ca/,maplespabedford.ca,"809 Bedford Hwy, Bedford, NS B4A 1A4, Canada",Bedford,Nova Scotia,4.9,247,Beauty salon,https://www.google.com/maps/search/?api=1&query=Maple%20Head%20Spa%20%26%20Nails&query_place_id=ChIJl82TXIOJWUsR3W87BhmkqJI
Bedford Skin Clinic (formally Mudwraps to Manicures),,+1 902-835-7375,https://www.mudwrapstomanicures.com/serviceswomen.php,www.mudwrapstomanicures.com,"1083 Bedford Hwy, Bedford, NS B4A 1B7, Canada",Bedford,Nova Scotia,4.8,47,Day spa,https://www.google.com/maps/search/?api=1&query=Bedford%20Skin%20Clinic%20(formally%20Mudwraps%20to%20Manicures)&query_place_id=ChIJ80SBIvKJWUsR7i78QfH_3A0
Doaa Health and Wellness,impallari@gmail.com,+1 902-210-7816,https://www.doaahealthandwellness.com/,www.doaahealthandwellness.com,"18 Ridgevale Dr, Bedford, NS B4A 3L7, Canada",Bedford,Nova Scotia,4.6,56,Health spa,https://www.google.com/maps/search/?api=1&query=Doaa%20Health%20and%20Wellness&query_place_id=ChIJH1VPoAkhWksRmQABZxNn9oA
Bello Day Spa,,+1 902-237-3588,http://www.bellodayspa.com/,www.bellodayspa.com,"12 Ella Ln unit 213, Bedford, NS B4B 2J6, Canada",Bedford,Nova Scotia,4.9,36,Skin care clinic,https://www.google.com/maps/search/?api=1&query=Bello%20Day%20Spa&query_place_id=ChIJ9yxlWbkhWksRvRrIZUZ-ThU
Pagora Laser & Esthetics,,+1 902-410-1161,http://pagoraesthetics.ca/,pagoraesthetics.ca,"35 Bloom Ln Unit 207, Bedford, NS B4B 2E6, Canada",Bedford,Nova Scotia,4.7,15,Spa,https://www.google.com/maps/search/?api=1&query=Pagora%20Laser%20%26%20Esthetics&query_place_id=ChIJiSetqgIjWksR5Q8ZVdK0wow
Sculpted Medical Aesthetics,sculptedmedaesthetics@gmail.com,+1 902-521-9278,https://sculptedmedicalaesthetics.janeapp.com/,sculptedmedicalaesthetics.janeapp.com,"38 Ella Ln #202, Bedford, NS B4B 2M8, Canada",Bedford,Nova Scotia,5,12,Medical spa,https://www.google.com/maps/search/?api=1&query=Sculpted%20Medical%20Aesthetics&query_place_id=ChIJvRY8NCMhWksR0oynN8cPEpY
Fresca Skin Lounge,privacypolicyupdates@automattic.com,+1 902-240-8862,http://www.frescaskinlounge.com/,www.frescaskinlounge.com,"1460 Bedford Hwy, Bedford, NS B4A 1E4, Canada",Bedford,Nova Scotia,5,30,Skin care clinic,https://www.google.com/maps/search/?api=1&query=Fresca%20Skin%20Lounge&query_place_id=ChIJTXihXs-JWUsRRSt6-HbAE9E
U Spa - Maria Perez,sales@webnames.ca,+1 902-482-8772,http://www.uspa.ca/,www.uspa.ca,"1161 Bedford Hwy, Bedford, NS B4A 1B9, Canada",Bedford,Nova Scotia,4.5,11,Laser hair removal service,https://www.google.com/maps/search/?api=1&query=U%20Spa%20-%20Maria%20Perez&query_place_id=ChIJL0ozw-2JWUsRIEJAU_zt4hw
Ilona Zalevska Beauty,,+1 902-410-8261,,,"28 Esquire Ln, Bedford, NS B4A 1A4, Canada",Bedford,Nova Scotia,5,36,Permanent make-up clinic,https://www.google.com/maps/search/?api=1&query=Ilona%20Zalevska%20Beauty&query_place_id=ChIJwXBXK-OJWUsR9FkYAHM-rMc
Highbrow Clinic,collette@highbrowclinic.com,+1 902-521-6016,http://www.highbrowclinic.com/,www.highbrowclinic.com,"2 Bluewater Rd Suite 175, Bedford, NS B4B 1G7, Canada",Bedford,Nova Scotia,5,94,Permanent make-up clinic,https://www.google.com/maps/search/?api=1&query=Highbrow%20Clinic&query_place_id=ChIJj9PSh9slWksRwHxA-_SqhFs
Premier Aesthetics,heather@premieraesthetics.ca,+1 902-877-7759,https://msha.ke/premieraesthetics,msha.ke,"Tru Salon Suites, 660 Bedford Hwy, Halifax, NS B3M 0M5, Canada",Halifax,Nova Scotia,5,10,Beauty salon,https://www.google.com/maps/search/?api=1&query=Premier%20Aesthetics&query_place_id=ChIJ1XQe2fUhWksRetOoU1NAIHQ
Precision Dermatology,,+1 902-835-8385,https://precisiondermatology.ca/contact-us/,precisiondermatology.ca,"210 Waterfront Dr, Bedford, NS B4A 0H3, Canada",Bedford,Nova Scotia,4.2,15,Dermatologist,https://www.google.com/maps/search/?api=1&query=Precision%20Dermatology&query_place_id=ChIJVVWVKveJWUsRVplno62wFM0
Sharief Aesthetics,info@shariefaesthetics.com,+1 902-423-7919,https://shariefaesthetics.com/en/,shariefaesthetics.com,"660 Bedford Hwy #4, Halifax, NS B3M 0M5, Canada",Halifax,Nova Scotia,4.8,18,Health spa,https://www.google.com/maps/search/?api=1&query=Sharief%20Aesthetics&query_place_id=ChIJLwCpXuAjpEwRQJhuJkrb5F4
Innana Laser Clinic,innana.lasers@gmail.com,+1 416-844-9077,http://www.innanalaserclinic.ca/,www.innanalaserclinic.ca,"23 Crownridge Dr, Bedford, NS B4B 0X4, Canada",Bedford,Nova Scotia,4.3,43,Laser hair removal service,https://www.google.com/maps/search/?api=1&query=Innana%20Laser%20Clinic&query_place_id=ChIJ4URCezKLWUsRAEB6rGXwAyc
After Glow Beauty Club - Bedford,,+1 902-943-4569,,,"1232 Bedford Hwy, Bedford, NS B4A 1C6, Canada",Bedford,Nova Scotia,5,10,Laser hair removal service,https://www.google.com/maps/search/?api=1&query=After%20Glow%20Beauty%20Club%20-%20Bedford&query_place_id=ChIJLxWotxmJWUsRsxgRcnnkS4Y
The Smooth Spot,,+1 782-414-8294,,,"137 Innovation Dr, Bedford, NS B3B 0G3, Canada",Bedford,Nova Scotia,4.4,11,Laser hair removal service,https://www.google.com/maps/search/?api=1&query=The%20Smooth%20Spot&query_place_id=ChIJg5_XReOJWUsR__g0mF3n-ns
Life SalonSpa Bedford,dartmouth@lifesalonspa.com,+1 902-423-7771,http://www.lifesalonspa.com/,www.lifesalonspa.com,"540 Southgate Dr, Bedford, NS B4A 0C9, Canada",Bedford,Nova Scotia,4.8,465,Day spa,https://www.google.com/maps/search/?api=1&query=Life%20SalonSpa%20Bedford&query_place_id=ChIJxQK0Xf6LWUsRXC4mtj_cJIA
Imagine Salon & Spa,info@imaginesalonspa.ca,+1 902-832-5218,http://imaginesalonspa.ca/,imaginesalonspa.ca,"950 Bedford Hwy, Bedford, NS B4A 4B5, Canada",Bedford,Nova Scotia,4.7,127,Beauty salon,https://www.google.com/maps/search/?api=1&query=Imagine%20Salon%20%26%20Spa&query_place_id=ChIJ01ZscfSJWUsRL3l5ZW4KIC8
All Sports and Wellness,info@allsportsandwellness.ca,+1 902-830-7677,https://allsportsandwellness.janeapp.com/,allsportsandwellness.janeapp.com,"110 Dartmouth Rd, Bedford, NS B4A 2K6, Canada",Bedford,Nova Scotia,4.9,55,Sports massage therapist,https://www.google.com/maps/search/?api=1&query=All%20Sports%20and%20Wellness&query_place_id=ChIJ6YAJ2N6JWUsRDTIHxIXV9Rg
Two Tan Wellness 二陈中医康复院,cs@twotan.com.my,+1 902-832-8349,https://twotanwellness.ca/,twotanwellness.ca,"35 Bloom Ln Suite 104, Bedford, NS B4B 2E6, Canada",Bedford,Nova Scotia,4.9,157,Acupuncturist,https://www.google.com/maps/search/?api=1&query=Two%20Tan%20Wellness%20%E4%BA%8C%E9%99%88%E4%B8%AD%E5%8C%BB%E5%BA%B7%E5%A4%8D%E9%99%A2&query_place_id=ChIJ5WluLu-LWUsRA2IjBxLxsCk
HOME BODHI WELLNESS,info@homebodhiwellness.ca,+1 902-499-3658,https://homebodhi-wellness.janeapp.com/,homebodhi-wellness.janeapp.com,"1378 Bedford Hwy, Bedford, NS B4A 1E2, Canada",Bedford,Nova Scotia,5,22,Wellness center,https://www.google.com/maps/search/?api=1&query=HOME%20BODHI%20WELLNESS&query_place_id=ChIJDdOndH6JWUsRiluqeq1W3kM
amaïa,hello@amaia.ca,+1 902-835-8203,https://amaia.ca/,amaia.ca,"65 Dellridge Ln, Larry Uteck Blvd, Bedford, NS B4A 4H6, Canada",Bedford,Nova Scotia,4.7,18,Spa,https://www.google.com/maps/search/?api=1&query=ama%C3%AFa&query_place_id=ChIJ-6F0IwOLWUsRjx72XC7hqrE
"HolisticHealing4Life || Massage therapy, Osteopathy, Naturopathy, Podiatry, Cupping - Bedford",,+1 902-463-7600,http://www.holistichealing4life.com/,www.holistichealing4life.com,"1180 Bedford Hwy #5, Bedford, NS B4A 1C1, Canada",Bedford,Nova Scotia,4.9,22,Massage therapist,https://www.google.com/maps/search/?api=1&query=HolisticHealing4Life%20%7C%7C%20Massage%20therapy%2C%20Osteopathy%2C%20Naturopathy%2C%20Podiatry%2C%20Cupping%20-%20Bedford&query_place_id=ChIJlTSiYAOJWUsRfCow5vr8oj8
Blue J Nails & Head Spa (Formerly Princess Nails & Head Spa),bluejnails1475@gmail.com,+1 902-832-3199,https://bluejnailsheadspa.com/,bluejnailsheadspa.com,"1475 Bedford Hwy #2A, Bedford, NS B4A 3Z5, Canada",Bedford,Nova Scotia,4.7,152,Nail salon,https://www.google.com/maps/search/?api=1&query=Blue%20J%20Nails%20%26%20Head%20Spa%20(Formerly%20Princess%20Nails%20%26%20Head%20Spa)&query_place_id=ChIJReNfHFCJWUsRa0bq049GlPc
Euro Esthetics,,+1 902-292-6717,https://www.facebook.com/profile.php?id=100083964062282,www.facebook.com,"1232 Bedford Hwy, Bedford, NS B4A 1C6, Canada",Bedford,Nova Scotia,5,7,Day spa,https://www.google.com/maps/search/?api=1&query=Euro%20Esthetics&query_place_id=ChIJl1GDZMaLWUsRc1qdVOUDja4
Chante Beauty Spa ( West Bedford),,+1 902-490-9999,https://chantebeautyspa.ca/,chantebeautyspa.ca,"12 Ella Ln #107, Bedford, NS B4B 2J6, Canada",Bedford,Nova Scotia,5,39,Nail salon,https://www.google.com/maps/search/?api=1&query=Chante%20Beauty%20Spa%20(%20West%20Bedford)&query_place_id=ChIJA--VlWCLWUsRPKbJHAdXI9w
Ziba Aesthetics,,,http://zibamedispa.janeapp.com/,zibamedispa.janeapp.com,"58 Tillock Dr, Lower Sackville, NS B4C 1K7, Canada",Lower Sackville,Nova Scotia,5,10,Medical spa,https://www.google.com/maps/search/?api=1&query=Ziba%20Aesthetics&query_place_id=ChIJ25PmPfYhWksRK7VZDIA90es
Glam Theory Studio - By Divya,info@latinotype.com,+1 902-840-1414,https://www.glamtheory.ca/,www.glamtheory.ca,"860 Basinview Dr, Bedford, NS B4A 4K9, Canada",Bedford,Nova Scotia,5,85,Beauty salon,https://www.google.com/maps/search/?api=1&query=Glam%20Theory%20Studio%20-%20By%20Divya&query_place_id=ChIJ7-g6TWCJWUsRUk18_RNPjnw
SPA & Massage Nataliia Osadcha,osadchanv198207@gmail.com,+1 902-478-3984,https://nataliia-osadcha-spa-massage.square.site/,nataliia-osadcha-spa-massage.square.site,"24 Waltham Ln, Bedford, NS B4A 0E9, Canada",Bedford,Nova Scotia,5,12,Massage therapist,https://www.google.com/maps/search/?api=1&query=SPA%20%26%20Massage%20Nataliia%20Osadcha&query_place_id=ChIJL6WnOI2JWUsRl00QeISrTJA
Nurse Injector Leah,,+1 438-873-5324,,,"38 Ella Ln #202, Bedford, NS B4B 2M8, Canada",Bedford,Nova Scotia,5,6,Day spa,https://www.google.com/maps/search/?api=1&query=Nurse%20Injector%20Leah&query_place_id=ChIJsWwm4RqLWUsRBlUvQ4Y56rE
Juventas Skin & Wellness,,,http://juventas.janeapp.com/,juventas.janeapp.com,"281 Sackville Dr, Lower Sackville, NS B4C 2R5, Canada",Lower Sackville,Nova Scotia,5,7,Medical spa,https://www.google.com/maps/search/?api=1&query=Juventas%20Skin%20%26%20Wellness&query_place_id=ChIJ9TNq9e4hWksRuBzluGImts4
ERSA Esthetics,,+1 902-412-9721,http://www.ersaesthetics.com/,www.ersaesthetics.com,"42 Judy Anne Ct, Lower Sackville, NS B4C 3X7, Canada",Lower Sackville,Nova Scotia,5,20,Spa,https://www.google.com/maps/search/?api=1&query=ERSA%20Esthetics&query_place_id=ChIJtV4Y7cWJWUsRHtXI32OzxrQ
Atmosphere Day Spa,39cc710ca6e84f94ba613569a1076da3@airetax.com,+1 902-446-8295,http://www.atmospheredayspa.ca/,www.atmospheredayspa.ca,"1684 Hammonds Plains Rd, Hammonds Plains, NS B4B 1P5, Canada",Hammonds Plains,Nova Scotia,5,22,Day spa,https://www.google.com/maps/search/?api=1&query=Atmosphere%20Day%20Spa&query_place_id=ChIJx8HYZ1WJWUsRAke8IILWj5E
Galaxy Healing,mishkat.walaa@gmail.com,+1 514-214-0379,http://www.galaxyhealing.net/,www.galaxyhealing.net,"31 Welch Ln Basement, Halifax, NS B3M 0B6, Canada",Halifax,Nova Scotia,4.8,40,Acupuncture clinic,https://www.google.com/maps/search/?api=1&query=Galaxy%20Healing&query_place_id=ChIJgfaa4VchWksRxtfakkoT34I
Atlantic Massage Therapy Inc,amtc@massagetherapy.ns.ca,+1 902-832-5226,https://massagetherapy.ns.ca/,massagetherapy.ns.ca,"1496 Bedford Hwy Unit 200, Bedford, NS B4A 1E5, Canada",Bedford,Nova Scotia,4.2,33,Massage therapist,https://www.google.com/maps/search/?api=1&query=Atlantic%20Massage%20Therapy%20Inc&query_place_id=ChIJnced88WJWUsRgqJvUONTrMk
Luminate Co Wellness Centre,,+1 902-835-9319,https://luminateco.ca/clinic/,luminateco.ca,"486 Starboard Dr, Halifax, NS B3M 0N6, Canada",Halifax,Nova Scotia,4.7,52,Massage therapist,https://www.google.com/maps/search/?api=1&query=Luminate%20Co%20Wellness%20Centre&query_place_id=ChIJ3RFreZaLWUsRGqQQ6oId3Jk
Bella Luxe Studio,,+1 902-405-5444,http://www.bellaluxestudio.ca/,www.bellaluxestudio.ca,"793 Bedford Hwy #105, Bedford, NS B4A 0K1, Canada",Bedford,Nova Scotia,4.6,65,Beauty salon,https://www.google.com/maps/search/?api=1&query=Bella%20Luxe%20Studio&query_place_id=ChIJI5wn4QmJWUsRWHdLVfAV-Ts
LakeSide Massage & Hydrotherapy,hi@mystore.com,+1 902-825-9450,https://lakeside-massage-and-hydrotherapy.square.site/,lakeside-massage-and-hydrotherapy.square.site,"59 Kings Rd Pl, Lower Sackville, NS B4C 4E5, Canada",Lower Sackville,Nova Scotia,5,35,Massage therapist,https://www.google.com/maps/search/?api=1&query=LakeSide%20Massage%20%26%20Hydrotherapy&query_place_id=ChIJcdv_J8CJWUsR7KRV6qUu8EI
Pure Grace Wellness Massage Therapy,,+1 902-907-2544,http://puregracewellnessmassagetherapy.clinicsense.com/,puregracewellnessmassagetherapy.clinicsense.com,"12 Ella Ln, Bedford, NS B4B 2J6, Canada",Bedford,Nova Scotia,5,36,Massage therapist,https://www.google.com/maps/search/?api=1&query=Pure%20Grace%20Wellness%20Massage%20Therapy&query_place_id=ChIJfTxW8eiLWUsRjlrx_Kh_ou0
The Salt Room,info@thesaltroom.ca,+1 902-428-7258,http://www.thesaltroom.ca/,www.thesaltroom.ca,"650 Washmill Lake Dr, Halifax, NS B3S 0H8, Canada",Halifax,Nova Scotia,4.8,39,Health spa,https://www.google.com/maps/search/?api=1&query=The%20Salt%20Room&query_place_id=ChIJAQBAbKYhWksRJjG73fJzCWI
Coral Beauty Salon & Spa,,+1 902-482-7313,,,"145 Southgate Dr, Bedford, NS B0A 4L2, Canada",Bedford,Nova Scotia,5,12,Beauty salon,https://www.google.com/maps/search/?api=1&query=Coral%20Beauty%20Salon%20%26%20Spa&query_place_id=ChIJEROm1QKKWUsR9YzbmIFBJcQ
Top Tier Massage,toptiermassagehfx@gmail.com,+1 902-430-7013,https://www.toptiermassage.ca/?utm_source=google&utm_medium=wix_google_business_profile&utm_campaign=16119012227138536625,www.toptiermassage.ca,"1475 Bedford Hwy Suite #104, Bedford, NS B4A 3Z5, Canada",Bedford,Nova Scotia,4.6,59,Massage therapist,https://www.google.com/maps/search/?api=1&query=Top%20Tier%20Massage&query_place_id=ChIJXz2TseGJWUsRqyOA5hb1EV4
Bodytreat Wellness,info@bodytreat.ca,+1 902-200-8355,https://bodytreat.ca/,bodytreat.ca,"142 Voyageur Way, Hammonds Plains, NS B4B 0N1, Canada",Hammonds Plains,Nova Scotia,5,45,Massage therapist,https://www.google.com/maps/search/?api=1&query=Bodytreat%20Wellness&query_place_id=ChIJu3ffKK2LWUsRtUtY3tds1Ws
J'adore Nails Salon & Spa,info@jadorenails.ca,+1 902-404-3939,http://www.jadorenails.ca/,www.jadorenails.ca,"961 Bedford Hwy, Bedford, NS B4A 1A9, Canada",Bedford,Nova Scotia,4.3,332,Nail salon,https://www.google.com/maps/search/?api=1&query=J'adore%20Nails%20Salon%20%26%20Spa&query_place_id=ChIJDSERPPSJWUsRFikdqzTRuLQ
Acorn Ability Clinic,,+1 902-266-1241,,,"The Compass Rose Health and Wellness Centre, 36 Brookshire Ct #200, Bedford, NS B4A 4E9, Canada",Bedford,Nova Scotia,5,10,Massage therapist,https://www.google.com/maps/search/?api=1&query=Acorn%20Ability%20Clinic&query_place_id=ChIJYXVZQ46JWUsRV3TzYskFTMw
Blisstini Day Spa,,+1 902-252-6928,http://www.blisstini.com/,www.blisstini.com,"Kingswood North, Lucasville, NS B4B 0N2, Canada",Lucasville,Nova Scotia,5,24,Day spa,https://www.google.com/maps/search/?api=1&query=Blisstini%20Day%20Spa&query_place_id=ChIJn3_WayiJWUsRV_x1Z8FWJTc
Joir Nails Studio (Bedford),joirnails@gmail.com,+1 902-989-5878,http://joirnailstudio.ca/,joirnailstudio.ca,"226 Broad St Unit 104, Bedford, NS B4B 1J6, Canada",Bedford,Nova Scotia,4.9,155,Nail salon,https://www.google.com/maps/search/?api=1&query=Joir%20Nails%20Studio%20(Bedford)&query_place_id=ChIJC3QdQ1gQzA0RMbcTVFoQH1s
O2 Wellness,,+1 902-706-1700,http://www.o2wellness.ca/,www.o2wellness.ca,"1595 Bedford Hwy #210, Bedford, NS B4A 3Y4, Canada",Bedford,Nova Scotia,4.8,511,Gym,https://www.google.com/maps/search/?api=1&query=O2%20Wellness&query_place_id=ChIJQ5ngAcWJWUsRD7RZL6rjMJE
FOUR SEASON NAILS Salon & Spa,info@fourseasonnails.com,+1 902-832-1818,http://www.fourseasonnails.co/,www.fourseasonnails.co,"771 Bedford Hwy, Bedford, NS B4A 1A2, Canada",Bedford,Nova Scotia,4.3,141,Nail salon,https://www.google.com/maps/search/?api=1&query=FOUR%20SEASON%20NAILS%20Salon%20%26%20Spa&query_place_id=ChIJn-TWUVWLWUsRZd6pbPIPn28
Halifax Prenatal Massage,hello@halifaxprenatalmassage.com,+1 902-870-6280,https://halifaxprenatalmassage.com/,halifaxprenatalmassage.com,"397 Bedford Hwy #323, Halifax, NS B3M 2C8, Canada",Halifax,Nova Scotia,5,58,Massage therapist,https://www.google.com/maps/search/?api=1&query=Halifax%20Prenatal%20Massage&query_place_id=ChIJBw_JdzIzK4gR8W33AUOxuEs
Skin Deep Aesthetics,salon@deannabeauty.ca,+1 902-830-6656,http://deannabeauty.ca/,deannabeauty.ca,"10 Robert Allen Dr, Halifax, NS B3M 3G8, Canada",Halifax,Nova Scotia,5,78,Beauty salon,https://www.google.com/maps/search/?api=1&query=Skin%20Deep%20Aesthetics&query_place_id=ChIJTQQJg48gWksR-uSvw33lsns
YANA'S VIP NAILS & SPA PEDICURES,hi@mystore.com,+1 902-216-0796,https://yanas-vip-nails-spa-pedicures.square.site/,yanas-vip-nails-spa-pedicures.square.site,"140 Oceanview Dr, Bedford, NS B4A 4G4, Canada",Bedford,Nova Scotia,5,102,Nail salon,https://www.google.com/maps/search/?api=1&query=YANA'S%20VIP%20NAILS%20%26%20SPA%20PEDICURES&query_place_id=ChIJCcV0WACLWUsRXZlGiZv5h1g
Massage Roots Holistic Care,kristine.corkum@yahoo.ca,+1 902-329-9025,http://massageroots.ca/,massageroots.ca,"Charlotte Ln, Bedford, NS B3M 4M1, Canada",Bedford,Nova Scotia,3.4,5,Massage therapist,https://www.google.com/maps/search/?api=1&query=Massage%20Roots%20Holistic%20Care&query_place_id=ChIJ59ZidrVv7ykRbQO6qsKChs4
Elite Medical Spa,info@elitemedspanh.com,(603) 637-0037,https://elitemedspanh.com/,elitemedspanh.com,"360 State Rte 101 unit 11, Bedford, NH 03110",Bedford,Nova Scotia,5,38,Medical spa,https://www.google.com/maps/search/?api=1&query=Elite%20Medical%20Spa&query_place_id=ChIJL6KMX79L4okRvpAjVJQo5KM
Anesis Esthetics and Electrolysis,,+1 902-830-5385,http://www.anesisesthetics.ca/,www.anesisesthetics.ca,"124 Balsam Cir, Lower Sackville, NS B4C 1A9, Canada",Lower Sackville,Nova Scotia,5,27,Electrolysis hair removal service,https://www.google.com/maps/search/?api=1&query=Anesis%20Esthetics%20and%20Electrolysis&query_place_id=ChIJH9F3Kb6IWUsRTloYfd8NOfg
The Compass Rose Health and Wellness Centre,info@thecompassrose.ca,+1 902-346-2158,http://www.thecompassrose.ca/,www.thecompassrose.ca,"36 Brookshire Ct suite #5, Bedford, NS B4A 4E9, Canada",Bedford,Nova Scotia,4.1,12,Mental health service,https://www.google.com/maps/search/?api=1&query=The%20Compass%20Rose%20Health%20and%20Wellness%20Centre&query_place_id=ChIJT9ebnI6JWUsRGrkBik7mNC4
Luminate Co Wellness Market,,+1 902-835-9319,https://www.luminateco.ca/,www.luminateco.ca,"486 Starboard Dr, Halifax, NS B3M 0N6, Canada",Halifax,Nova Scotia,4.8,295,Greengrocer,https://www.google.com/maps/search/?api=1&query=Luminate%20Co%20Wellness%20Market&query_place_id=ChIJPyd3BNyLWUsRfW_INydgFa4
Massage Addict Bedford Larry Uteck,larryuteck@massageaddict.ca,+1 902-832-0761,https://www.massageaddict.ca/larryuteck/?utm_source=google_business_profile&utm_medium=organic,www.massageaddict.ca,"620 Nine Mile Dr, Bedford, NS B4A 0H4, Canada",Bedford,Nova Scotia,4.5,190,Massage therapist,https://www.google.com/maps/search/?api=1&query=Massage%20Addict%20Bedford%20Larry%20Uteck&query_place_id=ChIJc7OBVRCKWUsRefMt7WuIzRE
Stillwaters Healing Inc.,stillwaters.healing2@gmail.com,+1 902-412-4735,https://stillwaters-healing.com/,stillwaters-healing.com,"11 Bloom Ln Suite 214, Bedford, NS B4B 0W5, Canada",Bedford,Nova Scotia,5,16,Massage therapist,https://www.google.com/maps/search/?api=1&query=Stillwaters%20Healing%20Inc.&query_place_id=ChIJDXUGdt2LWUsRMKBVRcENfck
Kneaded Balance Massage & Wellness,marybeth@kneadedbalance.ca,+1 902-237-2465,https://kneadedbalancemassage.janeapp.com/#staff_member/1,kneadedbalancemassage.janeapp.com,"397 Bedford Hwy #312, Halifax, NS B3M 2C8, Canada",Halifax,Nova Scotia,5,13,Massage therapist,https://www.google.com/maps/search/?api=1&query=Kneaded%20Balance%20Massage%20%26%20Wellness&query_place_id=ChIJFZIZF_AhWksRcLxgyBtJdhE
Underground Wax Bar,,,,,"2 Bluewater Rd Suite 175, Bedford, NS B4B 1G8, Canada",Bedford,Nova Scotia,5,16,Beauty salon,https://www.google.com/maps/search/?api=1&query=Underground%20Wax%20Bar&query_place_id=ChIJ58s2w0OHWUsRH2wDtHFflBY
The Head Shoppe - Bedford,info@salonresourcegroup.com,+1 902-835-1669,https://www.headshoppe.ca/,www.headshoppe.ca,"961 Mill Cove Plaza, Bedford, NS B4A 3P1, Canada",Bedford,Nova Scotia,4.6,279,Beauty salon,https://www.google.com/maps/search/?api=1&query=The%20Head%20Shoppe%20-%20Bedford&query_place_id=ChIJ51_WBfSJWUsRo3rSx1i4yd8
All Sports Mattress,,+1 902-830-7677,https://allsportsandwellness.ca/,allsportsandwellness.ca,"110 Dartmouth Rd, Bedford, NS B4A 2K6, Canada",Bedford,Nova Scotia,5,18,Mattress store,https://www.google.com/maps/search/?api=1&query=All%20Sports%20Mattress&query_place_id=ChIJj_moFLn2QScRGCf-Ecom5lk
PrincessNails,,+1 902-832-3199,http://www.princessnailshalifax.com/,www.princessnailshalifax.com,"1475 Bedford Hwy, Bedford, NS B4A 3Z5, Canada",Bedford,Nova Scotia,3,119,Nail salon,https://www.google.com/maps/search/?api=1&query=PrincessNails&query_place_id=ChIJiRXeX8GJWUsR3viBRQAURzQ
Nova Physiotherapy - Bedford,burnside@novaphysiotherapy.ca,+1 902-405-3535,https://novaphysiotherapy.ca/location/physiotherapy-center-halifax-ns/,novaphysiotherapy.ca,"75 Peakview Way Unit 130, Halifax, NS B3M 0G2, Canada",Halifax,Nova Scotia,4.9,96,Massage therapist,https://www.google.com/maps/search/?api=1&query=Nova%20Physiotherapy%20-%20Bedford&query_place_id=ChIJKftaE8YmWksRXYL5goTZP00
Bear Nails,,+1 902-818-3743,https://www.dashbooking.com/salon/bear-nails,www.dashbooking.com,"793 Bedford Hwy #105, Bedford, NS B4A 0K1, Canada",Bedford,Nova Scotia,4.7,79,Nail salon,https://www.google.com/maps/search/?api=1&query=Bear%20Nails&query_place_id=ChIJ4TxFn5eJWUsRpq7zoglH0sk
Pampering Poole Esthetics,,+1 902-209-9171,,,"103 Sackville Cross Rd, Lower Sackville, NS B4C 2M2, Canada",Lower Sackville,Nova Scotia,5,9,Beauty salon,https://www.google.com/maps/search/?api=1&query=Pampering%20Poole%20Esthetics&query_place_id=ChIJDZe2ee-IWUsRH0HIHiaTBRk
Spice Nails,,+1 902-832-6204,http://bedfordplacemall.com/services.php,bedfordplacemall.com,"1658 Bedford Hwy, Bedford, NS B4A 2X9, Canada",Bedford,Nova Scotia,3.5,68,Nail salon,https://www.google.com/maps/search/?api=1&query=Spice%20Nails&query_place_id=ChIJsVt9o8iJWUsRMBiTbs1X_5Q
Atlantic Trinity Nail & Head Spa,,+1 902-789-9456,https://atlantictrinity.ca/,atlantictrinity.ca,"1432 Hammonds Plains Rd Unit 14, Hammonds Plains, NS B4B 1P6, Canada",Hammonds Plains,Nova Scotia,5,14,Nail salon,https://www.google.com/maps/search/?api=1&query=Atlantic%20Trinity%20Nail%20%26%20Head%20Spa&query_place_id=ChIJ6WwijzGLWUsRNXdfQAzsy9Y
Kylie's Nails & Spa,,+1 902-405-8999,,,"81 Peakview Way #102, Bedford, NS B3M 0G2, Canada",Bedford,Nova Scotia,3.2,100,Nail salon,https://www.google.com/maps/search/?api=1&query=Kylie's%20Nails%20%26%20Spa&query_place_id=ChIJ40zN_w2KWUsR2E_ydoxJqHw
Bedford-Sackville Physiotherapy Clinic Inc,,+1 902-865-5749,http://www.bedfordsackvillephysio.com/,www.bedfordsackvillephysio.com,"447 Sackville Dr, Lower Sackville, NS B4C 2S1, Canada",Lower Sackville,Nova Scotia,4.7,78,Massage therapist,https://www.google.com/maps/search/?api=1&query=Bedford-Sackville%20Physiotherapy%20Clinic%20Inc&query_place_id=ChIJryzqCvGIWUsRK0C190VCmII
The Lifehouse,connect@the-lifehouse.com,+1 902-446-4030,http://www.the-lifehouse.com/,www.the-lifehouse.com,"1387 Hammonds Plains Rd, Hammonds Plains, NS B4B 1P6, Canada",Hammonds Plains,Nova Scotia,5,68,Massage therapist,https://www.google.com/maps/search/?api=1&query=The%20Lifehouse&query_place_id=ChIJ-3EBiOKLWUsRcWK7ijTz__c
Boss Babe Salon & Spa,,+1 902-864-8808,https://m.facebook.com/profile.php?id=100063588879637,m.facebook.com,"477 Cobequid Rd, Lower Sackville, NS B4C 4E9, Canada",Lower Sackville,Nova Scotia,4.2,42,Beauty salon,https://www.google.com/maps/search/?api=1&query=Boss%20Babe%20Salon%20%26%20Spa&query_place_id=ChIJ3ZxHPPGJWUsRSTqrCVYkMgk
Taylor Hirtle Acupuncture,info@homebodhiwellness.ca,+1 902-499-3658,https://taylorhirtle-acupuncture.janeapp.com/,taylorhirtle-acupuncture.janeapp.com,"1368 Bedford Hwy, Bedford, NS B4A 1E2, Canada",Bedford,Nova Scotia,5,58,Acupuncture clinic,https://www.google.com/maps/search/?api=1&query=Taylor%20Hirtle%20Acupuncture&query_place_id=ChIJHbcgoWIjWksRtNe9RckHldY
Within The Skin Medi Spa Inc.,,+1 902-593-1255,http://www.withintheskin.ca/,www.withintheskin.ca,"106 Duke St, Chester, NS B0J 1J0, Canada",Chester,Nova Scotia,4.8,38,Medical spa,https://www.google.com/maps/search/?api=1&query=Within%20The%20Skin%20Medi%20Spa%20Inc.&query_place_id=ChIJh5ErPQfnWUsRLSkq0IP7guc
Valley Medical,hello@vmedical.ca,+1 902-678-2121,http://www.vmedical.ca/,www.vmedical.ca,"Centennial Professional Centre, 81 Exhibition St, Kentville, NS B4N 1C2, Canada",Kentville,Nova Scotia,4.9,41,Medical spa,https://www.google.com/maps/search/?api=1&query=Valley%20Medical&query_place_id=ChIJeXWHpSZXWEsRcsjHhaEY8M0
Miracca Spa,,+1 902-955-3101,,,"774 Central Ave, Greenwood, NS B0P 1N0, Canada",Greenwood,Nova Scotia,5,6,Medical spa,https://www.google.com/maps/search/?api=1&query=Miracca%20Spa&query_place_id=ChIJVZRMsilrWEsRhJZupMol76A
Quality Life Healing Centre,jiacmd@yahoo.ca,+1 902-412-2688,http://www.acupuncturehalifax.com/,www.acupuncturehalifax.com,"647 Bedford Hwy Unit 102B, Bedford, NS B3M 0A5, Canada",Bedford,Nova Scotia,5,16,Acupuncture clinic,https://www.google.com/maps/search/?api=1&query=Quality%20Life%20Healing%20Centre&query_place_id=ChIJr0VCXqghWksRGcljHA68pZ8
Mella Massage Therapy,melissadoucettermt@gmail.com,+1 902-329-3905,https://mellamassagetherapy.janeapp.com/,mellamassagetherapy.janeapp.com,"65 Dellridge Ln, Bedford, NS B4A 0H2, Canada",Bedford,Nova Scotia,5,5,Massage therapist,https://www.google.com/maps/search/?api=1&query=Mella%20Massage%20Therapy&query_place_id=ChIJkbdj84TxaaIRtmqrUc3wUTI
Rhythmic Massage,jeremy.rhythmic.massage@gmail.com,+1 902-789-2623,https://sites.google.com/view/rhythmic-massage/home,sites.google.com,"263 Kaye St, Lower Sackville, NS B4C 1N3, Canada",Lower Sackville,Nova Scotia,4.9,19,Massage therapist,https://www.google.com/maps/search/?api=1&query=Rhythmic%20Massage&query_place_id=ChIJ0Ytz8CiJWUsRDfvaOUefHSQ
The Parlour Boutique Salon,,+1 902-446-7575,http://www.parloursalon.ca/,www.parloursalon.ca,"65 Dellridge Ln, Bedford, NS B4A 1H0, Canada",Bedford,Nova Scotia,4.4,29,Beauty salon,https://www.google.com/maps/search/?api=1&query=The%20Parlour%20Boutique%20Salon&query_place_id=ChIJHzfKJBGKWUsRyF_G6ThtG9Q
Lala Ji The Barber Shop Bedford | Best Barber in Bedford,admin@thelalajigroup.com,+1 902-223-4488,https://lalajithebarbershop.ca/,lalajithebarbershop.ca,"1509 Bedford Hwy, Bedford, NS B4A 1E3, Canada",Bedford,Nova Scotia,4.7,163,Hairdresser,https://www.google.com/maps/search/?api=1&query=Lala%20Ji%20The%20Barber%20Shop%20Bedford%20%7C%20Best%20Barber%20in%20Bedford&query_place_id=ChIJT2L6c-GJWUsR4oCzmtUmCao
Tulip Nails,,+1 506-333-4106,https://www.tulipnails.ca/,www.tulipnails.ca,"453 Sackville Dr, Lower Sackville, NS B4C 2S1, Canada",Lower Sackville,Nova Scotia,5,127,Nail salon,https://www.google.com/maps/search/?api=1&query=Tulip%20Nails&query_place_id=ChIJVXBPGZuJWUsReYt5ocEpUhU
Tru Salon Suites,,+1 709-691-7772,http://www.trusalonsuites.ca/,www.trusalonsuites.ca,"660 Bedford Hwy, Halifax, NS B3M 0M2, Canada",Halifax,Nova Scotia,4.8,63,Beauty salon,https://www.google.com/maps/search/?api=1&query=Tru%20Salon%20Suites&query_place_id=ChIJY-KRC2QhWksRuqeldUM43Dw
Vera Skin and Laser Studio,,+1 647-222-3804,,,"31 Valleyfield Rd, Dartmouth, NS B2W 1N4, Canada",Dartmouth,Nova Scotia,5,19,Health spa,https://www.google.com/maps/search/?api=1&query=Vera%20Skin%20and%20Laser%20Studio&query_place_id=ChIJX2RrrPNjMYcRWd3cLHzDpaE
Revitalize RX Infusion + Med Spa,,(774) 328-9251,https://www.revitalizerx.net/,www.revitalizerx.net,"154 Faunce Corner Rd unit f, Dartmouth, MA 02747",Dartmouth,Nova Scotia,5,82,Medical spa,https://www.google.com/maps/search/?api=1&query=Revitalize%20RX%20Infusion%20%2B%20Med%20Spa&query_place_id=ChIJA1bbmCfl5IkR4z9nKCHrT-o
Tranquility Spa,privacypolicyupdates@automattic.com,+1 902-407-2434,http://www.tranquility-spa.ca/,www.tranquility-spa.ca,"252 Waverley Rd, Dartmouth, NS B2X 2C6, Canada",Dartmouth,Nova Scotia,4.9,28,Spa,https://www.google.com/maps/search/?api=1&query=Tranquility%20Spa&query_place_id=ChIJEV_1VMgjWksR6l-Tooc4o_c
Face Clinic Halifax,info@faceclinic.ca,+1 902-497-6465,https://faceclinic.ca/,faceclinic.ca,"6461 Quinpool Rd, Halifax, NS B3L 1B1, Canada",Halifax,Nova Scotia,4.3,6,Skin care clinic,https://www.google.com/maps/search/?api=1&query=Face%20Clinic%20Halifax&query_place_id=ChIJnyTxSGwhWksR38k23EtciwE
Avalon Medical Spa,,(774) 202-7049,http://avalonmedicalspa.net/,avalonmedicalspa.net,"77 Wolcott Ave, Dartmouth, MA 02747",Dartmouth,Nova Scotia,4.9,74,Medical spa,https://www.google.com/maps/search/?api=1&query=Avalon%20Medical%20Spa&query_place_id=ChIJWV--e7jj5IkRwptLzg09Aew
Violet Spa,violetdayspa@ns.aliantzinc.ca,+1 902-435-4999,http://www.violetspa.ca/,www.violetspa.ca,"91 Woodlawn Rd, Dartmouth, NS B2W 2S6, Canada",Dartmouth,Nova Scotia,4.9,20,Massage therapist,https://www.google.com/maps/search/?api=1&query=Violet%20Spa&query_place_id=ChIJk1bilXUkWksR4A7oLz8zlXE
Blurr'd Lines Med Spa Dartmouth MA,blurrdlines11@gmail.com,(508) 317-0551,http://blurrdlines.com/,blurrdlines.com,"654 State Rd, Dartmouth, MA 02747",Dartmouth,Nova Scotia,5,61,Medical spa,https://www.google.com/maps/search/?api=1&query=Blurr'd%20Lines%20Med%20Spa%20Dartmouth%20MA&query_place_id=ChIJIw2OO6r95IkRmWeRssFVsTM
Bedford Chiropractic,,+1 902-835-6865,http://www.bedfordchiro.ca/,www.bedfordchiro.ca,"1687 Bedford Hwy, Bedford, NS B4A 1G1, Canada",Bedford,Nova Scotia,4.9,143,Chiropractor,https://www.google.com/maps/search/?api=1&query=Bedford%20Chiropractic&query_place_id=ChIJ5Qx31ciJWUsRxb0w17Mij8M
Nova Spinal Care Inc,,+1 902-444-6682,http://www.novaspinalcare.ca/,www.novaspinalcare.ca,"50 Gary Martin Dr, Bedford, NS B4B 0P9, Canada",Bedford,Nova Scotia,4.9,171,Chiropractor,https://www.google.com/maps/search/?api=1&query=Nova%20Spinal%20Care%20Inc&query_place_id=ChIJWwG7Xy0gWksRuYpw7J1Hk98
Basin View Chiropractic,info@basinviewchiropractic.com,+1 902-835-5755,http://www.basinviewchiropractic.com/,www.basinviewchiropractic.com,"1239 Bedford Hwy, Bedford, NS B4A 1C5, Canada",Bedford,Nova Scotia,5,62,Chiropractor,https://www.google.com/maps/search/?api=1&query=Basin%20View%20Chiropractic&query_place_id=ChIJi8nLDOyJWUsROFDn0hmsM8Y
Roach Chiropractic Centre,info@roachchiropractic.com,+1 902-404-3828,https://www.roachchiropractic.com/,www.roachchiropractic.com,"1160 Bedford Hwy Unit 103, Bedford, NS B4A 1C1, Canada",Bedford,Nova Scotia,4.9,352,Chiropractor,https://www.google.com/maps/search/?api=1&query=Roach%20Chiropractic%20Centre&query_place_id=ChIJKXCYxe2JWUsReXJIzXwUwxQ
Eaglewood Chiropractic Health Centre,,+1 902-422-6688,https://eaglewoodchiro.ca/,eaglewoodchiro.ca,"105 Dartmouth Rd, Bedford, NS B4A 2L8, Canada",Bedford,Nova Scotia,5,1119,Chiropractor,https://www.google.com/maps/search/?api=1&query=Eaglewood%20Chiropractic%20Health%20Centre&query_place_id=ChIJDWh0pr2JWUsRzJhi-Dkq6qY
Bee Well Integrated Health Centre (IHC),info@beewellihc.com,+1 902-407-3400,https://beewellihc.com/,beewellihc.com,"57 Duke St, Bedford, NS B4A 2Z2, Canada",Bedford,Nova Scotia,5,67,Chiropractor,https://www.google.com/maps/search/?api=1&query=Bee%20Well%20Integrated%20Health%20Centre%20(IHC)&query_place_id=ChIJS5qscS6IWUsRGVjQffUrshA
Sound Chiropractic and Health Sciences Centre,,+1 902-444-4666,http://soundchiropractic.ca/,soundchiropractic.ca,"620 Nine Mile Dr, Bedford, NS B4A 0H4, Canada",Bedford,Nova Scotia,5,84,Chiropractor,https://www.google.com/maps/search/?api=1&query=Sound%20Chiropractic%20and%20Health%20Sciences%20Centre&query_place_id=ChIJO2pXABGKWUsRtv2sl45Ca-I
Choice Health Centre,dart@choicehealthcentre.com,+1 902-404-3668,https://choicehealthcentre.com/,choicehealthcentre.com,"1600 Bedford Hwy, Bedford, NS B4A 1E8, Canada",Bedford,Nova Scotia,4.8,194,Chiropractor,https://www.google.com/maps/search/?api=1&query=Choice%20Health%20Centre&query_place_id=ChIJmcdOs8WJWUsRWcotaQ9vLNk
Hammond Chiropractic Health Centre,info@hammondchiro.ca,+1 902-835-7878,http://www.hammondchiro.ca/,www.hammondchiro.ca,"950 Bedford Hwy Suite 204, Bedford, NS B4A 4B5, Canada",Bedford,Nova Scotia,4.8,19,Chiropractor,https://www.google.com/maps/search/?api=1&query=Hammond%20Chiropractic%20Health%20Centre&query_place_id=ChIJ01ZscfSJWUsRQ4rQa2mZXtE
The Chiropractic Loft,thechiropracticloft@gmail.com,+1 902-405-3733,http://chiroloft.com/,chiroloft.com,"1567 Grafton St, Halifax, NS B3J 2C3, Canada",Halifax,Nova Scotia,5,151,Chiropractor,https://www.google.com/maps/search/?api=1&query=The%20Chiropractic%20Loft&query_place_id=ChIJ6wBjfUojWksR_lMDwZCGLQg
Maritime Chiropractic & Wellness,info@maritimechiropractic.ca,+1 902-492-2102,http://www.maritimechiropractic.ca/,www.maritimechiropractic.ca,"1592 Barrington St #200, Halifax, NS B3J 0C7, Canada",Halifax,Nova Scotia,4.9,95,Chiropractor,https://www.google.com/maps/search/?api=1&query=Maritime%20Chiropractic%20%26%20Wellness&query_place_id=ChIJOXjjmTQiWksRy2y3TDgDsJ4
Halifax Chiropractic Clinic,reception@halifaxchiropractic.ca,+1 902-423-9223,https://www.halifaxchiropractic.ca/,www.halifaxchiropractic.ca,"6112 Willow St, Halifax, NS B3K 1M2, Canada",Halifax,Nova Scotia,4.9,29,Chiropractor,https://www.google.com/maps/search/?api=1&query=Halifax%20Chiropractic%20Clinic&query_place_id=ChIJ1WO8Nn8hWksRN4JdznMCNhg
Clayton Park Chiropractic Centre,info@claytonparkchiro.ca,+1 902-443-5669,https://www.claytonparkchiro.ca/?UTM_source=GBL,www.claytonparkchiro.ca,"117 Kearney Lake Rd #11, Halifax, NS B3M 4N9, Canada",Halifax,Nova Scotia,4.9,202,Chiropractor,https://www.google.com/maps/search/?api=1&query=Clayton%20Park%20Chiropractic%20Centre&query_place_id=ChIJWSgKjaUgWksROhIM12u-nFQ
Currents Chiropractic Studio,admin@currentschiro.ca,+1 902-631-1788,https://currentschiro.ca/,currentschiro.ca,"5663 Nora Bernard St, Halifax, NS B3K 1B6, Canada",Halifax,Nova Scotia,5,28,Chiropractor,https://www.google.com/maps/search/?api=1&query=Currents%20Chiropractic%20Studio&query_place_id=ChIJz3PGGqQjWksRm_Y2yMT9cFs
Dr. MacAdam & Associates,reception@halifaxchiro.com,+1 902-407-3347,https://halifaxchiro.com/,halifaxchiro.com,"6777 Quinpool Rd, Halifax, NS B3L 1C2, Canada",Halifax,Nova Scotia,4.9,66,Chiropractor,https://www.google.com/maps/search/?api=1&query=Dr.%20MacAdam%20%26%20Associates&query_place_id=ChIJS3p7p54hWksRpftXyKdUItM
Robie at Spring Garden Chiropractic Clinic,robiechiro@gmail.com,+1 902-422-3279,http://www.robiechiro.com/,www.robiechiro.com,"5991 Spring Garden Rd #103, Halifax, NS B3H 1Y6, Canada",Halifax,Nova Scotia,4.8,189,Chiropractor,https://www.google.com/maps/search/?api=1&query=Robie%20at%20Spring%20Garden%20Chiropractic%20Clinic&query_place_id=ChIJnzQ06i8iWksRTs-rVWhbN5Q
Health First Chiropractic & Massage,,+1 902-429-5098,http://healthfirstchiropractic.squarespace.com/,healthfirstchiropractic.squarespace.com,"1894 Barrington St Suite 156, Halifax, NS B3J 2A8, Canada",Halifax,Nova Scotia,4.9,28,Chiropractor,https://www.google.com/maps/search/?api=1&query=Health%20First%20Chiropractic%20%26%20Massage&query_place_id=ChIJmXCrnM0jWksRJ9qxhH5hwhs
Knotical Chiropractic,,+1 902-932-7425,http://www.knoticalchiropractic.com/,www.knoticalchiropractic.com,"1496 Lower Water St, Halifax, NS B3J 1R9, Canada",Halifax,Nova Scotia,5,42,Chiropractor,https://www.google.com/maps/search/?api=1&query=Knotical%20Chiropractic&query_place_id=ChIJp4Yi49EjWksRqBuwjt6ENnI
"Dr. Krista Prowse Welch, Halifax Chiropractor @ Welch Chiropractic",info@welchchiropractic.ca,+1 902-422-3535,http://www.welchchiropractic.ca/,www.welchchiropractic.ca,"5991 Spring Garden Rd Suite 435, Halifax, NS B3H 1Y6, Canada",Halifax,Nova Scotia,4.8,10,Chiropractor,https://www.google.com/maps/search/?api=1&query=Dr.%20Krista%20Prowse%20Welch%2C%20Halifax%20Chiropractor%20%40%20Welch%20Chiropractic&query_place_id=ChIJrZKTw6chWksRG5WtH1M5AmM
Park West Chiropractic - Dr. Shawn Toner,info@parkwestchiro.ca,+1 902-457-2288,http://www.parkwestchiro.ca/,www.parkwestchiro.ca,"287 Lacewood Dr Unit 120, Halifax, NS B3M 3Y7, Canada",Halifax,Nova Scotia,5,26,Chiropractor,https://www.google.com/maps/search/?api=1&query=Park%20West%20Chiropractic%20-%20Dr.%20Shawn%20Toner&query_place_id=ChIJU1O2AcQhWksRPwgbH2ahEKY
Genesis Chiropractic & Wellness Centre,,+1 902-445-0221,https://www.genesischiropracticandwellness.com/?UTM_source=GBL,www.genesischiropracticandwellness.com,"255 Lacewood Dr, Halifax, NS B3M 4G2, Canada",Halifax,Nova Scotia,4.9,31,Chiropractor,https://www.google.com/maps/search/?api=1&query=Genesis%20Chiropractic%20%26%20Wellness%20Centre&query_place_id=ChIJk9gqCVcgWksROXyVofoMXCE
"Revital Wellness - (Chiropractic, Physiotherapy, Massage Therapy)",privacypolicyupdates@automattic.com,+1 902-536-3343,http://www.revitalwellness.ca/,www.revitalwellness.ca,"5562 Sackville St #302, Halifax, NS B3J 1L1, Canada",Halifax,Nova Scotia,5,88,Chiropractor,https://www.google.com/maps/search/?api=1&query=Revital%20Wellness%20-%20(Chiropractic%2C%20Physiotherapy%2C%20Massage%20Therapy)&query_place_id=ChIJndvseFQhWksRLj0UKf8wcGQ
Seaside Chiropractic and Health Centre,info@seasidechiropractic.ca,+1 902-407-5120,http://www.seasidechiropractic.ca/,www.seasidechiropractic.ca,"6960 Mumford Rd #110, Halifax, NS B3L 4P1, Canada",Halifax,Nova Scotia,5,65,Chiropractor,https://www.google.com/maps/search/?api=1&query=Seaside%20Chiropractic%20and%20Health%20Centre&query_place_id=ChIJgx9NTpchWksRlyRgMggKa2M
"MEND|RX Halifax - (Physiotherapy, Massage Therapy, Chiropractic)",user@domain.com,+1 902-536-1856,https://www.mendrx.ca/,www.mendrx.ca,"2741 Gladstone St, Halifax, NS B3K 4W6, Canada",Halifax,Nova Scotia,4.9,563,Chiropractor,https://www.google.com/maps/search/?api=1&query=MEND%7CRX%20Halifax%20-%20(Physiotherapy%2C%20Massage%20Therapy%2C%20Chiropractic)&query_place_id=ChIJV5I5KEkhWksRVOngsEO72E8
Armdale Chiropractic Health Centre,office@ourbusiness.com,+1 902-454-9777,http://www.armdalechiro.ca/,www.armdalechiro.ca,"201 Herring Cove Rd, Halifax, NS B3L 4G4, Canada",Halifax,Nova Scotia,4.9,12,Chiropractor,https://www.google.com/maps/search/?api=1&query=Armdale%20Chiropractic%20Health%20Centre&query_place_id=ChIJT5KT55MhWksRo8l0tylHSqA
Fairview Chiropractic & Massage,fairviewchiro@eastlink.ca,+1 902-405-5433,https://www.fairviewchiropractic.ca/,www.fairviewchiropractic.ca,"25 Titus St, Halifax, NS B3M 2N5, Canada",Halifax,Nova Scotia,4.7,20,Chiropractor,https://www.google.com/maps/search/?api=1&query=Fairview%20Chiropractic%20%26%20Massage&query_place_id=ChIJdV0muqkhWksR02tIBx-Jbmk
Healthy Link Chiropractic Wellness Centre,,+1 902-446-5465,http://www.healthylinkwellness.ca/,www.healthylinkwellness.ca,"362 Lacewood Dr Suite 201, Halifax, NS B3S 1M7, Canada",Halifax,Nova Scotia,4.9,48,Chiropractor,https://www.google.com/maps/search/?api=1&query=Healthy%20Link%20Chiropractic%20Wellness%20Centre&query_place_id=ChIJTwYHiEQgWksRWiP3qa9Cbzk
Schad Naturopathic Clinic,ccnmclinics@ccnm.edu,+1 416-498-9763,https://ccnmclinics.ca/,ccnmclinics.ca,"1255 Sheppard Ave E, North York, ON M2K 1E2, Canada",,Nova Scotia,4.4,24,Naturopathic practitioner,https://www.google.com/maps/search/?api=1&query=Schad%20Naturopathic%20Clinic&query_place_id=ChIJfRUWgMfS1IkR9Ul1SZrrxYM
Canadian Chiropractic Association,info@chiropractic.ca,+1 416-585-7902,https://chiropractic.ca/,chiropractic.ca,"184 Front St E #200, Toronto, ON M5A 4N3, Canada",Toronto,Nova Scotia,4.3,9,Association / Organization,https://www.google.com/maps/search/?api=1&query=Canadian%20Chiropractic%20Association&query_place_id=ChIJ23MCWds0K4gRFQjTzTn96jI
Canadian Academy of Osteopathy,,(866) 320-9898,https://www.canadianosteopathy.ca/,www.canadianosteopathy.ca,"66 Ottawa St N, Hamilton, ON L8H 3Z1, Canada",Hamilton,Nova Scotia,4.6,151,College,https://www.google.com/maps/search/?api=1&query=Canadian%20Academy%20of%20Osteopathy&query_place_id=ChIJ0QYIzFyZLIgRhy-o_w23pJs
Kinesis Health Associates,,+1 902-464-2225,https://www.kinesishealth.ca/,www.kinesishealth.ca,"155 Ochterloney St 2nd floor, Dartmouth, NS B2Y 1C9, Canada",Dartmouth,Nova Scotia,4.9,317,Chiropractor,https://www.google.com/maps/search/?api=1&query=Kinesis%20Health%20Associates&query_place_id=ChIJg_NiOOEjWksRW3dP7X5_5r8
COME AND BE RELAXED HEALTH CLINIC DARTMOUTH INCORPORATED,,+1 902-240-7073,http://acupuncture-chiropractic.com/,acupuncture-chiropractic.com,"25 Boutiliers Ln, Dartmouth, NS B2X 2H6, Canada",Dartmouth,Nova Scotia,5,107,Chiropractor,https://www.google.com/maps/search/?api=1&query=COME%20AND%20BE%20RELAXED%20HEALTH%20CLINIC%20DARTMOUTH%20INCORPORATED&query_place_id=ChIJ730s4yInWksRMrtHbKqLki4
The Disc Clinic Dartmouth,tdcdartmouth@thediscclinic.com,+1 902-463-3456,http://www.thediscclinic.com/,www.thediscclinic.com,"644 Portland St #12, Dartmouth, NS B2W 6A3, Canada",Dartmouth,Nova Scotia,4.9,46,Chiropractor,https://www.google.com/maps/search/?api=1&query=The%20Disc%20Clinic%20Dartmouth&query_place_id=ChIJmV5m8IgjWksR2HnVKh3F8N8
Dartmouth Sport + Spine,info@dartmouthsportspine.ca,+1 902-466-9935,http://www.dartmouthsportspine.ca/,www.dartmouthsportspine.ca,"65 Queen St, Dartmouth, NS B2Y 1G4, Canada",Dartmouth,Nova Scotia,5,160,Chiropractor,https://www.google.com/maps/search/?api=1&query=Dartmouth%20Sport%20%2B%20Spine&query_place_id=ChIJvewOSeMjWksR8ZNH6iAHKHg
Cole Harbour Chiropractic & Wellness,,+1 902-435-9355,http://www.coleharbourchiropractic.com/,www.coleharbourchiropractic.com,"973 Cole Harbour Rd, Dartmouth, NS B2V 1E8, Canada",Dartmouth,Nova Scotia,5,40,Chiropractor,https://www.google.com/maps/search/?api=1&query=Cole%20Harbour%20Chiropractic%20%26%20Wellness&query_place_id=ChIJ_-pN_pkkWksR5QQtOCE9u1M
Woodside Chiropractic,chiropracticwoodside@gmail.com,+1 902-580-2925,http://woodsidechiropractic.ca/,woodsidechiropractic.ca,"18 Acadia St Suite 101, Dartmouth, NS B2Y 4H3, Canada",Dartmouth,Nova Scotia,5,15,Chiropractor,https://www.google.com/maps/search/?api=1&query=Woodside%20Chiropractic&query_place_id=ChIJDfHayW0jWksRyd-t6hNdelc
"Dartmouth Low Back And Neck Pain Walk-In Chiropractic - Dr. Brent S. MacNeil, Chiropractor",,+1 902-469-4772,http://www.drbrentmacneilonline.com/,www.drbrentmacneilonline.com,"657 Portland St, Dartmouth, NS B2W 2M9, Canada",Dartmouth,Nova Scotia,5,13,Chiropractor,https://www.google.com/maps/search/?api=1&query=Dartmouth%20Low%20Back%20And%20Neck%20Pain%20Walk-In%20Chiropractic%20-%20Dr.%20Brent%20S.%20MacNeil%2C%20Chiropractor&query_place_id=ChIJt1-nT4gjWksRu0TJvVG6lpE
Pillars of Health,reception@pillarsofhealth.ca,+1 902-444-3303,http://www.pillarsofhealth.ca/,www.pillarsofhealth.ca,"10 Portland St Unit 101, Dartmouth, NS B2Y 1G9, Canada",Dartmouth,Nova Scotia,4.8,50,Chiropractor,https://www.google.com/maps/search/?api=1&query=Pillars%20of%20Health&query_place_id=ChIJBU4P9t0jWksRXAVmnUJ-UYQ
"The Dartmouth Wellness Collective - Acupuncture, Massage Therapy, Naturopath, BioScan",,+1 902-580-3282,http://dartmouthwellness.ca/,dartmouthwellness.ca,"35 Baker Dr Suite 105, Dartmouth, NS B2W 6M3, Canada",Dartmouth,Nova Scotia,4.9,45,Chiropractor,https://www.google.com/maps/search/?api=1&query=The%20Dartmouth%20Wellness%20Collective%20-%20Acupuncture%2C%20Massage%20Therapy%2C%20Naturopath%2C%20BioScan&query_place_id=ChIJUbNWgo0jWksRrL0xdKGlJWA
PROactive Health & Performance Centre,info@proactiveperformance.ca,+1 902-468-0832,http://www.proactiveperformance.ca/,www.proactiveperformance.ca,"26 Akerley Blvd, Dartmouth, NS B3B 0K4, Canada",Dartmouth,Nova Scotia,4.7,48,Medical clinic,https://www.google.com/maps/search/?api=1&query=PROactive%20Health%20%26%20Performance%20Centre&query_place_id=ChIJ7z_R5iAnWksREBstIIiMkWY
Symmetry Wellness Centre,info@symmetrywellnesscentre.ca,+1 902-444-6555,http://www.symmetrywellnesscentre.ca/,www.symmetrywellnesscentre.ca,"71 Ilsley Ave, Dartmouth, NS B3B 1L5, Canada",Dartmouth,Nova Scotia,4.9,124,Chiropractor,https://www.google.com/maps/search/?api=1&query=Symmetry%20Wellness%20Centre&query_place_id=ChIJY5dT_NomWksRYWBsEeqvtec
Cole Harbour Integrated Health Services - pt Health,,+1 902-435-3391,https://www.pthealth.ca/clinic/cole-harbour-integrated-health-services-pt-health/?utm_source=gmb&utm_medium=organic,www.pthealth.ca,"51 Forest Hills Pkwy, Dartmouth, NS B2W 6C6, Canada",Dartmouth,Nova Scotia,4.8,109,Chiropractor,https://www.google.com/maps/search/?api=1&query=Cole%20Harbour%20Integrated%20Health%20Services%20-%20pt%20Health&query_place_id=ChIJyb3gZpckWksRuTPCjlwTG4w
The Disc Clinic,tdcdartmouth@thediscclinic.com,+1 902-889-3456,https://thediscclinic.com/,thediscclinic.com,"514 Ponderosa Dr, Lake Echo, NS B3E 1E3, Canada",Lake Echo,Nova Scotia,5,13,Chiropractor,https://www.google.com/maps/search/?api=1&query=The%20Disc%20Clinic&query_place_id=ChIJc6m_H_s0WksRVaG0PbFH6Gw
Natural Path Wellness,reception@naturalpathwellness.ca,+1 902-463-9351,http://www.naturalpathwellness.ca/,www.naturalpathwellness.ca,"33 Ochterloney St Suite 255, Dartmouth, NS B2Y 4P5, Canada",Dartmouth,Nova Scotia,4.7,63,Chiropractor,https://www.google.com/maps/search/?api=1&query=Natural%20Path%20Wellness&query_place_id=ChIJ-YA2U44jWksRg1gLpQwTRnc
Coastal Sports & Wellness - Bedford,info@coastalsportsandwellness.com,+1 902-404-8034,https://coastalsportsandwellness.com/,coastalsportsandwellness.com,"15 Dartmouth Rd #200, Bedford, NS B4A 3X6, Canada",Bedford,Nova Scotia,5,269,Chiropractor,https://www.google.com/maps/search/?api=1&query=Coastal%20Sports%20%26%20Wellness%20-%20Bedford&query_place_id=ChIJYZ9xTsSJWUsReeuehgMmSXE
Strada Health and Fitness,user@domain.com,+1 902-444-1990,https://www.stradahealth.com/,www.stradahealth.com,"1239 Bedford Hwy, Bedford, NS B4A 1C5, Canada",Bedford,Nova Scotia,4.9,73,Chiropractor,https://www.google.com/maps/search/?api=1&query=Strada%20Health%20and%20Fitness&query_place_id=ChIJ9-9UaPiJWUsRq0JEaCiseek
Dr Sasha Zevenhuizen / Birchcove Chiropractic,privacypolicyupdates@automattic.com,+1 902-708-3299,http://www.birchcovechiro.ca/,www.birchcovechiro.ca,"11 Bloom Ln #210, Bedford, NS B4B 0W5, Canada",Bedford,Nova Scotia,5,13,Chiropractor,https://www.google.com/maps/search/?api=1&query=Dr%20Sasha%20Zevenhuizen%20%2F%20Birchcove%20Chiropractic&query_place_id=ChIJncV3xUSLWUsRIMG3VcSJ5_s
Atlantic Chiropractic,info@atlanticchiropractic.ca,+1 902-407-6070,https://www.atlanticchiropractic.ca/,www.atlanticchiropractic.ca,"1432 Hammonds Plains Rd #16, Hammonds Plains, NS B4B 1P6, Canada",Hammonds Plains,Nova Scotia,4.9,201,Chiropractor,https://www.google.com/maps/search/?api=1&query=Atlantic%20Chiropractic&query_place_id=ChIJ2aTT9i-JWUsRKy-CvRgxwRY
Thrive Family Chiropractic,hello@mythrivechiro.ca,+1 902-865-9335,https://mythrivechiro.ca/,mythrivechiro.ca,"579 Sackville Dr, Lower Sackville, NS B4C 2S4, Canada",Lower Sackville,Nova Scotia,4.9,76,Chiropractor,https://www.google.com/maps/search/?api=1&query=Thrive%20Family%20Chiropractic&query_place_id=ChIJzziBfGIgWksRwBZlbjKXYjc
Sackville Chiropractic Clinic,,+1 902-865-6593,http://www.sackvillechiropractic.ca/,www.sackvillechiropractic.ca,"12-294 Cobequid Rd, Lower Sackville, NS B4C 4C5, Canada",Lower Sackville,Nova Scotia,4.8,97,Chiropractor,https://www.google.com/maps/search/?api=1&query=Sackville%20Chiropractic%20Clinic&query_place_id=ChIJAV5LOFeIWUsRcpmNZZ_Zn6g
Scotia Physiotherapy,info@scotiaphysiotherapy.ca,+1 902-425-3065,https://scotiaphysiotherapy.ca/,scotiaphysiotherapy.ca,"6178 Quinpool Rd, Halifax, NS B3L 1A3, Canada",Halifax,Nova Scotia,4.9,105,Physical therapist,https://www.google.com/maps/search/?api=1&query=Scotia%20Physiotherapy&query_place_id=ChIJfzI3_SkiWksR9FSb1kduPUQ
University Physiotherapy Inc,universityphysio@ns.aliantzinc.ca,+1 902-423-9800,http://www.universityphysiotherapy.com/,www.universityphysiotherapy.com,"5880 Spring Garden Rd #104, Halifax, NS B3H 1Y1, Canada",Halifax,Nova Scotia,4.8,50,Physical therapy clinic,https://www.google.com/maps/search/?api=1&query=University%20Physiotherapy%20Inc&query_place_id=ChIJGe-eAS8iWksRzS_u58GRXuQ
Lifemark Sport Saint Mary's,saint.marys@lifemark.ca,+1 902-420-5061,https://www.lifemark.ca/Saint-Marys?utm_source=gmb&utm_medium=organic,www.lifemark.ca,"920 Tower Rd, Halifax, NS B3H 3C3, Canada",Halifax,Nova Scotia,5,172,Physical therapist,https://www.google.com/maps/search/?api=1&query=Lifemark%20Sport%20Saint%20Mary's&query_place_id=ChIJ0ZFvqEAiWksRQKQcG0YlQ1c
KEY Physiotherapy & Rehabilitation Centre,info@keyphysio.com,+1 902-422-1555,https://keyphysio.com/location/physiotherapy-halifax-ns/,keyphysio.com,"3480 Joseph Howe Dr., Halifax, NS B3L 4H7, Canada",Halifax,Nova Scotia,4.9,120,Physical therapist,https://www.google.com/maps/search/?api=1&query=KEY%20Physiotherapy%20%26%20Rehabilitation%20Centre&query_place_id=ChIJG-diSKQhWksRXrodO7l-Svo
Clayton Park Physiotherapy,cpphysio@bellaliant.com,+1 902-445-7990,http://www.claytonparkphysio.com/,www.claytonparkphysio.com,"30 Farnham Gate Rd, Halifax, NS B3M 3W8, Canada",Halifax,Nova Scotia,4.7,56,Physical therapist,https://www.google.com/maps/search/?api=1&query=Clayton%20Park%20Physiotherapy&query_place_id=ChIJ66dnbYsgWksR9FjbwkoJVaU
Dalhousie Physiotherapy Clinic,helpdesk@dal.ca,+1 902-494-1502,http://www.dal.ca/ptclinic,www.dal.ca,"6260 South St, Halifax, NS B3H 4R2, Canada",Halifax,Nova Scotia,4.7,27,Physical therapist,https://www.google.com/maps/search/?api=1&query=Dalhousie%20Physiotherapy%20Clinic&query_place_id=ChIJgwVv0zoiWksR5w3cfaAIC5o
CBI Health - Halifax South End,,+1 902-423-1234,https://www.cbihealth.ca/locations/halifax-south-end,www.cbihealth.ca,"5595 Fenwick St Suite 311, Halifax, NS B3H 1R1, Canada",Halifax,Nova Scotia,4.6,14,Physical therapist,https://www.google.com/maps/search/?api=1&query=CBI%20Health%20-%20Halifax%20South%20End&query_place_id=ChIJl_rW-y8jWksRojfLPF59VuA
One to One Wellness Centre,admin@121wellness.ca,+1 902-425-3775,http://www.121wellness.ca/?utm_source=google&utm_medium=gmb,www.121wellness.ca,"1535 Dresden Row Suite 210, Halifax, NS B3J 3T1, Canada",Halifax,Nova Scotia,4.9,126,Physical therapist,https://www.google.com/maps/search/?api=1&query=One%20to%20One%20Wellness%20Centre&query_place_id=ChIJ3eFkSzIiWksRIfbFWHvUxtQ
Kachan Physiotherapy,,+1 902-444-1499,http://www.kachanphysio.com/,www.kachanphysio.com,"5743 University Ave, Halifax, NS B3H 0A2, Canada",Halifax,Nova Scotia,4.7,14,Physical therapist,https://www.google.com/maps/search/?api=1&query=Kachan%20Physiotherapy&query_place_id=ChIJ5c4btNUjWksROpMYhQGHm_8
Spryfield Physiotherapy,info@spryfieldphysiotherapy.ca,+1 902-479-7500,http://spryfieldphysiotherapy.ca/,spryfieldphysiotherapy.ca,"357 Herring Cove Rd, Halifax, NS B3R 1V9, Canada",Halifax,Nova Scotia,4.7,69,Physical therapist,https://www.google.com/maps/search/?api=1&query=Spryfield%20Physiotherapy&query_place_id=ChIJZzC_O6kYWksR05cygGluCOs
Citadel Physiotherapy Clinic,contact@citadelphysio.com,+1 902-442-5623,http://citadelphysio.com/,citadelphysio.com,"1554 Dresden Row Suite 3070, Halifax, NS B3J 2K2, Canada",Halifax,Nova Scotia,4.9,127,Physical therapist,https://www.google.com/maps/search/?api=1&query=Citadel%20Physiotherapy%20Clinic&query_place_id=ChIJn271ijIiWksR_WDLaOhGQbs
ACCEL Health and Sport Performance Centre,info@accelhealth.ca,+1 902-446-4004,https://accelhealth.ca/,accelhealth.ca,"3711 Joseph Howe Dr. Unit 5, Halifax, NS B3L 4H8, Canada",Halifax,Nova Scotia,4.7,105,Physical therapist,https://www.google.com/maps/search/?api=1&query=ACCEL%20Health%20and%20Sport%20Performance%20Centre&query_place_id=ChIJ4dvdBgghWksR9gJewYXQZQI
Synergy Physiotherapy + Pilates,admin@synergyphysiopilates.ca,+1 902-407-1417,http://www.synergyphysiopilates.ca/,www.synergyphysiopilates.ca,"2742 Robie St #100, Halifax, NS B3K 4P2, Canada",Halifax,Nova Scotia,4.9,139,Physical therapist,https://www.google.com/maps/search/?api=1&query=Synergy%20Physiotherapy%20%2B%20Pilates&query_place_id=ChIJmS1-lJ0hWksR9atDBIVuBxw
MOVE Physiotherapy,info@movephysio.ca,+1 902-832-6699,http://www.movephysio.ca/,www.movephysio.ca,"1181 Larry Uteck Blvd Unit 103, Bedford, NS B4B 0S9, Canada",Bedford,Nova Scotia,5,275,Physical therapist,https://www.google.com/maps/search/?api=1&query=MOVE%20Physiotherapy&query_place_id=ChIJ8zY7Pz6KWUsRU0lIi7_z2w0
Balance 360 Health | Vestibular Physiotherapy Bedford,info@balance360health.ca,+1 902-420-0779,https://balance360health.ca/,balance360health.ca,"226 Broad St Unit 215, Bedford, NS B4B 2M9, Canada",Bedford,Nova Scotia,4.9,93,Physical therapy clinic,https://www.google.com/maps/search/?api=1&query=Balance%20360%20Health%20%7C%20Vestibular%20Physiotherapy%20Bedford&query_place_id=ChIJlRe5VLOLWUsRfjYv1Te4ths
Catalyst Physiotherapy,admin@catalystphysio.ca,+1 902-444-7587,http://www.catalystphysio.ca/,www.catalystphysio.ca,"50 Gary Martin Dr Suite 220, Bedford, NS B4B 0P9, Canada",Bedford,Nova Scotia,5,49,Physical therapist,https://www.google.com/maps/search/?api=1&query=Catalyst%20Physiotherapy&query_place_id=ChIJ8etm4mWJWUsRaOLFHJ895Ak
Bedford Health Centre,info@bedfordhealthcentre.com,+1 902-835-1932,https://www.bedfordhealthcentre.com/,www.bedfordhealthcentre.com,"1093 Bedford Hwy Suite 200, Bedford, NS B4A 1B7, Canada",Bedford,Nova Scotia,4.7,26,Physical therapist,https://www.google.com/maps/search/?api=1&query=Bedford%20Health%20Centre&query_place_id=ChIJz3VrGfKJWUsRlxp3yXEzMLQ
InMotion Physiotherapy & Wellness Centre,,+1 902-445-1774,http://inmotionphysiotherapy.ca/,inmotionphysiotherapy.ca,"35 Bloom Ln Unit 201, Bedford, NS B4B 2E6, Canada",Bedford,Nova Scotia,5,77,Physical therapy clinic,https://www.google.com/maps/search/?api=1&query=InMotion%20Physiotherapy%20%26%20Wellness%20Centre&query_place_id=ChIJl6T7JkOLWUsRmQWNPWCCj40
Apex Orthopaedic Rehabilitation,info@apexorthorehab.ca,+1 902-835-2932,https://apexorthorehab.ca/,apexorthorehab.ca,"27 Dellridge Ln Unit #101, Bedford, NS B4A 0H1, Canada",Bedford,Nova Scotia,4.8,75,Physical therapist,https://www.google.com/maps/search/?api=1&query=Apex%20Orthopaedic%20Rehabilitation&query_place_id=ChIJ8YE_5BCKWUsRpWS7-YPR3eg
Pelvico Health Centre (Bedford),info@pelvico.ca,+1 902-332-8534,http://pelvico.ca/,pelvico.ca,"36 Duke St, Bedford, NS B4A 2Z5, Canada",Bedford,Nova Scotia,5,76,Physical therapy clinic,https://www.google.com/maps/search/?api=1&query=Pelvico%20Health%20Centre%20(Bedford)&query_place_id=ChIJqyF3slaJWUsRKV3sq5GB3Zk
Rehabilitation Centre,nshealthparking@nshealth.ca,+1 902-473-1510,https://www.nshealth.ca/locations-and-facilities/nova-scotia-rehabilitation-and-arthritis-centre,www.nshealth.ca,"1341 Summer St, Halifax, NS B3H 4K4, Canada",Halifax,Nova Scotia,3.5,11,Rehabilitation center,https://www.google.com/maps/search/?api=1&query=Rehabilitation%20Centre&query_place_id=ChIJla6icy4iWksRyJY1BrmQArw
Forte Physical Therapy,info@fortept.ca,+1 902-219-0324,http://www.fortept.ca/,www.fortept.ca,"5553 Bloomfield St, Halifax, NS B3K 1S7, Canada",Halifax,Nova Scotia,5,63,Physical therapy clinic,https://www.google.com/maps/search/?api=1&query=Forte%20Physical%20Therapy&query_place_id=ChIJPdPFZ2whWksRukiiAQ9JMzY
Halifax Humane Society Spay & Neuter Clinic,snclinic@halifaxhumanesociety.org,(386) 202-6633,https://www.halifaxhumanesociety.org/spay-neuter-clinic/index,www.halifaxhumanesociety.org,"600 Mason Ave suite 150, Daytona Beach, FL 32117",Daytona Beach,Nova Scotia,4.5,509,Veterinarian,https://www.google.com/maps/search/?api=1&query=Halifax%20Humane%20Society%20Spay%20%26%20Neuter%20Clinic&query_place_id=ChIJPT2Hhs7b5ogR2nW-Mf33gbs
The Therapy Centre (Bedford) Limited,,+44 1234 351411,http://www.thetherapycentre.co.uk/,www.thetherapycentre.co.uk,"Limited, The Therapy Centre, 362-364 Goldington Rd, Bedford MK41 9NT, United Kingdom",Bedford,Nova Scotia,5,9,Physical therapist,https://www.google.com/maps/search/?api=1&query=The%20Therapy%20Centre%20(Bedford)%20Limited&query_place_id=ChIJwfLiN6-3d0gRAN4gFZYcMe0
Meghan Maguire Physiotherapy,impallari@gmail.com,+1 902-462-2200,https://mmphysiotherapy.ca/,mmphysiotherapy.ca,"7A Canal St, Dartmouth, NS B2Y 2W1, Canada",Dartmouth,Nova Scotia,5,84,Physical therapist,https://www.google.com/maps/search/?api=1&query=Meghan%20Maguire%20Physiotherapy&query_place_id=ChIJAWjVQ9YjWksRA7X944FBp0s
Cole Harbour Physio & Rehab,admin@chphysio.ca,+1 902-462-6492,http://www.coleharbourphysio.ca/,www.coleharbourphysio.ca,"1153 Cole Harbour Rd, Dartmouth, NS B2V 1E8, Canada",Dartmouth,Nova Scotia,4.9,55,Physical therapy clinic,https://www.google.com/maps/search/?api=1&query=Cole%20Harbour%20Physio%20%26%20Rehab&query_place_id=ChIJ_-pN_pkkWksRzI_Tf0dqEzk
Citadel Physiotherapy,contact@citadelphysio.com,+1 902-407-8733,https://www.citadelphysio.com/,www.citadelphysio.com,"250 Baker Dr, Dartmouth, NS B2W 6L4, Canada",Dartmouth,Nova Scotia,5,109,Physical therapist,https://www.google.com/maps/search/?api=1&query=Citadel%20Physiotherapy&query_place_id=ChIJ_2Qv55gjWksRDezWx8grO3s
Maritime Physiotherapy Ltd,info@maritimephysio.ca,+1 902-463-6083,https://maritimephysio.ca/,maritimephysio.ca,"192 Wyse Rd Unit 2, Dartmouth, NS B3A 1M9, Canada",Dartmouth,Nova Scotia,4.6,39,Physical therapist,https://www.google.com/maps/search/?api=1&query=Maritime%20Physiotherapy%20Ltd&query_place_id=ChIJvcQKH18hWksRnRq1KMAHh3Q
PhysioMatters Dartmouth Physiotherapy (Keltie Cheney),info@physiomatters.ca,+1 902-221-6111,http://www.physiomatters.ca/,www.physiomatters.ca,"68 Queen St Office 100, Dartmouth, NS B2Y 1G5, Canada",Dartmouth,Nova Scotia,5,31,Physical therapist,https://www.google.com/maps/search/?api=1&query=PhysioMatters%20Dartmouth%20Physiotherapy%20(Keltie%20Cheney)&query_place_id=ChIJk_X3LiojWksRbg2-HRHUFcY
Classic Physiotherapy & Work Rehabilitation Centre,,+1 902-404-2222,http://www.classicmanagedcare.com/,www.classicmanagedcare.com,"177 Main St #101, Dartmouth, NS B2X 1S1, Canada",Dartmouth,Nova Scotia,4.9,10,Physical therapist,https://www.google.com/maps/search/?api=1&query=Classic%20Physiotherapy%20%26%20Work%20Rehabilitation%20Centre&query_place_id=ChIJYdnQSqwhWksRgDq1tny2B5k
PROTx Caldwell Road,info@protxservices.ca,+1 902-334-2300,https://protxservices.ca/,protxservices.ca,"385 Caldwell Rd, Dartmouth, NS B2V 1A4, Canada",Dartmouth,Nova Scotia,5,114,Physical therapist,https://www.google.com/maps/search/?api=1&query=PROTx%20Caldwell%20Road&query_place_id=ChIJ_dP6d_0jWksR6XbnJ4Y7X4I
The Pelvic Health Clinic by Erika Burger Physiotherapy,,+1 902-229-8979,http://www.thepelvichealthclinic.ca/,www.thepelvichealthclinic.ca,"1106 Cole Harbour Rd, Dartmouth, NS B2V 1E7, Canada",Dartmouth,Nova Scotia,4.9,35,Physical therapist,https://www.google.com/maps/search/?api=1&query=The%20Pelvic%20Health%20Clinic%20by%20Erika%20Burger%20Physiotherapy&query_place_id=ChIJEUCBN1kjWksRRXLZnIlW2IA
Zoomers Physiotherapy & Health Solutions,admin@zoomershealth.ca,+1 902-453-1525,http://zoomershealth.ca/,zoomershealth.ca,"291 Horseshoe Lake Dr Unit C, Halifax, NS B3S 1E1, Canada",Halifax,Nova Scotia,5,133,Physical therapist,https://www.google.com/maps/search/?api=1&query=Zoomers%20Physiotherapy%20%26%20Health%20Solutions&query_place_id=ChIJ1_fQmaIhWksRTI27gf9YAJ0
East Coast Physio Limited,admin@eastcoastphysio.ca,+1 902-434-3300,https://www.eastcoastphysio.ca/,www.eastcoastphysio.ca,"100 Main St Suite 2033, Dartmouth, NS B2X 1R5, Canada",Dartmouth,Nova Scotia,5,11,Physical therapist,https://www.google.com/maps/search/?api=1&query=East%20Coast%20Physio%20Limited&query_place_id=ChIJEcMJdcwlWksR2_s8DMYken8
Park West Physiotherapy,info@parkwestphysio.ca,+1 902-407-3301,https://parkwestphysio.ca/,parkwestphysio.ca,"84 Hogan Ct, Bedford, NS B4B 2G2, Canada",Bedford,Nova Scotia,5,5,Physical therapist,https://www.google.com/maps/search/?api=1&query=Park%20West%20Physiotherapy&query_place_id=ChIJLQuFTniJWUsReryiUbY5YC4
Bedford Eye Care,info@bedfordeyecarecentre.ca,+1 902-835-2020,http://www.bedfordeyecarecentre.ca/,www.bedfordeyecarecentre.ca,"36 Duke St #1, Bedford, NS B4A 2Z5, Canada",Bedford,Nova Scotia,4.7,255,Optometrist,https://www.google.com/maps/search/?api=1&query=Bedford%20Eye%20Care&query_place_id=ChIJq6qq_sSJWUsRUPr-Z_06a9U
Eyes On Bedford,info@3for1glassesoakville.ca,+1 902-835-2100,https://www.3for1glasseshalifax.com/,www.3for1glasseshalifax.com,"1595 Bedford Hwy, Bedford, NS B4A 3Y4, Canada",Bedford,Nova Scotia,4.3,228,Optometrist,https://www.google.com/maps/search/?api=1&query=Eyes%20On%20Bedford&query_place_id=ChIJu5Ee8sWJWUsR2zZg_hLToDY
All About Eyecare Optometrists,,+1 902-835-4425,http://www.allabouteyecare.ca/,www.allabouteyecare.ca,"1248 Bedford Hwy, Bedford, NS B4A 1C6, Canada",Bedford,Nova Scotia,5,36,Optometrist,https://www.google.com/maps/search/?api=1&query=All%20About%20Eyecare%20Optometrists&query_place_id=ChIJIUzpbPSJWUsRxcDKr22og-o
All About Eyewear Optical,,+1 902-835-4426,http://www.allabouteyewear.ca/,www.allabouteyewear.ca,"1248 Bedford Hwy, Bedford, NS B4A 1C6, Canada",Bedford,Nova Scotia,5,25,Optician,https://www.google.com/maps/search/?api=1&query=All%20About%20Eyewear%20Optical&query_place_id=ChIJNTJS5BiJWUsRjwiLGfa69eQ
FYidoctors - Bedford - Nine Mile Drive,bedford.ninemiledrive@fyidoctors.com,+1 902-407-7174,https://fyidoctors.com/pages/family-vision-clinic-bedford-nine-mile-circle-partners-of-fyidoctors,fyidoctors.com,"620 Nine Mile Dr, Bedford, NS B4A 0H4, Canada",Bedford,Nova Scotia,4.6,125,Optometrist,https://www.google.com/maps/search/?api=1&query=FYidoctors%20-%20Bedford%20-%20Nine%20Mile%20Drive&query_place_id=ChIJWSTEqxGKWUsRo8hVztDXYkM
Eye Exams,,+1 902-865-7555,,,"405 Sackville Dr, Lower Sackville, NS B4C 2R9, Canada",Lower Sackville,Nova Scotia,4.7,16,Optometrist,https://www.google.com/maps/search/?api=1&query=Eye%20Exams&query_place_id=ChIJG7CpPvGIWUsRO5MALdB2u60
"Dr. France Muise, Optometry Ltd.",info@muiseoptometry.ca,+1 902-864-0505,http://www.muiseoptometry.ca/,www.muiseoptometry.ca,"Inside Vogue Optical, 405 Sackville Dr, Lower Sackville, NS B4C 2R8, Canada",Lower Sackville,Nova Scotia,4.9,54,Optometrist,https://www.google.com/maps/search/?api=1&query=Dr.%20France%20Muise%2C%20Optometry%20Ltd.&query_place_id=ChIJB2r2zQaJWUsRj1azumUurAk
Ashley Taweel Optometrist inc.,privacypolicyupdates@automattic.com,+1 782-882-7862,http://sackvilleoptometry.ca/,sackvilleoptometry.ca,"512 Sackville Drive Sackville Optometry, Lower Sackville, NS B4C 2R8, Canada",Lower Sackville,Nova Scotia,5,20,Optometrist,https://www.google.com/maps/search/?api=1&query=Ashley%20Taweel%20Optometrist%20inc.&query_place_id=ChIJb9UTLKohWksRFnzcTTqgsXA
Miller Optometry,,+1 902-707-4400,http://www.milleroptometry.ca/,www.milleroptometry.ca,"90 Hector Gate, Dartmouth, NS B3B 0B9, Canada",Dartmouth,Nova Scotia,4.9,200,Optometrist,https://www.google.com/maps/search/?api=1&query=Miller%20Optometry&query_place_id=ChIJV6tsHV0nWksRL12eGmIvBBU
Cole Harbour Optometry,eyecare@coleharbouroptometry.ca,+1 902-462-2828,http://www.coleharbouroptometry.ca/,www.coleharbouroptometry.ca,"6 Forest Hills Pkwy, Dartmouth, NS B2W 6E4, Canada",Dartmouth,Nova Scotia,4.7,38,Optometrist,https://www.google.com/maps/search/?api=1&query=Cole%20Harbour%20Optometry&query_place_id=ChIJ6YJU4oQkWksRL5MWs4F-2aQ
Eye World Ltd.,ljb@leojbeazley.com,+1 902-465-4979,http://www.eyeworld.ca/?utm_source=google-maps&utm_medium=organic,www.eyeworld.ca,"250 Baker Dr #130, Dartmouth, NS B2W 6L4, Canada",Dartmouth,Nova Scotia,4.7,45,Eye care center,https://www.google.com/maps/search/?api=1&query=Eye%20World%20Ltd.&query_place_id=ChIJq0f-29ojWksR4w-ySisoWic
Dartmouth Eye Surgery,,+1 902-405-0343,,,"45 Alderney Dr unit 1010, Dartmouth, NS B2Y 2N6, Canada",Dartmouth,Nova Scotia,5,5,Ophthalmologist,https://www.google.com/maps/search/?api=1&query=Dartmouth%20Eye%20Surgery&query_place_id=ChIJIRduK_MjWksRwObkQJPHZjo
Cruz Arturo M Dr,,+1 902-463-3937,,,"114 Woodlawn Rd, Dartmouth, NS B2W 1L3, Canada",Dartmouth,Nova Scotia,5,8,Doctor,https://www.google.com/maps/search/?api=1&query=Cruz%20Arturo%20M%20Dr&query_place_id=ChIJYxOGSoojWksRonSTsRNKAQQ
Vogue Optical,v_arrow-1@4x-8.png,+1 902-434-3232,https://vogueoptical.com/find-store/dartmouth/,vogueoptical.com,"114 Woodlawn Rd, Dartmouth, NS B2W 2S7, Canada",Dartmouth,Nova Scotia,4,34,Eye care center,https://www.google.com/maps/search/?api=1&query=Vogue%20Optical&query_place_id=ChIJYxOGSoojWksRFnmxDCrdVFg
Ocean Optometry & Dry Eye Clinic,,+1 902-446-4470,http://www.oceanoptometry.ca/,www.oceanoptometry.ca,"5240 Blowers St, Halifax, NS B3J 1J7, Canada",Halifax,Nova Scotia,4.8,191,Optometrist,https://www.google.com/maps/search/?api=1&query=Ocean%20Optometry%20%26%20Dry%20Eye%20Clinic&query_place_id=ChIJtaXRQzMiWksR0_AoCDheIbc
Banfield Ocular Prosthetic,,+1 902-468-2610,,,"201 Brownlow Ave #10, Dartmouth, NS B3B 1W2, Canada",Dartmouth,Nova Scotia,5,5,Ophthalmologist,https://www.google.com/maps/search/?api=1&query=Banfield%20Ocular%20Prosthetic&query_place_id=ChIJSYgxuRIkWksRzbqUhqTWAIc
Insight Optometry,info@insightoptometry.com,+1 902-422-4444,https://insightoptometry.com/,insightoptometry.com,"1575 Brunswick St, Halifax, NS B3J 2G1, Canada",Halifax,Nova Scotia,4.8,128,Optometrist,https://www.google.com/maps/search/?api=1&query=Insight%20Optometry&query_place_id=ChIJawR33zIiWksR2oBDx7t3Kps
Lang Optometry & Eyewear,,+1 902-453-6100,http://www.langoptometry.com/,www.langoptometry.com,"5550 Kaye St, Halifax, NS B3K 1Y5, Canada",Halifax,Nova Scotia,4.4,44,Optometrist,https://www.google.com/maps/search/?api=1&query=Lang%20Optometry%20%26%20Eyewear&query_place_id=ChIJfXEFLHAhWksRoJjJi6BUHwM
Oscar Wylee - Halifax,info@oscarwylee.com,+1 902-423-8731,https://oscarwylee.ca/,oscarwylee.ca,"Halifax Shopping Centre, 7001 Mumford Rd Shop No. 158, Halifax, NS B3L 4R3, Canada",Halifax,Nova Scotia,4.8,523,Optometrist,https://www.google.com/maps/search/?api=1&query=Oscar%20Wylee%20-%20Halifax&query_place_id=ChIJeTiVdeghWksR0n7PFuyAuzA
Atlantic Eye Centre,info@atlanticeyecentre.ca,+1 902-492-3937,https://www.atlanticeyecentre.ca/,www.atlanticeyecentre.ca,"5691 Spring Garden Road Near, South Park St, Halifax, NS B3J 1G9, Canada",Halifax,Nova Scotia,4.2,80,Optometrist,https://www.google.com/maps/search/?api=1&query=Atlantic%20Eye%20Centre&query_place_id=ChIJw6ITKjIiWksRGDdT0FLYmfU
Halifax Vision Centre,,+1 902-453-3937,,,"7105 Chebucto Rd Suite 353, Halifax, NS B3L 1N3, Canada",Halifax,Nova Scotia,4.2,16,Ophthalmologist,https://www.google.com/maps/search/?api=1&query=Halifax%20Vision%20Centre&query_place_id=ChIJz1CAvMYhWksRYOae9jpWjJg
Vision Sense Optometry,,+1 902-454-1520,http://vision-sense.ca/,vision-sense.ca,"68 Lovett Lake Ct, Halifax, NS B3S 1B8, Canada",Halifax,Nova Scotia,5,33,Optometrist,https://www.google.com/maps/search/?api=1&query=Vision%20Sense%20Optometry&query_place_id=ChIJsdyRvjQgWksRH2pz9B2HBgw
Gaudet Optical Ltd.,info@gaudetoptical.com,+1 902-423-6255,https://www.gaudetoptical.com/,www.gaudetoptical.com,"6465 Quinpool Rd, Halifax, NS B3L 1B1, Canada",Halifax,Nova Scotia,4.7,60,Optician,https://www.google.com/maps/search/?api=1&query=Gaudet%20Optical%20Ltd.&query_place_id=ChIJscjqMIYhWksRrRv63uH0feQ
Optical Warehouse Halifax,,+1 902-444-1082,http://opticalwarehouse.ca/,opticalwarehouse.ca,"103 Chain Lake Dr unit 104, Halifax, NS B3S 0G1, Canada",Halifax,Nova Scotia,4.5,203,Optometrist,https://www.google.com/maps/search/?api=1&query=Optical%20Warehouse%20Halifax&query_place_id=ChIJO4E8t9IhWksRhqzLfIFBs4s
Butler Opticians,,+1 902-455-4305,http://www.butleropticians.com/,www.butleropticians.com,"7001 Mumford Rd, Halifax, NS B3L 2H8, Canada",Halifax,Nova Scotia,4.5,59,Eye care center,https://www.google.com/maps/search/?api=1&query=Butler%20Opticians&query_place_id=ChIJp_WErpkhWksRyybqk_a_508
O'Brien Daniel M Dr,,+1 902-429-2760,,,"5991 Spring Garden Rd, Halifax, NS B3H 1Y6, Canada",Halifax,Nova Scotia,5,8,Doctor,https://www.google.com/maps/search/?api=1&query=O'Brien%20Daniel%20M%20Dr&query_place_id=ChIJnzQ06i8iWksRoPaFXJXFlOc
Eadie Eye Centre,user@domain.com,+1 902-454-2540,https://www.eadieeyecentre.com/,www.eadieeyecentre.com,"7105 Chebucto Rd Suite 355, Halifax, NS B3L 1N3, Canada",Halifax,Nova Scotia,4.8,25,Eye care center,https://www.google.com/maps/search/?api=1&query=Eadie%20Eye%20Centre&query_place_id=ChIJERzED-PIxk4R50WJYsukX2A
TLC Laser Eye Centres,,(855) 756-2020,https://www.tlcvision.ca/locations/halifax,www.tlcvision.ca,"6960 Mumford Rd #235, Halifax, NS B3L 4P1, Canada",Halifax,Nova Scotia,5,125,Eye care center,https://www.google.com/maps/search/?api=1&query=TLC%20Laser%20Eye%20Centres&query_place_id=ChIJk9gqCVcgWksRhl_OX1kdXxM
LASIK MD,,+1 902-442-5050,https://www.lasikmd.com/clinics/halifax,www.lasikmd.com,"6960 Mumford Rd #235, Halifax, NS B3L 4P1, Canada",Halifax,Nova Scotia,4.9,778,Lasik surgeon,https://www.google.com/maps/search/?api=1&query=LASIK%20MD&query_place_id=ChIJ2cH3uc0jWksRlCHyhCaJEQY
Halifax Vision Surgical Centre (Dr. Dan Belliveau),,+1 902-444-4872,,,"7105 Chebucto Rd #356, Halifax, NS B3L 1N3, Canada",Halifax,Nova Scotia,4.9,33,Eye care center,https://www.google.com/maps/search/?api=1&query=Halifax%20Vision%20Surgical%20Centre%20(Dr.%20Dan%20Belliveau)&query_place_id=ChIJuTaW1ZYhWksR6fE0msMZDdw
Dr. Wafa'a Al-Atrash,,+1 902-422-7835,,,"6126 Quinpool Rd, Halifax, NS B3L 1A3, Canada",Halifax,Nova Scotia,5,5,Optometrist,https://www.google.com/maps/search/?api=1&query=Dr.%20Wafa'a%20Al-Atrash&query_place_id=ChIJ6xCR2p8jWksR67uK7aoAg6Q
Eye Health Vision Centers Dartmouth,,(508) 994-1400,https://eyehealthvision.com/dartmouth,eyehealthvision.com,"51 State Rd, Dartmouth, MA 02747",Dartmouth,Nova Scotia,4.3,291,Doctor,https://www.google.com/maps/search/?api=1&query=Eye%20Health%20Vision%20Centers%20Dartmouth&query_place_id=ChIJi-uUXHDj5IkRIlydHVeS0cw
EyeCare Specialties - Dartmouth,,(774) 202-6888,https://eyecarespecialties-dartmouth.com/?utm_source=G&utm_medium=local&utm_campaign=google-local,eyecarespecialties-dartmouth.com,"535 Faunce Corner Rd, North Dartmouth, MA 02747",North Dartmouth,Nova Scotia,4.7,42,Optometrist,https://www.google.com/maps/search/?api=1&query=EyeCare%20Specialties%20-%20Dartmouth&query_place_id=ChIJV6y058fk5IkRRPhsOsHrg8E
Dartmouth Street Vision Center,,(617) 266-8188,http://www.dartmouthvision.com/,www.dartmouthvision.com,"130 Dartmouth St # 130, Boston, MA 02116",Boston,Nova Scotia,4.7,74,Medical clinic,https://www.google.com/maps/search/?api=1&query=Dartmouth%20Street%20Vision%20Center&query_place_id=ChIJ-3vNbw1644kRECtFrCukkBg
Five Corners Wellness Centre,fivecornerswellness@hotmail.com,+1 902-465-4828,http://www.fivecornerswellness.com/,www.fivecornerswellness.com,"50 Pleasant St, Dartmouth, NS B2Y 3P5, Canada",Dartmouth,Nova Scotia,4.8,28,Osteopath,https://www.google.com/maps/search/?api=1&query=Five%20Corners%20Wellness%20Centre&query_place_id=ChIJLVWS6eUjWksRBLPa-qfasrg
Casaroma Wellness Centre,info@casaromawellness.com,+1 902-464-2272,http://www.casaromawellness.com/,www.casaromawellness.com,"2 Ochterloney St, Dartmouth, NS B2Y 3Z3, Canada",Dartmouth,Nova Scotia,4.9,29,Wellness center,https://www.google.com/maps/search/?api=1&query=Casaroma%20Wellness%20Centre&query_place_id=ChIJJ2J6qOAjWksRpa7LP0I73Vo
Watershed Wellness,info@watershedwellness.ca,+1 902-484-4747,http://watershedwellnesshfx.com/,watershedwellnesshfx.com,"5515 Young St, Halifax, NS B3K 1Z7, Canada",Halifax,Nova Scotia,4.8,41,Wellness center,https://www.google.com/maps/search/?api=1&query=Watershed%20Wellness&query_place_id=ChIJh5XpKm4hWksRACUuGeF2jik
Ocean Heart Wellness Centre,,+1 902-431-2326,http://www.oceanheartwellness.com/contact-us.html,www.oceanheartwellness.com,"5880 Spring Garden Rd #303, Halifax, NS B3H 1Y1, Canada",Halifax,Nova Scotia,5,8,Wellness center,https://www.google.com/maps/search/?api=1&query=Ocean%20Heart%20Wellness%20Centre&query_place_id=ChIJt6r30y8iWksRUHYw9bR5iVM
Evolve Integrated Health,info@evolveintegratedhealth.com,+1 902-707-5429,http://www.evolveintegratedhealth.com/,www.evolveintegratedhealth.com,"3667 Strawberry Hill St, Halifax, NS B3K 5A8, Canada",Halifax,Nova Scotia,5,459,Wellness center,https://www.google.com/maps/search/?api=1&query=Evolve%20Integrated%20Health&query_place_id=ChIJkZKSm64hWksR0MOxroF4dVY
Spryfield Shopping Centre – Community Wellness Centre,,+1 902-487-0697,https://camaps.me/spryfield-shopping-centre-community-wellness-centre-955378-ca,camaps.me,"16 Dentith Rd, Halifax, NS B3R 2H9, Canada",Halifax,Nova Scotia,3.9,585,Shopping mall,https://www.google.com/maps/search/?api=1&query=Spryfield%20Shopping%20Centre%20%E2%80%93%20Community%20Wellness%20Centre&query_place_id=ChIJkXgNtq4YWksR1dFzflE9HkA
Terradyne Wellness,info@terradynewellness.ca,+1 902-334-4704,https://terradynewellness.ca/,terradynewellness.ca,"293 Kinsac Rd, Beaver Bank, NS B4G 0A2, Canada",Beaver Bank,Nova Scotia,4.3,17,Addiction treatment center,https://www.google.com/maps/search/?api=1&query=Terradyne%20Wellness&query_place_id=ChIJj-baAVyFWUsRJr1uBPT3NdQ
Cabrita Health (FKA) Eat Well Nova Scotia,nicole@stopthebloodsugarspiral.com,+1 902-989-4888,https://cabritahealth.com/,cabritahealth.com,"1959 Upper Water St, Halifax, NS B3J 3N2, Canada",Halifax,Nova Scotia,4.9,46,Wellness center,https://www.google.com/maps/search/?api=1&query=Cabrita%20Health%20(FKA)%20Eat%20Well%20Nova%20Scotia&query_place_id=ChIJV5U7PHkhWksR3Yu2AfvD8jM
Lakehouse Salon & Wellness Centre,user@domain.com,+1 902-444-3044,https://www.lakehousesalon.com/,www.lakehousesalon.com,"300 Prince Albert Rd, Dartmouth, NS B2Y 4J2, Canada",Dartmouth,Nova Scotia,4.7,32,Wellness center,https://www.google.com/maps/search/?api=1&query=Lakehouse%20Salon%20%26%20Wellness%20Centre&query_place_id=ChIJ_wztYMGJWUsRy4o77v9Z3RE
The Practice: Yoga & Mindful Movement,ask.thepractice@gmail.com,+1 902-462-3376,http://practicemovement.ca/?utm_source=google&utm_medium=wix_google_business_profile&utm_campaign=11656758162414608321,practicemovement.ca,"300 Prince Albert Rd suite 100, Dartmouth, NS B2Y 4J2, Canada",Dartmouth,Nova Scotia,5,51,Wellness center,https://www.google.com/maps/search/?api=1&query=The%20Practice%3A%20Yoga%20%26%20Mindful%20Movement&query_place_id=ChIJZdfHiaQjWksR5DliVQx9IpQ
Local Body Wellness,user@domain.com,+1 902-464-8288,https://www.localbody.ca/,www.localbody.ca,"25 Wentworth St Unit 206, Dartmouth, NS B2Y 1H5, Canada",Dartmouth,Nova Scotia,5,12,Massage therapist,https://www.google.com/maps/search/?api=1&query=Local%20Body%20Wellness&query_place_id=ChIJ68gMQ6kjWksRsXVx4p43bcU
Flow Integrated Therapy: Yoga & Massage,emmasmileyrmt@gmail.com,+1 902-225-7038,https://www.ebbandflowns.com/,www.ebbandflowns.com,"530 Portland St Suite 202, Dartmouth, NS B2Y 4V6, Canada",Dartmouth,Nova Scotia,4.9,9,Wellness center,https://www.google.com/maps/search/?api=1&query=Flow%20Integrated%20Therapy%3A%20Yoga%20%26%20Massage&query_place_id=ChIJRUWpWm0hWksRCUFwEYs4Y8A
Embodhi Self-Healing,lesley@embodhi.ca,+1 902-418-6330,http://www.embodhi.ca/,www.embodhi.ca,"300 Prince Albert Rd Suite 206, Dartmouth, NS B2Y 4J2, Canada",Dartmouth,Nova Scotia,5,5,Wellness center,https://www.google.com/maps/search/?api=1&query=Embodhi%20Self-Healing&query_place_id=ChIJUwwZNBAjWksR5CBNVURT19U
Inari Wellness,info@inariwellness.com,+1 902-818-7848,http://www.inariwellness.com/,www.inariwellness.com,"82 Tacoma Dr Unit 203, Dartmouth, NS B2W 3E5, Canada",Dartmouth,Nova Scotia,5,25,Acupuncturist,https://www.google.com/maps/search/?api=1&query=Inari%20Wellness&query_place_id=ChIJLYiqc1glWksRlRVZ0p3IpW0
The Perinatal Wellness Centre,user@domain.com,+1 902-435-7669,https://www.theperinatalwellnesscentre.com/,www.theperinatalwellnesscentre.com,"1000 Windmill Rd Unit 9, Dartmouth, NS B3B 1L7, Canada",Dartmouth,Nova Scotia,5,6,Pregnancy care center,https://www.google.com/maps/search/?api=1&query=The%20Perinatal%20Wellness%20Centre&query_place_id=ChIJpW_w1DUjWksRH7U8Jm6a3Jc
"Dr. Karen Wallace, ND - Symmetry Wellness Centre",,+1 902-444-6555,http://www.drkarenwallace.com/,www.drkarenwallace.com,"71 Ilsley Ave Unit 9, Dartmouth, NS B3B 1L5, Canada",Dartmouth,Nova Scotia,4.2,5,Wellness center,https://www.google.com/maps/search/?api=1&query=Dr.%20Karen%20Wallace%2C%20ND%20-%20Symmetry%20Wellness%20Centre&query_place_id=ChIJY5dT_NomWksRgwWktWReCUs
Untangled Health and Wellness,physiocheri@yahoo.ca,+1 902-417-2790,https://untangledwellness.ca/,untangledwellness.ca,"99 Wyse Rd Suite 1100, Dartmouth, NS B3A 4S5, Canada",Dartmouth,Nova Scotia,5,6,Physical therapy clinic,https://www.google.com/maps/search/?api=1&query=Untangled%20Health%20and%20Wellness&query_place_id=ChIJixeNp6whWksRL7g1g_S4D2Q
Parkview Wellness / Olivier Flibotte RMT,,,https://parkviewwellness1.square.site/,parkviewwellness1.square.site,"149 Cannon Terrace, Dartmouth, NS B3A 0A2, Canada",Dartmouth,Nova Scotia,5,5,Massage therapist,https://www.google.com/maps/search/?api=1&query=Parkview%20Wellness%20%2F%20Olivier%20Flibotte%20RMT&query_place_id=ChIJk5Tl7QsnWksRYzMFgnlVHlM
Sore Spots Massage Therapy Dartmouth,hello@sorespots.com,+1 902-492-6439,http://sorespots.com/,sorespots.com,"Lobby Level, Metropolitan Place, 99 Wyse Rd Suite 105, Dartmouth, NS B3A 4S5, Canada",Dartmouth,Nova Scotia,4.9,382,Massage therapist,https://www.google.com/maps/search/?api=1&query=Sore%20Spots%20Massage%20Therapy%20Dartmouth&query_place_id=ChIJHWVR4zMhWksR4ZI6eLqjWyE
San Healing Arts,,,,,"26 Colonna Pl, Dartmouth, NS B2X 3H6, Canada",Dartmouth,Nova Scotia,5,12,Acupuncture clinic,https://www.google.com/maps/search/?api=1&query=San%20Healing%20Arts&query_place_id=ChIJ2_g09PYnWksR-gtW5oF6RJY
Angel Castro RMT,ancastrormt@outlook.com,+1 902-604-2585,https://angelcastrormt.noterro.com/,angelcastrormt.noterro.com,"82 Tacoma Dr Unit 203, Dartmouth, NS B2W 3E5, Canada",Dartmouth,Nova Scotia,5,13,Wellness center,https://www.google.com/maps/search/?api=1&query=Angel%20Castro%20RMT&query_place_id=ChIJzapka24lWksRPtFjyI5kGKw
Statera Therapies Inc.,,+1 902-222-8207,http://www.stateratherapy.com/,www.stateratherapy.com,"2 Prince Albert Rd Unit 100, Dartmouth, NS B2Y 0A3, Canada",Dartmouth,Nova Scotia,4.8,21,Massage therapist,https://www.google.com/maps/search/?api=1&query=Statera%20Therapies%20Inc.&query_place_id=ChIJv3QGSykjWksR0a21vYkd8cE
Woodlawn Medical Clinic,,+1 902-434-1500,,,"92 Main St, Dartmouth, NS B2X 1R5, Canada",Dartmouth,Nova Scotia,3.2,113,Medical clinic,https://www.google.com/maps/search/?api=1&query=Woodlawn%20Medical%20Clinic&query_place_id=ChIJz2I1PYojWksRb4sPl9tBWHM
Innate Movement Family Osteopathy (at PhysioMatters Health Centre),,+1 902-440-2148,http://www.innatemovement.com/,www.innatemovement.com,"68 Queen St Unit 100, Dartmouth, NS B2Y 1G5, Canada",Dartmouth,Nova Scotia,5,7,Osteopath,https://www.google.com/maps/search/?api=1&query=Innate%20Movement%20Family%20Osteopathy%20(at%20PhysioMatters%20Health%20Centre)&query_place_id=ChIJjc6bxk8jWksRddlDTaUaUKk
Shanti Hot Yoga,info@shantihotyoga.ca,+1 902-435-1001,http://www.shantihotyoga.ca/,www.shantihotyoga.ca,"114 Woodlawn Rd, Dartmouth, NS B2W 2S7, Canada",Dartmouth,Nova Scotia,4.8,20,Yoga studio,https://www.google.com/maps/search/?api=1&query=Shanti%20Hot%20Yoga&query_place_id=ChIJYxOGSoojWksRh9YFo_YIqW8
North End Community Health Centre,dssclogo@4x.png,+1 902-420-0303,http://nechc.com/,nechc.com,"2131 Gottingen St 5th Floor, Halifax, NS B3K 5Z7, Canada",Halifax,Nova Scotia,3.4,38,Community health center,https://www.google.com/maps/search/?api=1&query=North%20End%20Community%20Health%20Centre&query_place_id=ChIJMVDBM9QjWksRl7xEpbGeNY0
Rooted Rose Community Acupuncture Dartmouth,info@rootedrose.ca,+1 782-234-3389,http://rootedrose.ca/,rootedrose.ca,"103 Portland St, Dartmouth, NS B2Y 1H7, Canada",Dartmouth,Nova Scotia,5,40,Acupuncture clinic,https://www.google.com/maps/search/?api=1&query=Rooted%20Rose%20Community%20Acupuncture%20Dartmouth&query_place_id=ChIJtU44CvMjWksRGKbnrHtHgBA
Wholetherapy,info@wholetherapy.ca,+1 902-461-1721,http://www.wholetherapy.ca/,www.wholetherapy.ca,"45 Alderney Dr Suite 815 (8th floor, Dartmouth, NS B2Y 2N5, Canada",Dartmouth,Nova Scotia,4.7,12,Mental health service,https://www.google.com/maps/search/?api=1&query=Wholetherapy&query_place_id=ChIJ27dJ25EjWksRTlKIFL0Y8qM
Echelon Wellness Bedford,,+1 902-707-9098,https://www.echelonwellness.ca/,www.echelonwellness.ca,"540 Southgate Dr #204, Bedford, NS B4A 0E1, Canada",Bedford,Nova Scotia,5,139,Wellness center,https://www.google.com/maps/search/?api=1&query=Echelon%20Wellness%20Bedford&query_place_id=ChIJf-cEqYKLWUsRSsYODgehZIU
Gongfu Health & Wellness,jinpingzhangtcm@gmail.com,+1 902-818-5780,http://www.gongfutcm.com/,www.gongfutcm.com,"near basinview primary school, Basinview Dr, Bedford, NS B4A 3K3, Canada",Bedford,Nova Scotia,5,70,Acupuncture clinic,https://www.google.com/maps/search/?api=1&query=Gongfu%20Health%20%26%20Wellness&query_place_id=ChIJQ30VzVSJWUsR-SHGYLyRwgI
Bedford Basin Women's Health Clinic,,+1 902-444-8726,https://bbwomenshealth.ca/,bbwomenshealth.ca,"967 Bedford Hwy Suite 208B, Bedford, NS B4A 1A9, Canada",Bedford,Nova Scotia,3.1,37,Women's health clinic,https://www.google.com/maps/search/?api=1&query=Bedford%20Basin%20Women's%20Health%20Clinic&query_place_id=ChIJyVY1E_SJWUsR4GAvhrK4HEI
Metro Plouffe Bedford,,+1 450-248-2968,https://www.metro.ca/trouver-une-epicerie/59,www.metro.ca,"20 Rue Des Pins, Bedford, Quebec J0J 1A0, Canada",Bedford,Nova Scotia,3.7,540,Supermarket,https://www.google.com/maps/search/?api=1&query=Metro%20Plouffe%20Bedford&query_place_id=ChIJ3R42s9LtyUwRuhT8xUpqAII
Fall River YMCA,swinterson@ymcasc.org,(508) 675-7841,https://ymcasouthcoast.org/locations/fall-river/,ymcasouthcoast.org,"199 N Main St, Fall River, MA 02720",Fall River,Nova Scotia,4,72,Non-profit organization,https://www.google.com/maps/search/?api=1&query=Fall%20River%20YMCA&query_place_id=ChIJpXFRz-X45IkR1Kd2ITOUo5I
Integrated Health Centre,hello@integratedhealthcentre.ca,+1 343-947-3460,https://www.integratedhealthcentre.ca/,www.integratedhealthcentre.ca,"570 Nelson St, Pembroke, ON K8A 7W7, Canada",Pembroke,Nova Scotia,4.9,354,Community health center,https://www.google.com/maps/search/?api=1&query=Integrated%20Health%20Centre&query_place_id=ChIJ7__PE3E30UwRTUJysNQuaps
EHN Guardians Gateway,example@email.com,+1 705-710-2253,https://ehnguardians.ca/ehn-guardians-gateway/?utm_source=google&utm_medium=organic&utm_campaign=gmb_gw_local_listings,ehnguardians.ca,"2225 Lansdowne St W, Peterborough, ON K9J 0G5, Canada",Peterborough,Nova Scotia,4,28,Addiction treatment center,https://www.google.com/maps/search/?api=1&query=EHN%20Guardians%20Gateway&query_place_id=ChIJx3bozA6O1YkRfFVnypx3IxA
Primacy - Family First Health Centre,,+1 613-841-7009,http://www.ffhc.ca/,www.ffhc.ca,"4270 Innes Rd, Ottawa, ON K4A 5E6, Canada",Ottawa,Nova Scotia,3.2,156,Medical clinic,https://www.google.com/maps/search/?api=1&query=Primacy%20-%20Family%20First%20Health%20Centre&query_place_id=ChIJbydEuUASzkwRflb1vRoxDVc
Greenbelt Family Health Team (NOT A WALK-IN CLINIC),,+1 613-843-1718,http://www.greenbeltfht.ca/,www.greenbeltfht.ca,"3500 Fallowfield Rd #1C, Nepean, ON K2J 4A7, Canada",Nepean,Nova Scotia,3.4,156,Medical clinic,https://www.google.com/maps/search/?api=1&query=Greenbelt%20Family%20Health%20Team%20(NOT%20A%20WALK-IN%20CLINIC)&query_place_id=ChIJv7ihoRT9zUwRSYuSS8bmEOc
Wychwood Family Health Centre,admin@midtownmed.ca,+1 416-483-8111,https://wychwoodfhc.ca/,wychwoodfhc.ca,"1466 Bathurst St, Toronto, ON M5R 3S3, Canada",Toronto,Nova Scotia,3.3,12,Medical Center,https://www.google.com/maps/search/?api=1&query=Wychwood%20Family%20Health%20Centre&query_place_id=ChIJzX_yCZxNV0ARZZH6iPjxApM
Cedarbrae Centre,properties@fcr.ca,+1 416-431-2003,https://www.cedarbraecentre.com/,www.cedarbraecentre.com,"3495 Lawrence Ave E, Toronto, ON M1H 1B3, Canada",Toronto,Nova Scotia,3.8,5446,Shopping mall,https://www.google.com/maps/search/?api=1&query=Cedarbrae%20Centre&query_place_id=ChIJk-zGp0DQ1IkRZ1VdF2OhluM
EHN Bellwood Toronto,example@email.com,(866) 349-3869,https://www.edgewoodhealthnetwork.com/locations/bellwood/?utm_source=google&utm_medium=organic&utm_campaign=gmb_bw_local_listings,www.edgewoodhealthnetwork.com,"175 Brentcliffe Rd, Toronto, ON M4G 0C5, Canada",Toronto,Nova Scotia,4.2,231,Addiction treatment center,https://www.google.com/maps/search/?api=1&query=EHN%20Bellwood%20Toronto&query_place_id=ChIJibqcqQrT1IkRg4QN8LGijaI
Taddle Creek Family Health Team,,+1 416-260-1315,http://www.taddlecreekfht.ca/,www.taddlecreekfht.ca,"790 Bay St. #306, Toronto, ON M5G 1N8, Canada",Toronto,Nova Scotia,4.4,32,Medical clinic,https://www.google.com/maps/search/?api=1&query=Taddle%20Creek%20Family%20Health%20Team&query_place_id=ChIJzUOYdbY0K4gRXFvXU3SsVLo
Bedford Cafe,user@domain.com,(718) 365-3446,https://www.bedfordcafe.nyc/,www.bedfordcafe.nyc,"1 Bedford Park Blvd, Bronx, NY 10468",Bronx,Nova Scotia,4.1,1485,American restaurant,https://www.google.com/maps/search/?api=1&query=Bedford%20Cafe&query_place_id=ChIJU4H-KHbzwokRxvdlQH8O_o8
Orangeville Family Medical Centre,,+1 519-938-8000,https://dafht.ca/clinics/orangeville-family-medical-centre/,dafht.ca,"1 Elizabeth St, Orangeville, ON L9W 1C2, Canada",Orangeville,Nova Scotia,3.5,45,Medical clinic,https://www.google.com/maps/search/?api=1&query=Orangeville%20Family%20Medical%20Centre&query_place_id=ChIJ-WlV4JwAK4gR--DrT1eO2Og
Coverdale Infusion Clinic,media@bioscript.ca,(866) 210-0399,https://bioscript.ca/,bioscript.ca,"5991 Spring Garden Rd suite 480, Halifax, NS B3H 1Y6, Canada",Halifax,Nova Scotia,4.3,7,Medical clinic,https://www.google.com/maps/search/?api=1&query=Coverdale%20Infusion%20Clinic&query_place_id=ChIJkedEwC8iWksRR6fn4X5a4oU
Optimal Wellbeing Clinic,,+1 902-406-4424,http://optimalwellbeing.ca/,optimalwellbeing.ca,"1378 Bedford Hwy, Bedford, NS B4A 1E2, Canada",Bedford,Nova Scotia,4.2,9,Medical clinic,https://www.google.com/maps/search/?api=1&query=Optimal%20Wellbeing%20Clinic&query_place_id=ChIJee-eAS8iWksR5MBLTn82cys
Pure Drip IV Vitamin Therapy | Mobile,,+1 902-233-8347,https://www.puredrip.ca/,www.puredrip.ca,,,Nova Scotia,5,15,IV therapy service,https://www.google.com/maps/search/?api=1&query=Pure%20Drip%20IV%20Vitamin%20Therapy%20%7C%20Mobile&query_place_id=ChIJexqkT6IhWksRkrbQj7WcFPQ
Quantum Sport Therapy,,+1 902-422-4972,https://www.quantumsporttherapy.com/,www.quantumsporttherapy.com,"1489 Hollis Street FOH-100, Halifax, NS B3J 3M4, Canada",Halifax,Nova Scotia,4.9,80,Medical clinic,https://www.google.com/maps/search/?api=1&query=Quantum%20Sport%20Therapy&query_place_id=ChIJAQDA4TGIWUsRqfpttESzlsI
Essence Wellness Clinic - Mahogany,mardaloop@essencewellness.ca,+1 403-891-1901,http://www.essencewellness.ca/,www.essencewellness.ca,"80 Mahogany Rd SE #1440, Calgary, AB T3M 3K9, Canada",Calgary,Nova Scotia,4.8,173,Wellness center,https://www.google.com/maps/search/?api=1&query=Essence%20Wellness%20Clinic%20-%20Mahogany&query_place_id=ChIJyxYnL_-dcVMRkXf0I9qXTAY
Essence Wellness Clinic - Marda Loop,mardaloop@essencewellness.ca,+1 403-383-3228,http://essencewellness.ca/,essencewellness.ca,"3425 22 St SW #305, Calgary, AB T2T 6S8, Canada",Calgary,Nova Scotia,4.7,306,Wellness center,https://www.google.com/maps/search/?api=1&query=Essence%20Wellness%20Clinic%20-%20Marda%20Loop&query_place_id=ChIJ0R8dldFxcVMRaiarq5lqPmM
TELUS Health Care Centre - Calgary,tag-purple@48.png,+1 403-270-2273,https://www.telus.com/en/health/care-centres/locations/calgary?utm_source=google&utm_medium=local&utm_campaign=google-local,www.telus.com,"685 Centre St S Level 4, Calgary, AB T2G 1S5, Canada",Calgary,Nova Scotia,3.1,23,Medical clinic,https://www.google.com/maps/search/?api=1&query=TELUS%20Health%20Care%20Centre%20-%20Calgary&query_place_id=ChIJCQ57AuJvcVMROJGQ_x3RgWQ
Rockdoc Consulting Inc.,customersuccess@rockdocinc.ca,(833) 274-9673,https://rockdocinc.ca/,rockdocinc.ca,"6218 East Blvd, Vancouver, BC V6M 3V7, Canada",Vancouver,Nova Scotia,4.5,236,Travel clinic,https://www.google.com/maps/search/?api=1&query=Rockdoc%20Consulting%20Inc.&query_place_id=ChIJf6oQN2hzhlQRbWEtGY7kvmA
Timely Medical Alternatives Inc,,+1 604-998-3361,http://timelymedical.ca/,timelymedical.ca,"545 Clyde Ave #300, West Vancouver, BC V7T 1C5, Canada",West Vancouver,Nova Scotia,4.5,15,Medical clinic,https://www.google.com/maps/search/?api=1&query=Timely%20Medical%20Alternatives%20Inc&query_place_id=ChIJXZyZ4yZuhlQRSJQq-X6cV04
iFLY Calgary Indoor Skydiving,,(800) 604-3489,https://iflyworld.ca/?utm_source=gmb&utm_medium=calgary,iflyworld.ca,"811 64 Ave NE, Calgary, AB T2E 3Z8, Canada",Calgary,Nova Scotia,4.6,1619,Skydiving center,https://www.google.com/maps/search/?api=1&query=iFLY%20Calgary%20Indoor%20Skydiving&query_place_id=ChIJNdEeCztlcVMR1-lxt8mUYJk
Dermphi Centre™,hello@dermphicentre.com,+1 403-264-3376,https://www.dermphicentre.com/,www.dermphicentre.com,"8500 Blackfoot Trl SE Suite 320, Calgary, AB T2H 2B2, Canada",Calgary,Nova Scotia,4.8,224,Dermatologist,https://www.google.com/maps/search/?api=1&query=Dermphi%20Centre%E2%84%A2&query_place_id=ChIJBe7Q-5txcVMRd_0a0N3it6A
"Canadian Blood Services - Plasma Donor Centre, Lethbridge",,(888) 236-6283,https://www.blood.ca/en?utm_source=googlemaps&utm_medium=organic&utm_campaign=local&utm_content=Lethbridge&utm_term=C0065,www.blood.ca,"3735 Mayor Magrath Dr S unit 10, Lethbridge, AB T1K 8A8, Canada",Lethbridge,Nova Scotia,4.5,27,Blood donation center,https://www.google.com/maps/search/?api=1&query=Canadian%20Blood%20Services%20-%20Plasma%20Donor%20Centre%2C%20Lethbridge&query_place_id=ChIJp20I-M2HblMRSfB2RVfw4hs
GoodLife Fitness Burnaby Northgate,burnabynorthgate@goodlifefitness.com,+1 604-444-3343,https://www.goodlifefitness.com/clubs/club.213.html?utm_source=G&utm_medium=LPM&utm_campaign=GoodlifeFitness,www.goodlifefitness.com,"3433 North Rd, Burnaby, BC V3J 0A9, Canada",Burnaby,Nova Scotia,3.8,844,Gym,https://www.google.com/maps/search/?api=1&query=GoodLife%20Fitness%20Burnaby%20Northgate&query_place_id=ChIJV9am7Dl4hlQRpTCSBGIVLdA
"Radiance Plastic Surgery - Dr. Michael Laliberte MD, FRCSC",,+1 403-678-2020,https://www.radianceplasticsurgery.ca/,www.radianceplasticsurgery.ca,"1120 Railway Ave #104, Canmore, AB T1W 1P4, Canada",Canmore,Nova Scotia,4.7,279,Medical spa,https://www.google.com/maps/search/?api=1&query=Radiance%20Plastic%20Surgery%20-%20Dr.%20Michael%20Laliberte%20MD%2C%20FRCSC&query_place_id=ChIJh39jNSTFcFMRGMjBXmgUsGA
CTV Calgary,ctv_calgary_news_content_group@bell.ca,+1 403-240-5600,https://calgary.ctvnews.ca/,calgary.ctvnews.ca,"80 Patina Rise SW, Calgary, AB T3H 2W4, Canada",Calgary,Nova Scotia,3.3,114,Television studio,https://www.google.com/maps/search/?api=1&query=CTV%20Calgary&query_place_id=ChIJsbe2SGducVMRu9uxTBTkZgY
Canadian Appliance Source Calgary,sales@canadianappliance.ca,+1 403-456-2447,https://www.canadianappliance.ca/Showroom/Canadian-Appliance-Source-Calgary-Alberta,www.canadianappliance.ca,"2777 23 Ave NE, Calgary, AB T1Y 7L6, Canada",Calgary,Nova Scotia,4.5,2788,Appliance store,https://www.google.com/maps/search/?api=1&query=Canadian%20Appliance%20Source%20Calgary&query_place_id=ChIJCS93gKVlcVMRLzVyPpHnaaI
Taman Sari Royal Heritage Spa,,+1 604-938-5982,https://tamansarispa.ca/,tamansarispa.ca,"4359 Main St, Whistler, BC V8E 1B5, Canada",Whistler,Nova Scotia,4.4,118,Spa,https://www.google.com/maps/search/?api=1&query=Taman%20Sari%20Royal%20Heritage%20Spa&query_place_id=ChIJFwW3ubM8h1QR2E6mahoyenM
iFLY Indoor Skydiving - Portland,events@iflywilmington.com,(971) 803-4359,https://www.iflyworld.com/portland/?utm_source=G&utm_medium=local&utm_campaign=google-local,www.iflyworld.com,"10645 SW Greenburg Rd, Portland, OR 97223",Portland,Nova Scotia,4.7,1269,Skydiving center,https://www.google.com/maps/search/?api=1&query=iFLY%20Indoor%20Skydiving%20-%20Portland&query_place_id=ChIJUwqWyvwMlVQRyaOTUtHNoS8
Aritzia,,(725) 400-0380,https://www.aritzia.com/us/en/,www.aritzia.com,"3500 Las Vegas Blvd S E11B, Las Vegas, NV 89109",Las Vegas,Nova Scotia,4.5,43,Clothing store,https://www.google.com/maps/search/?api=1&query=Aritzia&query_place_id=ChIJXyKgNcrFyIAR-1sB3OhWjyY
Halifax Naturopathic Health Centre,info@halifaxnaturopathic.ca,+1 902-407-0808,http://www.halifaxnaturopathic.ca/,www.halifaxnaturopathic.ca,"2585 Beech St, Halifax, NS B3L 2X9, Canada",Halifax,Nova Scotia,4.2,31,Naturopathic practitioner,https://www.google.com/maps/search/?api=1&query=Halifax%20Naturopathic%20Health%20Centre&query_place_id=ChIJK0R3HXghWksRf5ytIvOyT8w
Sage Elements Naturopathic Clinic,martha@marthafaron.com,+1 902-406-0100,http://www.sageelements.ca/,www.sageelements.ca,"5991 Spring Garden Rd Unit 465, Halifax, NS B3H 1Y6, Canada",Halifax,Nova Scotia,4.8,17,Holistic medicine practitioner,https://www.google.com/maps/search/?api=1&query=Sage%20Elements%20Naturopathic%20Clinic&query_place_id=ChIJnzQ06i8iWksRDw03yTxruos
"Sandra Murphy, Naturopathic Doctor",,+1 902-431-5276,http://www.sandramurphynd.com/,www.sandramurphynd.com,"2526 Poplar St, Halifax, NS B3L 2Y8, Canada",Halifax,Nova Scotia,5,12,Naturopathic practitioner,https://www.google.com/maps/search/?api=1&query=Sandra%20Murphy%2C%20Naturopathic%20Doctor&query_place_id=ChIJD7zK48QhWksRpYYHIH5bG8M
The Healing Station,,,http://thehealingstation.janeapp.com/,thehealingstation.janeapp.com,"behind TD bank!, 50A Webster St, Kentville, NS B4N 1H7, Canada",Kentville,Nova Scotia,4.8,13,Naturopathic practitioner,https://www.google.com/maps/search/?api=1&query=The%20Healing%20Station&query_place_id=ChIJTSpJCshXWEsRW8heu0PuV48
"Dr Nadia Tymoshenko ND, Naturopathic Doctor",hello@nadia-nd.com,+1 902-407-0808,https://nadia-nd.com/,nadia-nd.com,"2585 Beech St First Floor, Halifax, NS B3L 2X9, Canada",Halifax,Nova Scotia,4.6,7,Naturopathic practitioner,https://www.google.com/maps/search/?api=1&query=Dr%20Nadia%20Tymoshenko%20ND%2C%20Naturopathic%20Doctor&query_place_id=ChIJzziBfGIgWksR_TIOJAKE5m0
Natural Choices Health Care,info@naturalchoices.ca,+1 902-832-3279,http://www.naturalchoices.ca/,www.naturalchoices.ca,"6390 Cork St, Halifax, NS B3L 1Z2, Canada",Halifax,Nova Scotia,4.9,18,Naturopathic practitioner,https://www.google.com/maps/search/?api=1&query=Natural%20Choices%20Health%20Care&query_place_id=ChIJMRxm28OJWUsRayRDG4_ohv8
Harmony Health Centre,,+1 902-530-3460,http://www.harmonyhealthcentre.org/,www.harmonyhealthcentre.org,"1153 King St, Bridgewater, NS B4V 1C3, Canada",Bridgewater,Nova Scotia,4.8,31,Wellness center,https://www.google.com/maps/search/?api=1&query=Harmony%20Health%20Centre&query_place_id=ChIJ21ONdktmV0sROBKMW3NEsVE
Hawthorn Clinic Inc,info@hawthornclinic.ca,+1 902-678-4142,http://www.hawthornclinic.ca/,www.hawthornclinic.ca,"16 Webster Ct, Kentville, NS B4N 1H2, Canada",Kentville,Nova Scotia,4.9,72,Naturopathic practitioner,https://www.google.com/maps/search/?api=1&query=Hawthorn%20Clinic%20Inc&query_place_id=ChIJpZD2ktdWWEsR57nrTosmb_s
Kingsport Osteopathic Clinic,info@kingsportclinic.com,+1 902-582-7607,https://kingsportclinic.com/,kingsportclinic.com,"16 Water St, Canning, NS B0P 1H0, Canada",Canning,Nova Scotia,4.9,104,Massage therapist,https://www.google.com/maps/search/?api=1&query=Kingsport%20Osteopathic%20Clinic&query_place_id=ChIJqQKEuSv5WEsRCsuavu7S9Zk
"Brickyard Health (Massage Therapy, Chiropractic, Naturopathic Medicine, Physiotherapy, Osteopathy)",,+1 902-406-2006,http://www.brickyardhealth.com/,www.brickyardhealth.com,"2111 Maitland St #100, Halifax, NS B3K 2Z8, Canada",Halifax,Nova Scotia,4.9,122,Naturopathic practitioner,https://www.google.com/maps/search/?api=1&query=Brickyard%20Health%20(Massage%20Therapy%2C%20Chiropractic%2C%20Naturopathic%20Medicine%2C%20Physiotherapy%2C%20Osteopathy)&query_place_id=ChIJz_VKCdQjWksRyGOmTxmba-A
Dr. Bryan Rade ND,,+1 902-252-3080,http://www.eastcoastnaturopathic.com/,www.eastcoastnaturopathic.com,"30 Damascus Rd unit 101, Bedford, NS B4A 0C1, Canada",Bedford,Nova Scotia,4.7,15,Naturopathic practitioner,https://www.google.com/maps/search/?api=1&query=Dr.%20Bryan%20Rade%20ND&query_place_id=ChIJX6ZKb-6IWUsRl-fwOpevv5Q
Natural Approach Health Clinic,,+1 902-493-7001,,,"2655 Joseph Howe Dr., Halifax, NS B3L 4G5, Canada",Halifax,Nova Scotia,5,6,Acupuncture clinic,https://www.google.com/maps/search/?api=1&query=Natural%20Approach%20Health%20Clinic&query_place_id=ChIJ4yVH5bwhWksRxZay9zS7288
Halifax Complementary Health Centre,admin@halifaxchc.ca,+1 902-481-0331,https://halifaxchc.ca/,halifaxchc.ca,"90 Grandhaven Blvd, Halifax, NS B3S 0J4, Canada",Halifax,Nova Scotia,4.3,24,Osteopath,https://www.google.com/maps/search/?api=1&query=Halifax%20Complementary%20Health%20Centre&query_place_id=ChIJq6raq5YgWksRpmU_Ik0UwO4
LifeCare - Acupuncture & Natural Medicine Clinic,stacupunctureclinic@gmail.com,+1 902-492-8839,http://www.acupuncturens.ca/,www.acupuncturens.ca,"6066 Quinpool Rd, Halifax, NS B3L 1A1, Canada",Halifax,Nova Scotia,3.9,10,Naturopathic practitioner,https://www.google.com/maps/search/?api=1&query=LifeCare%20-%20Acupuncture%20%26%20Natural%20Medicine%20Clinic&query_place_id=ChIJS2VWPioiWksRhoPHZDrJE70
Halifax Acupuncture & Holistic Health Centre,hfxacupuncture@gmail.com,+1 902-405-3188,http://halifax-acupuncture.com/,halifax-acupuncture.com,"2045 Harvard St Suite 201, Halifax, NS B3L 2S6, Canada",Halifax,Nova Scotia,5,10,Acupuncture clinic,https://www.google.com/maps/search/?api=1&query=Halifax%20Acupuncture%20%26%20Holistic%20Health%20Centre&query_place_id=ChIJ3xMWL0YhWksRVjAzfkG_TQQ
Dana Landry Homeopath,,+1 902-240-8877,http://danalandry.ca/,danalandry.ca,"3 Admiral St, Dartmouth, NS B2X 1W3, Canada",Dartmouth,Nova Scotia,5,5,Homeopath,https://www.google.com/maps/search/?api=1&query=Dana%20Landry%20Homeopath&query_place_id=ChIJP73rdgYkWksRwoMbMgu-9vo
Honey & Ginger Dartmouth,barb.brennan@honeyandginger.ca,+1 902-431-0801,http://honeyandginger.ca/,honeyandginger.ca,"262 Baker Dr, Dartmouth, NS B2W 6L4, Canada",Dartmouth,Nova Scotia,4.4,94,Health food store,https://www.google.com/maps/search/?api=1&query=Honey%20%26%20Ginger%20Dartmouth&query_place_id=ChIJM-cAUJ8jWksRufHh2l78LK8
Martha Faron Osteopath,martha@marthafaron.com,,https://www.marthafaron.com/,www.marthafaron.com,"5991 Spring Garden Rd #465, Halifax, NS B3H 1Y6, Canada",Halifax,Nova Scotia,5,30,Osteopath,https://www.google.com/maps/search/?api=1&query=Martha%20Faron%20Osteopath&query_place_id=ChIJ0aLZickXqUoRzzvVkI2LerA
Halifax Osteopathic Health Centre,,+1 902-423-1085,http://www.halifaxosteopathy.ca/,www.halifaxosteopathy.ca,"6247 Jubilee Rd, Halifax, NS B3H 2G4, Canada",Halifax,Nova Scotia,4.6,48,Community health center,https://www.google.com/maps/search/?api=1&query=Halifax%20Osteopathic%20Health%20Centre&query_place_id=ChIJCctihigiWksRaVC0a5OwDUY
Aculocus Clinic,,+1 902-430-7622,http://aculocus.ca/,aculocus.ca,"50 Bedford Hwy, Halifax, NS B3M 0J9, Canada",Halifax,Nova Scotia,4.7,69,Acupuncture clinic,https://www.google.com/maps/search/?api=1&query=Aculocus%20Clinic&query_place_id=ChIJkcH0iA4hWksRB2Sf9spUbFY
Jennifer Moss DO(MP) Hydrostone Osteopathy,,+1 902-405-3222,http://www.osteohalifax.com/,www.osteohalifax.com,"5539 A Young St, Halifax, NS B3K 1Z7, Canada",Halifax,Nova Scotia,5,10,Osteopath,https://www.google.com/maps/search/?api=1&query=Jennifer%20Moss%20DO(MP)%20Hydrostone%20Osteopathy&query_place_id=ChIJYfTmKm4hWksRuH0-Yzcf7Kc
"Dr Leigh Fisher, ND",,+1 902-883-7919,http://www.drleighfisher.com/,www.drleighfisher.com,"550 Hwy 2, Elmsdale, NS B2S 1A3, Canada",Elmsdale,Nova Scotia,4.2,5,Naturopathic practitioner,https://www.google.com/maps/search/?api=1&query=Dr%20Leigh%20Fisher%2C%20ND&query_place_id=ChIJ4QLUsqN_WUsRZYGsZgei1HY
Grow Well Counselling,info@growwellcounselling.ca,+1 902-812-1717,https://growwellcounselling.ca/contact/,growwellcounselling.ca,"226 Broad St #205, Bedford, NS B4B 2M9, Canada",Bedford,Nova Scotia,5,13,Mental health service,https://www.google.com/maps/search/?api=1&query=Grow%20Well%20Counselling&query_place_id=ChIJAQBQQ46JWUsR3isi-5d58xE
Marsh-Knickle Psychological Services Inc.,,+1 902-832-0830,http://mkpsych.com/,mkpsych.com,"1278 Bedford Hwy, Bedford, NS B4A 1C7, Canada",Bedford,Nova Scotia,4.7,58,Psychologist,https://www.google.com/maps/search/?api=1&query=Marsh-Knickle%20Psychological%20Services%20Inc.&query_place_id=ChIJB8f4wOuJWUsRvtGkNGTWrOw
SMB Counselling Group,info@smbcounselling.ca,+1 902-266-3311,https://smbcounselling.ca/,smbcounselling.ca,"2 Bluewater Rd Suite 130, Bedford, NS B4B 1G7, Canada",Bedford,Nova Scotia,4.8,30,Counselor,https://www.google.com/maps/search/?api=1&query=SMB%20Counselling%20Group&query_place_id=ChIJAb_G6_TzWUsROA3RRGK7Fdw
Compassion Cove Counselling Collective,catherine@compassioncovecounselling.com,+1 782-234-3655,https://www.compassioncovecounselling.com/,www.compassioncovecounselling.com,"1475 Bedford Hwy Suite 208, Bedford, NS B4A 3Z5, Canada",Bedford,Nova Scotia,5,6,Counselor,https://www.google.com/maps/search/?api=1&query=Compassion%20Cove%20Counselling%20Collective&query_place_id=ChIJy47Kt3I2Sw8RrrJO6OnfkqE
Anxiety & Trauma Clinic of Nova Scotia,admin@atclinic.ca,+1 902-412-1557,https://halifaxanxietytrauma.ca/,halifaxanxietytrauma.ca,"35 Bloom Ln #202, Bedford, NS B4B 2E6, Canada",Bedford,Nova Scotia,5,5,Psychotherapist,https://www.google.com/maps/search/?api=1&query=Anxiety%20%26%20Trauma%20Clinic%20of%20Nova%20Scotia&query_place_id=ChIJweL4JpaLWUsRlHUHxljrWC4
Dr. Kiran Pure and Associates Ltd.,drpure@drpureandassociates.com,+1 902-444-3669,https://drpureandassociates.com/,drpureandassociates.com,"90 Portland St, Dartmouth, NS B2Y 1H6, Canada",Dartmouth,Nova Scotia,5,5,Psychologist,https://www.google.com/maps/search/?api=1&query=Dr.%20Kiran%20Pure%20and%20Associates%20Ltd.&query_place_id=ChIJW_NtI-cjWksRViD_kMgOP2E
Spectrum Therapeutic Solutions,info@spectrumtherapeuticsolutions.ca,+1 902-932-2395,https://spectrumtherapeuticsolutions.ca/,spectrumtherapeuticsolutions.ca,"37 Wentworth St, Dartmouth, NS B2Y 2S9, Canada",Dartmouth,Nova Scotia,5,30,Psychotherapist,https://www.google.com/maps/search/?api=1&query=Spectrum%20Therapeutic%20Solutions&query_place_id=ChIJ9be7wewjWksRKbRUpR08das
Mindful Therapies,info@mindfultherapies.ca,+1 902-576-3576,http://www.mindfultherapies.org/,www.mindfultherapies.org,"168 Ochterloney St, Dartmouth, NS B2Y 1E1, Canada",Dartmouth,Nova Scotia,3.8,31,Mental health service,https://www.google.com/maps/search/?api=1&query=Mindful%20Therapies&query_place_id=ChIJr-EmhOMjWksRd7wDmS7eOuo
RISE Anxiety and Depression Clinic Halifax,info@riseclinic.ca,+1 782-927-2154,https://riseclinic.ca/halifax/,riseclinic.ca,"5855 Spring Garden Rd B210, Halifax, NS B3H 4S2, Canada",Halifax,Nova Scotia,4.8,26,Mental health clinic,https://www.google.com/maps/search/?api=1&query=RISE%20Anxiety%20and%20Depression%20Clinic%20Halifax&query_place_id=ChIJTSdrMJsjWksRTx5vIhWw6Nw
Insight Mental Health Counselling,info@insightmentalhealth.ca,+1 902-417-5077,http://insightmentalhealth.ca/,insightmentalhealth.ca,"1701 Hollis St Suite 800, Halifax, NS B3J 3M8, Canada",Halifax,Nova Scotia,4.6,10,Counselor,https://www.google.com/maps/search/?api=1&query=Insight%20Mental%20Health%20Counselling&query_place_id=ChIJ9du_oc0jWksRWNC7deffSek
Green Leaf Psychological Services,,+1 902-932-8428,http://www.greenleafpsychological.com/,www.greenleafpsychological.com,"1526 Dresden Row Suite 602, Halifax, NS B3J 1G9, Canada",Halifax,Nova Scotia,4.9,25,Psychologist,https://www.google.com/maps/search/?api=1&query=Green%20Leaf%20Psychological%20Services&query_place_id=ChIJYyUzNTIiWksR_4xdO6gOqoM
Solasta,user@domain.com,+1 902-880-4211,https://www.solasta.care/,www.solasta.care,"5991 Spring Garden Rd, Halifax, NS B3H 4R7, Canada",Halifax,Nova Scotia,5,24,Family counselor,https://www.google.com/maps/search/?api=1&query=Solasta&query_place_id=ChIJby4YZJsjWksRhm0O5EeM-Ro
Intentional Outcomes Counselling,,+1 902-445-3800,https://intentionaloutcomes.com/,intentionaloutcomes.com,"480 Parkland Dr Unit 201, Halifax, NS B3S 1P9, Canada",Halifax,Nova Scotia,4.6,22,Counselor,https://www.google.com/maps/search/?api=1&query=Intentional%20Outcomes%20Counselling&query_place_id=ChIJFxUQPGQhWksR1Yx2o7hjiy4
Acuity Counselling and Therapy Services,,+1 902-406-3400,http://acuitytherapy.ca/,acuitytherapy.ca,"7071 Bayers Rd Suite 320, Halifax, NS B3L 2C1, Canada",Halifax,Nova Scotia,3.2,19,Psychologist,https://www.google.com/maps/search/?api=1&query=Acuity%20Counselling%20and%20Therapy%20Services&query_place_id=ChIJ_e_kUaQhWksRlKXBh1TGFSU
Good Grief Halifax,tara@goodgriefhalifax.ca,+1 902-445-4100,https://www.goodgriefhalifax.ca/,www.goodgriefhalifax.ca,"5531 Young St #200, Halifax, NS B3K 1Z7, Canada",Halifax,Nova Scotia,5,6,Counselor,https://www.google.com/maps/search/?api=1&query=Good%20Grief%20Halifax&query_place_id=ChIJk2tMjJEhWksRtPkpxvr7l_Q
Inspired Living Medical,info@inspiredlivingmedical.com,+1 902-407-6600,http://inspiredlivingmedical.com/,inspiredlivingmedical.com,"620 Nine Mile Dr #208, Bedford, NS B4A 0H4, Canada",Bedford,Nova Scotia,5,5,Psychiatrist,https://www.google.com/maps/search/?api=1&query=Inspired%20Living%20Medical&query_place_id=ChIJKWm7uS8iWksRS3lWcaZwrds
Thrive Therapy Bedford,info@thriveot.ca,+1 902-943-2621,https://www.thriveotns.com/,www.thriveotns.com,"1550 Bedford Hwy Suite 210-15, Bedford, NS B4A 1E6, Canada",Bedford,Nova Scotia,5,10,Occupational therapist,https://www.google.com/maps/search/?api=1&query=Thrive%20Therapy%20Bedford&query_place_id=ChIJZSL1H8-JWUsRH63iXRhY2xU
TMD Therapeutics,info@tmdtherapeutics.com,+1 902-404-3863,http://www.tmdtherapeutics.com/,www.tmdtherapeutics.com,"36 Brookshire Ct, Bedford, NS B4A 4E9, Canada",Bedford,Nova Scotia,3.4,27,Dental clinic,https://www.google.com/maps/search/?api=1&query=TMD%20Therapeutics&query_place_id=ChIJ4w3qiY6JWUsRWlO4vZog1OM
Bedford Waterfront Health Clinic,,+1 902-835-6444,,,"967 Bedford Hwy #207, Bedford, NS B4A 1B2, Canada",Bedford,Nova Scotia,4.1,10,Medical clinic,https://www.google.com/maps/search/?api=1&query=Bedford%20Waterfront%20Health%20Clinic&query_place_id=ChIJY0nFg4aJWUsR1KVASl4fElM
"Dr. Nina Woulff, Psychologist & Associates",curator@acamuseum.ca,+1 902-492-1271,http://drnina.ca/,drnina.ca,"5991 Spring Garden Rd #345, Halifax, NS B3H 1Y6, Canada",Halifax,Nova Scotia,4,11,Counselor,https://www.google.com/maps/search/?api=1&query=Dr.%20Nina%20Woulff%2C%20Psychologist%20%26%20Associates&query_place_id=ChIJSwimwS8iWksRLnb8aClRw2o
Roth Associates in Psychology,curator@acamuseum.ca,+1 902-454-6166,http://www.rothassociates.ca/,www.rothassociates.ca,"255 Lacewood Dr, Halifax, NS B3M 4G2, Canada",Halifax,Nova Scotia,4.2,18,Counselor,https://www.google.com/maps/search/?api=1&query=Roth%20Associates%20in%20Psychology&query_place_id=ChIJk9gqCVcgWksRryhE1HqpETw
CRUX Psychology,info@cruxpsychology.ca,+1 902-466-2789,https://cruxpsychology.ca/,cruxpsychology.ca,"5547 Clyde St., Halifax, NS B3J 3T5, Canada",Halifax,Nova Scotia,3.4,9,Psychologist,https://www.google.com/maps/search/?api=1&query=CRUX%20Psychology&query_place_id=ChIJPx7KckcjWksR2oUSjjHRNR4
Lesley Hartman & Associates Inc.,intake@lesleyhartman.ca,+1 902-431-1721,http://lesleyhartmanassociates.ca/,lesleyhartmanassociates.ca,"3845 Joseph Howe Dr., Halifax, NS B3L 4H9, Canada",Halifax,Nova Scotia,3.5,30,Counselor,https://www.google.com/maps/search/?api=1&query=Lesley%20Hartman%20%26%20Associates%20Inc.&query_place_id=ChIJI0v2cwghWksRFrMEyMDwLAY
Coastal Psychology,info@coastalpsych.ca,+1 902-440-9228,http://coastalpsych.ca/,coastalpsych.ca,"5991 Spring Garden Rd Suite 900, Halifax, NS B3H 1Y6, Canada",Halifax,Nova Scotia,3.7,9,Psychologist,https://www.google.com/maps/search/?api=1&query=Coastal%20Psychology&query_place_id=ChIJ1X-B5fUjWksRIjuZPCc84iU
Richardson Therapy,user@domain.com,,https://www.richardsontherapy.ca/,www.richardsontherapy.ca,"3700 Kempt Rd Suite 240, Halifax, NS B3K 4X8, Canada",Halifax,Nova Scotia,5,8,Counselor,https://www.google.com/maps/search/?api=1&query=Richardson%20Therapy&query_place_id=ChIJlQc8Q1MhWksRZO_p3nWBOhg
Your Counselling Nova Scotia,,,https://yourcounsellingnovascotia.ca/?utm_campaign=gmb,yourcounsellingnovascotia.ca,"99 Wyse Rd Unit#1100, Dartmouth, NS B3A 4S5, Canada",Dartmouth,Nova Scotia,5,5,Counselor,https://www.google.com/maps/search/?api=1&query=Your%20Counselling%20Nova%20Scotia&query_place_id=ChIJFaeVTAAhWksRFNDRvFYKvaE
Cove Integrative Therapy - Amanda Stoddard M.Ed. RPC,admin@amandastoddard.ca,,http://www.amandastoddard.ca/,www.amandastoddard.ca,"300 Prince Albert Rd, Dartmouth, NS B2Y 4J2, Canada",Dartmouth,Nova Scotia,5,8,Mental health service,https://www.google.com/maps/search/?api=1&query=Cove%20Integrative%20Therapy%20-%20Amanda%20Stoddard%20M.Ed.%20RPC&query_place_id=ChIJg3C_XIgjWksRJoN7eJh5znI
Diverse Roots Therapy,admin@diverserootstherapy.com,+1 902-593-0753,http://diverserootstherapy.com/,diverserootstherapy.com,"103 Ochterloney St, Dartmouth, NS B2Y 1C6, Canada",Dartmouth,Nova Scotia,4.1,14,Counselor,https://www.google.com/maps/search/?api=1&query=Diverse%20Roots%20Therapy&query_place_id=ChIJxSf6_OAhWksRCwqa1M89Qnc
Rise Counselling Collective,info@risecounsellingcollective.com,,http://www.risecounsellingcollective.com/,www.risecounsellingcollective.com,"177 Main St #101, Dartmouth, NS B2X 1S1, Canada",Dartmouth,Nova Scotia,5,8,Mental health clinic,https://www.google.com/maps/search/?api=1&query=Rise%20Counselling%20Collective&query_place_id=ChIJaQdOEs0lWksRm6Xs4RyfHkg
Brightside Integrated Health,,+1 902-444-1015,https://brightsidehealth.ca/,brightsidehealth.ca,"250 Baker Dr Suite 222, Dartmouth, NS B2W 6L4, Canada",Dartmouth,Nova Scotia,3.9,19,Mental health service,https://www.google.com/maps/search/?api=1&query=Brightside%20Integrated%20Health&query_place_id=ChIJZRJ6IcUjWksRBawY4vVifes
New Start Counselling,,+1 902-423-4675,http://www.newstartcounselling.ca/,www.newstartcounselling.ca,"45 Alderney Dr, Dartmouth, NS B2Y 2N5, Canada",Dartmouth,Nova Scotia,4,8,Non-profit organization,https://www.google.com/maps/search/?api=1&query=New%20Start%20Counselling&query_place_id=ChIJe0RvqswjWksRxdehXKbyt34
Olive Tree Healing Hypnosis,mai@olivetreehealinghypnosis.com,+1 782-200-0010,https://olivetreehealinghypnosis.com/,olivetreehealinghypnosis.com,"11 Bloom Ln, Bedford, NS B4B 0W5, Canada",Bedford,Nova Scotia,5,61,Hypnotherapy service,https://www.google.com/maps/search/?api=1&query=Olive%20Tree%20Healing%20Hypnosis&query_place_id=ChIJDXmdf4YhWksRzmq3KwZjAhk
Sleep Therapeutics Bedford,sandman@sleeptherapeutics.com,+1 902-832-9189,https://sleeptherapeutics.ca/,sleeptherapeutics.ca,"6 Bloom Ln #102, Bedford, NS B4B 2E6, Canada",Bedford,Nova Scotia,5,73,Sleep clinic,https://www.google.com/maps/search/?api=1&query=Sleep%20Therapeutics%20Bedford&query_place_id=ChIJCVstuXghWksRlwkDaf_QRio
True North Psychological Services,cropped-cropped-tnps_logo_285x765@2x-q04jo2kt9x5nhpmwpsx0gyk5izfejjun5fx442vj58.png,+1 902-406-6734,https://www.truenorthpsychological.com/,www.truenorthpsychological.com,"36 Solutions Dr Suite 407, Halifax, NS B3S 1N2, Canada",Halifax,Nova Scotia,3.8,10,Psychologist,https://www.google.com/maps/search/?api=1&query=True%20North%20Psychological%20Services&query_place_id=ChIJp8B1fUQgWksRlJVuv9Qs91w
Spirit Psychological,info@spiritpsychological.ca,+1 902-445-6100,https://spiritpsychological.ca/,spiritpsychological.ca,"16 Titus St Suite 201, Halifax, NS B3N 2Y9, Canada",Halifax,Nova Scotia,4.1,13,Psychologist,https://www.google.com/maps/search/?api=1&query=Spirit%20Psychological&query_place_id=ChIJg2793achWksR5b8bxJlg_Us
Erica Baker Psychological Services Limited,admin@ericabaker.ca,+1 902-445-3851,http://www.ericabaker.ca/,www.ericabaker.ca,"1331 Brenton St 3rd Floor, Halifax, NS B3J 2K9, Canada",Halifax,Nova Scotia,4,9,Psychologist,https://www.google.com/maps/search/?api=1&query=Erica%20Baker%20Psychological%20Services%20Limited&query_place_id=ChIJVa8fmiciWksR-2RHc0S8TV0
Hyatt Regency Santa Clara,,(408) 200-1234,https://www.hyatt.com/hyatt-regency/en-US/clara-hyatt-regency-santa-clara?src=corp_lclb_google_seo_clara&utm_source=google&utm_medium=organic&utm_campaign=lmr,www.hyatt.com,"5101 Great America Pkwy, Santa Clara, CA 95054",Santa Clara,Nova Scotia,4.3,3640,Hotel,https://www.google.com/maps/search/?api=1&query=Hyatt%20Regency%20Santa%20Clara&query_place_id=ChIJY12_ccbJj4ARcrFhVuI9FEE
HK hair studio,contact@scheduleanyone.com,+1 902-749-6578,http://www.heidikenneyhair.com/contact/,www.heidikenneyhair.com,"712 Lakeside Rd, Dayton, NS B5A 5K2, Canada",Dayton,Nova Scotia,4.9,10,Hair salon,https://www.google.com/maps/search/?api=1&query=HK%20hair%20studio&query_place_id=ChIJJ_zhBMwQVksRw96vCQCT5qM
Seven Collective Salon,info@sevencollectivesalon.com,+1 902-407-4331,https://sevencollectivesalon.com/,sevencollectivesalon.com,"1861 Granville St, Halifax, NS B3J 1Y1, Canada",Halifax,Nova Scotia,5,147,Hairdresser,https://www.google.com/maps/search/?api=1&query=Seven%20Collective%20Salon&query_place_id=ChIJWxZomqgjWksRQvaV7qmdWDc
JK HAIRSALON,,+1 782-882-2424,http://www.jkhairsalon.ca/,www.jkhairsalon.ca,"5659 Almon St Unit 100, Halifax, NS B3K 3X2, Canada",Halifax,Nova Scotia,5,175,Hair salon,https://www.google.com/maps/search/?api=1&query=JK%20HAIRSALON&query_place_id=ChIJw4_ikhohWksRMwU-pfbYwuo
Best Choice Hair Studio,,+1 902-798-5994,,,"713 O'Brien, Windsor, NS B0N 2T0, Canada",Windsor,Nova Scotia,4.6,46,Hair salon,https://www.google.com/maps/search/?api=1&query=Best%20Choice%20Hair%20Studio&query_place_id=ChIJ315lCwOmWUsR-TEB3RCAJsA
Nour's Hair Lounge,nourshairlounge@outlook.com,+1 902-989-8866,https://nourshairlounge.com/,nourshairlounge.com,"1326 Lower Water St #116, Halifax, NS B3J 3R3, Canada",Halifax,Nova Scotia,4.9,145,Hair salon,https://www.google.com/maps/search/?api=1&query=Nour's%20Hair%20Lounge&query_place_id=ChIJH87xwE0jWksRyvxyBAoVrHM
Dime Salon Inc,info@dimesalonhalifax.com,+1 902-422-3463,http://www.dimesalonhalifax.com/,www.dimesalonhalifax.com,"2167 Gottingen St, Halifax, NS B3K 3B5, Canada",Halifax,Nova Scotia,4.7,108,Hair salon,https://www.google.com/maps/search/?api=1&query=Dime%20Salon%20Inc&query_place_id=ChIJ_7kQRtQjWksROe8Z3s0XcZU
Thumpers Salon,info@thumperssalon.com,+1 902-429-4900,http://www.thumperssalon.com/,www.thumperssalon.com,"1455 South Park St, Halifax, NS B3J 2L1, Canada",Halifax,Nova Scotia,4.4,178,Hair salon,https://www.google.com/maps/search/?api=1&query=Thumpers%20Salon&query_place_id=ChIJqyl_pM0jWksRKa5jdeUDbiY
Casa Dante International Hair Studio,,+1 902-423-4089,http://www.casadante.ca/,www.casadante.ca,"1535 Dresden Row, Halifax, NS B3J 3T1, Canada",Halifax,Nova Scotia,4.8,71,Hair salon,https://www.google.com/maps/search/?api=1&query=Casa%20Dante%20International%20Hair%20Studio&query_place_id=ChIJmX1mUDIiWksRC7XwDjoFf48
Naka Hair,,+1 902-444-4566,,,"2193 Windsor St, Halifax, NS B3K 5B7, Canada",Halifax,Nova Scotia,4.8,30,Hair salon,https://www.google.com/maps/search/?api=1&query=Naka%20Hair&query_place_id=ChIJZQ1cNYAhWksR19Ym9WmIhfA
ANDO Salon Citadel 🌿,,+1 782-774-2266,https://www.andosalon.ca/,www.andosalon.ca,"2445 Agricola St, Halifax, NS B3K 4C1, Canada",Halifax,Nova Scotia,4.9,101,Hair salon,https://www.google.com/maps/search/?api=1&query=ANDO%20Salon%20Citadel%20%F0%9F%8C%BF&query_place_id=ChIJh2jkpHYhWksRe4B0LfvDLcw
Blume Salon And Spa,oohlalablume@gmail.com,+1 902-423-8117,https://oohlalablume.com/,oohlalablume.com,"6024 Quinpool Rd, Halifax, NS B3L 1A1, Canada",Halifax,Nova Scotia,4.8,215,Beauty salon,https://www.google.com/maps/search/?api=1&query=Blume%20Salon%20And%20Spa&query_place_id=ChIJ17OYsa8jWksRD9p-rtEyfMo
Georgia hair,,+1 902-221-2189,,,"3111 Kempt Rd, Halifax, NS B3K 5N6, Canada",Halifax,Nova Scotia,4.8,48,Hair salon,https://www.google.com/maps/search/?api=1&query=Georgia%20hair&query_place_id=ChIJ62ZfQoMhWksR-6bL1Xe0whw
Hair by Bea,bedrije.rexhepi@gmail.com,+1 902-446-3576,https://hairbybea.setmore.com/,hairbybea.setmore.com,"2200 Windsor St, Halifax, NS B3K 5B8, Canada",Halifax,Nova Scotia,4.9,86,Hair salon,https://www.google.com/maps/search/?api=1&query=Hair%20by%20Bea&query_place_id=ChIJqVc5tYEhWksR-nEXWPj4u4k
Hive Hair Studio,,+1 902-422-9309,,,"5876 Demone St, Halifax, NS B3K 0G9, Canada",Halifax,Nova Scotia,5,20,Hair salon,https://www.google.com/maps/search/?api=1&query=Hive%20Hair%20Studio&query_place_id=ChIJhZUb8HkhWksRm4veYTHLXno
Artisan Hair Salon,,+1 902-407-4400,,,"Park Lane Shopping Centre, 5657 Spring Garden Rd, Halifax, NS B3L 3R4, Canada",Halifax,Nova Scotia,4.8,43,Hair salon,https://www.google.com/maps/search/?api=1&query=Artisan%20Hair%20Salon&query_place_id=ChIJL4s56kgjWksRgF88089Fh6g
Mone Beauty Studio,,+1 902-445-0890,http://monebeauty.ca/,monebeauty.ca,"3647 Dutch Village Rd, Halifax, NS B3N 2T1, Canada",Halifax,Nova Scotia,5,160,Beauty salon,https://www.google.com/maps/search/?api=1&query=Mone%20Beauty%20Studio&query_place_id=ChIJ6Z9WAL0hWksRyUeYSmF7OvM
K-Beauty Salon,,+1 902-405-0399,https://kbeautysalonhalifax.ca/,kbeautysalonhalifax.ca,"6299 Quinpool Rd, Halifax, NS B3L 1A4, Canada",Halifax,Nova Scotia,4.7,240,Beauty salon,https://www.google.com/maps/search/?api=1&query=K-Beauty%20Salon&query_place_id=ChIJ_bnzxNwhWksRDz7tMfYzTsw
Beaute Lia hair salon Halifax,,+1 902-989-5949,https://beauteliahair.com/,beauteliahair.com,"56 Supreme Ct Unit 8, Halifax, NS B3N 0E6, Canada",Halifax,Nova Scotia,4.9,223,Hairdresser,https://www.google.com/maps/search/?api=1&query=Beaute%20Lia%20hair%20salon%20Halifax&query_place_id=ChIJA4yW91ohWksRwC-LvF0DsNM
Shapes N Shades | Clubmen's Barber Shop | SNS unisex hair salon,example@mysite.com,+1 902-443-8812,https://www.snshairsalon.com/,www.snshairsalon.com,"70 Lacewood Dr, Halifax, NS B3M 2P1, Canada",Halifax,Nova Scotia,4.9,86,Hair salon,https://www.google.com/maps/search/?api=1&query=Shapes%20N%20Shades%20%7C%20Clubmen's%20Barber%20Shop%20%7C%20SNS%20unisex%20hair%20salon&query_place_id=ChIJ-QNPE6ohWksRH5f5anu2yPs
Tidal Hair Lounge,bookings@deenaalawaid.ca,+1 902-455-4233,https://www.tidalhairlounge.com/contact,www.tidalhairlounge.com,"3136 Isleville St, Halifax, NS B3K 2B1, Canada",Halifax,Nova Scotia,4.4,41,Hair salon,https://www.google.com/maps/search/?api=1&query=Tidal%20Hair%20Lounge&query_place_id=ChIJU5w1w3EhWksREiF5q7PWA5w
Min's Salon,minkim@minssalon.com,+1 902-448-2292,http://minssalon.com/,minssalon.com,"5357 Inglis St, Halifax, NS B3H 1J4, Canada",Halifax,Nova Scotia,4.9,59,Hairdresser,https://www.google.com/maps/search/?api=1&query=Min's%20Salon&query_place_id=ChIJnVkfz9UjWksRpgAcJgYBsPs
Define Hair Studio and Barbershop Halifax,definehairstudiohfx@gmail.com,+1 902-405-8505,http://www.definehairstudio.ca/,www.definehairstudio.ca,"6243 Quinpool Rd, Halifax, NS B3L 4N2, Canada",Halifax,Nova Scotia,4.9,751,Barber shop,https://www.google.com/maps/search/?api=1&query=Define%20Hair%20Studio%20and%20Barbershop%20Halifax&query_place_id=ChIJgaP8rochWksRa_t6h03bHoo
Sparrow Hair Studio Inc.,contact@sparrowhairstudio.ca,+1 902-453-6400,https://sparrowhairstudio.ca/,sparrowhairstudio.ca,"6500 Chebucto Rd, West End, NS B3L 1L7, Canada",West End,Nova Scotia,4.9,106,Hair salon,https://www.google.com/maps/search/?api=1&query=Sparrow%20Hair%20Studio%20Inc.&query_place_id=ChIJe4rLgiwjWksR3A9B-HJhLMo
Flaunt + AQC SALON,info@aqcbeauty.com,+1 902-406-0573,https://www.flaunthfx.ca/,www.flaunthfx.ca,"6110 Lawrence St, Halifax, NS B3L 1J6, Canada",Halifax,Nova Scotia,4.8,75,Hairdresser,https://www.google.com/maps/search/?api=1&query=Flaunt%20%2B%20AQC%20SALON&query_place_id=ChIJfyo1T4AhWksRDsYzEwp00SQ
Blush Hair Studio,info@blushhairhfx.com,+1 902-479-1544,http://blushhairhfx.com/,blushhairhfx.com,"751 Herring Cove Rd, Halifax, NS B3R 1Y9, Canada",Halifax,Nova Scotia,4.9,46,Hair salon,https://www.google.com/maps/search/?api=1&query=Blush%20Hair%20Studio&query_place_id=ChIJfeABzA4ZWksR8RkolfWyfmk
Stanhope & Company Hair Studio,,+1 902-423-9433,http://stanhope-and-company-hair-studio.com/,stanhope-and-company-hair-studio.com,"1455 Brenton St, Halifax, NS B3J 3T3, Canada",Halifax,Nova Scotia,4.6,95,Hair salon,https://www.google.com/maps/search/?api=1&query=Stanhope%20%26%20Company%20Hair%20Studio&query_place_id=ChIJ-0ztYzEiWksRFDtoSbtt_Ho
Mood,info@moodhalifax.ca,+1 902-268-6663,https://www.moodhalifax.ca/,www.moodhalifax.ca,"349 Herring Cove Rd unit 104, Halifax, NS B3R 1V9, Canada",Halifax,Nova Scotia,5,41,Hair salon,https://www.google.com/maps/search/?api=1&query=Mood&query_place_id=ChIJVVXlE6kYWksRxT_KUBru1XU
Aasthahair,inquire.aastha@gmail.comcom,+1 902-717-2128,https://aasthahair.ca/,aasthahair.ca,"130 Solutions Dr, Halifax, NS B3S 1N2, Canada",Halifax,Nova Scotia,4.9,66,Hairdresser,https://www.google.com/maps/search/?api=1&query=Aasthahair&query_place_id=ChIJi_NLxdYhWksRPLWmj7CnLug
Anna's Hair Salon,hfxannassalon@gmail.com,+1 902-443-4514,https://jtaylorlandry.wixsite.com/annassalon,jtaylorlandry.wixsite.com,"278 Lacewood Dr, Halifax, NS B3M 3P6, Canada",Halifax,Nova Scotia,4.3,101,Hair salon,https://www.google.com/maps/search/?api=1&query=Anna's%20Hair%20Salon&query_place_id=ChIJN9uL1FAgWksRhO2_y67e5iM
SANDY YOKO HAIR,yokossalonspa@gmail.com,+1 902-292-5538,https://sandyyokohairhalifax.square.site/,sandyyokohairhalifax.square.site,"650 Washmill Lake Dr, Halifax, NS B3S 0H8, Canada",Halifax,Nova Scotia,4.9,55,Hair salon,https://www.google.com/maps/search/?api=1&query=SANDY%20YOKO%20HAIR&query_place_id=ChIJ6foMDc-JWUsR6apyUaBG8Jg
Studio F.A.B. fierce and beautiful,,+1 902-492-5343,,,"1475 Lower Water St, Halifax, NS B3J 0L4, Canada",Halifax,Nova Scotia,4.6,43,Hair salon,https://www.google.com/maps/search/?api=1&query=Studio%20F.A.B.%20fierce%20and%20beautiful&query_place_id=ChIJWRuCFzUiWksRdpaGArNmf_o
Magic Touch Hair Salon,,+1 902-423-7484,http://magic-touch-hair-salon-halifax.jany.io/,magic-touch-hair-salon-halifax.jany.io,"5845 Gorsebrook Ave, Halifax, NS B3H 3C3, Canada",Halifax,Nova Scotia,4.6,46,Beauty salon,https://www.google.com/maps/search/?api=1&query=Magic%20Touch%20Hair%20Salon&query_place_id=ChIJ9yYUgEAiWksRF28FZdtGUEU
TNK Nail & Beauty Spa,info@tnkbeauty.ca,+1 902-487-5248,https://tnkbeauty.ca/,tnkbeauty.ca,"6025 North St, Halifax, NS B3K 1N9, Canada",Halifax,Nova Scotia,4.8,249,Nail salon,https://www.google.com/maps/search/?api=1&query=TNK%20Nail%20%26%20Beauty%20Spa&query_place_id=ChIJ3bOLLXkhWksRZKkSckrfFUI
Brookside & Bliss Salon,,+1 902-405-4540,http://www.brooksideandblisssalon.com/,www.brooksideandblisssalon.com,"5881 Almon St, Halifax, NS B3K 1T7, Canada",Halifax,Nova Scotia,4.8,33,Hairdresser,https://www.google.com/maps/search/?api=1&query=Brookside%20%26%20Bliss%20Salon&query_place_id=ChIJOaU1z6khWksRdP-m3hXOb_s
Everhair salon,,+1 902-440-8504,http://shop.everhair.ca/,shop.everhair.ca,"5663 Nora Bernard St #104, Halifax, NS B3K 1B6, Canada",Halifax,Nova Scotia,4.8,23,Beauty salon,https://www.google.com/maps/search/?api=1&query=Everhair%20salon&query_place_id=ChIJ3zIlmSojWksR7Q5LhAdmkro
Sublime Salon & Spa,,+1 782-409-0504,http://sublimesalon.ca/,sublimesalon.ca,"130 Solutions Dr, Halifax, NS B3S 0B8, Canada",Halifax,Nova Scotia,4.9,70,Beauty salon,https://www.google.com/maps/search/?api=1&query=Sublime%20Salon%20%26%20Spa&query_place_id=ChIJy-cYmzt_UKwRlWhTWXD_ad0
M A N E L A N D,,,http://manelandhair.ca/,manelandhair.ca,"5682 North St, Halifax, NS B3K 1N4, Canada",Halifax,Nova Scotia,5,64,Beauty salon,https://www.google.com/maps/search/?api=1&query=M%20A%20N%20E%20L%20A%20N%20D&query_place_id=ChIJM9Kvb4cjWksRWtc6AnePF5E
SPLITT ENDS - Stylist & Barber,,+1 902-429-8360,http://splittends.ca/,splittends.ca,"1030 South Park St Suite # 321, Halifax, NS B3H 2W3, Canada",Halifax,Nova Scotia,4.5,104,Barber shop,https://www.google.com/maps/search/?api=1&query=SPLITT%20ENDS%20-%20Stylist%20%26%20Barber&query_place_id=ChIJj4CWQTgiWksRWgHwAmvZhek
LOUIE Hair and Wax Studio,,+1 902-454-2226,,,"2861 Agricola St, Halifax, NS B3K 4E7, Canada",Halifax,Nova Scotia,5,19,Beauty salon,https://www.google.com/maps/search/?api=1&query=LOUIE%20Hair%20and%20Wax%20Studio&query_place_id=ChIJ5TE6Jv8hWksR0-I9U4Hvt74
OBB,oneblockbarbershop@gmail.com,+1 902-404-9494,http://www.oneblock.ca/,www.oneblock.ca,"5518 Almon St, Halifax, NS B3K 3A9, Canada",Halifax,Nova Scotia,4.8,175,Hair salon,https://www.google.com/maps/search/?api=1&query=OBB&query_place_id=ChIJWySEm9MjWksR1iEjubqW8XM
FRED.,user@domain.com,+1 902-423-5400,https://www.fredbeauty.com/,www.fredbeauty.com,"2840 Gottingen St, Halifax, NS B3K 3C9, Canada",Halifax,Nova Scotia,4.5,64,Hair salon,https://www.google.com/maps/search/?api=1&query=FRED.&query_place_id=ChIJMdAlrX4hWksRJanNA98794k
Glamour Secrets | Halifax Shopping Centre,info@glamouratlantic.ca,+1 902-462-4526,https://glamouratlantic.ca/halifax-shopping-centre-hair-styling-bar/,glamouratlantic.ca,"Halifax Mall, 7001 Mumford Rd, Halifax, NS B3L 4R3, Canada",Halifax,Nova Scotia,4.6,234,Hair salon,https://www.google.com/maps/search/?api=1&query=Glamour%20Secrets%20%7C%20Halifax%20Shopping%20Centre&query_place_id=ChIJi2T9j6YhWksRpCVNqp3ifU8
Styles Alive,,+1 902-443-7501,http://stylesalive.org/,stylesalive.org,"3422 Dutch Village Rd, Halifax, NS B3N 2R8, Canada",Halifax,Nova Scotia,4.8,59,Hair salon,https://www.google.com/maps/search/?api=1&query=Styles%20Alive&query_place_id=ChIJf6prt6UhWksRW55sQML9_gw
Franyz Hair Studio,,+1 902-402-9989,https://instagram.com/franyzhair?igshid=NTc4MTIwNjQ2YQ==,instagram.com,"26 Jacob Ln, Halifax, NS B3M 0H6, Canada",Halifax,Nova Scotia,4.6,11,Hair salon,https://www.google.com/maps/search/?api=1&query=Franyz%20Hair%20Studio&query_place_id=ChIJmXYJRIaLWUsR6J_gNVgmeLw
The Big Moustache Barbershop,info@bigmoustache.ca,+1 902-707-4214,https://thebigmoustachebarbershop.ca/,thebigmoustachebarbershop.ca,"Halifax Downtown, 5121 Sackville St Unit 101, Halifax, NS B3J 1K1, Canada",Halifax,Nova Scotia,4.7,669,Barber shop,https://www.google.com/maps/search/?api=1&query=The%20Big%20Moustache%20Barbershop&query_place_id=ChIJs4GxaDEjWksR9PYoKm67Sdw
TORICO HAIR,,,http://torico-hair.studio.site/,torico-hair.studio.site,"5194 Blowers St, Halifax, NS B3J 1L4, Canada",Halifax,Nova Scotia,4.8,13,Hair salon,https://www.google.com/maps/search/?api=1&query=TORICO%20HAIR&query_place_id=ChIJtezOTAAjWksRDWvG8mvQDE8
Ciao Bella Hair & Esthetics Studio,,+1 902-446-7777,,,"2973 Oxford St, Halifax, NS B3L 2W3, Canada",Halifax,Nova Scotia,4.6,13,Hair salon,https://www.google.com/maps/search/?api=1&query=Ciao%20Bella%20Hair%20%26%20Esthetics%20Studio&query_place_id=ChIJObR8l50hWksR8eWK7VIi_g4
Island Chic Natural Hair Studio,,+1 902-977-0367,http://islandchicnaturalhairstudio.square.site/,islandchicnaturalhairstudio.square.site,"45 Langbrae Dr, Halifax, NS B3M 4L2, Canada",Halifax,Nova Scotia,4.9,14,Hair salon,https://www.google.com/maps/search/?api=1&query=Island%20Chic%20Natural%20Hair%20Studio&query_place_id=ChIJ6RQVcNohWksR7gUvYuU9B_Q
First Choice Hair,,+1 902-454-3855,https://www.firstchoice.com/locations/nearme/haircut/ns/halifax/6990-mumford-rd/51214,www.firstchoice.com,"6990 Mumford Rd, Halifax, NS B3L 4W1, Canada",Halifax,Nova Scotia,4.3,669,Hair salon,https://www.google.com/maps/search/?api=1&query=First%20Choice%20Hair&query_place_id=ChIJB9Z4r5AhWksRO0_5YK57cco
Slayed Hair & Esthetics,,+1 902-422-4040,http://www.slayedsalon.com/,www.slayedsalon.com,"1235 Barrington St, Halifax, NS B3J 1Y2, Canada",Halifax,Nova Scotia,4.6,81,Beauty salon,https://www.google.com/maps/search/?api=1&query=Slayed%20Hair%20%26%20Esthetics&query_place_id=ChIJS8AZ5DUiWksRrhgX8zygaFw
Yousef's Hair Spa,,+1 902-407-0790,,,"284 St Margarets Bay Rd, Halifax, NS B3N 1J5, Canada",Halifax,Nova Scotia,4.4,22,Hairdresser,https://www.google.com/maps/search/?api=1&query=Yousef's%20Hair%20Spa&query_place_id=ChIJ7x6GppQhWksRCEPAWydydvo
Chatters Hair Salon,customerservice@chatters.ca,+1 902-407-4121,https://chatters.ca/location/nova-scotia/ns-halifax-nsch1?utm_source=gmb&utm_medium=organic&utm_campaign=nsch1,chatters.ca,"194 Chain Lake Dr, Halifax, NS B3S 1C5, Canada",Halifax,Nova Scotia,4.1,121,Hair salon,https://www.google.com/maps/search/?api=1&query=Chatters%20Hair%20Salon&query_place_id=ChIJcwlelDggWksRppR2Sj6KE4c
Phat's Barber Shop,,+1 902-423-6596,,,"2170 Windsor St, Halifax, NS B3K 5B6, Canada",Halifax,Nova Scotia,4.8,1347,Barber shop,https://www.google.com/maps/search/?api=1&query=Phat's%20Barber%20Shop&query_place_id=ChIJ10DWToAhWksRelot6bXEYfY
ProCuts-Stylist & Barber,,+1 902-495-7605,,,"1114 Barrington St, Halifax, NS B3H 2R2, Canada",Halifax,Nova Scotia,4.6,261,Barber shop,https://www.google.com/maps/search/?api=1&query=ProCuts-Stylist%20%26%20Barber&query_place_id=ChIJh6-h2qsjWksRu9v3S-_W-uI
Hail Hair,template.placeholder@gmail.com,+1 902-719-4914,http://www.hailhairstudio.com/,www.hailhairstudio.com,"1574 Argyle St Suite 3, Halifax, NS B3J 2B3, Canada",Halifax,Nova Scotia,5,15,Hair salon,https://www.google.com/maps/search/?api=1&query=Hail%20Hair&query_place_id=ChIJK7j7NjMiWksRpCGEYJg5waM
AQC SALON,,+1 902-406-0573,http://www.aqcsalon.com/,www.aqcsalon.com,"6110 Lawrence St, Halifax, NS B3L 1J6, Canada",Halifax,Nova Scotia,5,15,Hair salon,https://www.google.com/maps/search/?api=1&query=AQC%20SALON&query_place_id=ChIJm95W_SwjWksR8tue7qbwpEw
Studio 54 Salon,info@studio54salon.com,+1 902-448-1454,http://studio54salon.com/,studio54salon.com,"2 Beechville Park Dr, Lakeside, NS B3T 1L7, Canada",Lakeside,Nova Scotia,4.9,72,Hair salon,https://www.google.com/maps/search/?api=1&query=Studio%2054%20Salon&query_place_id=ChIJSYQr0CYgWksRdAg2ij6Sqis
Hair to GO,hairtogohrm@gmail.com,+1 902-499-8354,https://hairtogohrm.wixsite.com/home,hairtogohrm.wixsite.com,"6969 Bayers Rd, Halifax, NS B3L 4P3, Canada",Halifax,Nova Scotia,5,23,Hair salon,https://www.google.com/maps/search/?api=1&query=Hair%20to%20GO&query_place_id=ChIJ27a8rNchWksRuVFP-VQ8xtU
Apex Hair Salon,,+1 902-402-4988,http://facebook.com/TheApexHairSalon,facebook.com,"6245 Quinpool Rd Unit 7, Halifax, NS B3L 1A4, Canada",Halifax,Nova Scotia,5,15,Hair salon,https://www.google.com/maps/search/?api=1&query=Apex%20Hair%20Salon&query_place_id=ChIJAbj7Y9QhWksRhQfZ3T2a-tc
Jay Wells,jaywellsschedule@gmail.com,,http://jaywellssalon.ca/,jaywellssalon.ca,"2120 Brunswick St, Halifax, NS B3K 2Y8, Canada",Halifax,Nova Scotia,4.6,22,Hair salon,https://www.google.com/maps/search/?api=1&query=Jay%20Wells&query_place_id=ChIJw3qZ3MwjWksRigeGlA5FrwU
Hairs To Ya,,+1 902-453-1292,,,"6424 Quinpool Rd, Halifax, NS B3L 1A8, Canada",Halifax,Nova Scotia,4.8,76,Barber shop,https://www.google.com/maps/search/?api=1&query=Hairs%20To%20Ya&query_place_id=ChIJZ1JObIchWksRJqpeINMcv6A
Zanzibars Hair Studio Ltd,,+1 902-455-4334,http://www.zanzibarhairstudio.com/,www.zanzibarhairstudio.com,"7071 Bayers Rd, Halifax, NS B3L 2C1, Canada",Halifax,Nova Scotia,4.5,19,Hair salon,https://www.google.com/maps/search/?api=1&query=Zanzibars%20Hair%20Studio%20Ltd&query_place_id=ChIJMYsgD6QhWksRgUtb8sG9WXk
Iron Salon,,,,,"1883 Granville St, Halifax, NS B3J 1Y1, Canada",Halifax,Nova Scotia,4.9,19,Beauty salon,https://www.google.com/maps/search/?api=1&query=Iron%20Salon&query_place_id=ChIJ_cZh7c0jWksRH_lxFVsEMgQ
Regency Salon & Spa (CBBC Career College),,+1 902-334-1849,https://www.regencysalon.ca/,www.regencysalon.ca,"1046 Barrington St Unit #A, Halifax, NS B3H 2R1, Canada",Halifax,Nova Scotia,4.5,82,Beauty salon,https://www.google.com/maps/search/?api=1&query=Regency%20Salon%20%26%20Spa%20(CBBC%20Career%20College)&query_place_id=ChIJq_XqT0giWksRzYCmV71vFkQ
HDC - College of Hair & Aesthetics,admissions@hairdesigncentre.com,+1 902-455-0535 ext. 1,http://www.hairdesigncentre.com/,www.hairdesigncentre.com,"278 Lacewood Dr #108, Halifax, NS B3M 3N8, Canada",Halifax,Nova Scotia,4.4,480,Hair salon,https://www.google.com/maps/search/?api=1&query=HDC%20-%20College%20of%20Hair%20%26%20Aesthetics&query_place_id=ChIJ_big1VAgWksR4z4-bSgL5Uc
Oddfellows Barbershop,oddfellowsbarbershop@gmail.com,+1 902-701-9787,http://www.oddfellowsbarbershop.com/,www.oddfellowsbarbershop.com,"6451 Quinpool Rd, Halifax, NS B3L 1B1, Canada",Halifax,Nova Scotia,4.9,289,Barber shop,https://www.google.com/maps/search/?api=1&query=Oddfellows%20Barbershop&query_place_id=ChIJs5rYSYYhWksRQ8K-mgOs42A
Fara Ishani Salon,appointments@fisalon.com,+1 902-425-2552,http://www.fisalon.com/,www.fisalon.com,"6675 Quinpool Rd, Halifax, NS B3L 1C1, Canada",Halifax,Nova Scotia,4.9,16,Beauty salon,https://www.google.com/maps/search/?api=1&query=Fara%20Ishani%20Salon&query_place_id=ChIJici0zIghWksRK5FbfxtiwEM
Helen's Family Barber Shop & Tanning,,+1 902-455-5775,http://www.helensbarbershop.ca/,www.helensbarbershop.ca,"3111 Kempt Rd #5, Halifax, NS B3K 5N6, Canada",Halifax,Nova Scotia,4.7,250,Hair salon,https://www.google.com/maps/search/?api=1&query=Helen's%20Family%20Barber%20Shop%20%26%20Tanning&query_place_id=ChIJkZpJzHYhWksRnS0riEifR7g
Saint Lou's Barbershop,,+1 902-406-3600,http://www.saintlous.com/,www.saintlous.com,"Historic Properties Building, 1869 Upper Water St, Halifax, NS B3J 1S9, Canada",Halifax,Nova Scotia,4.8,154,Barber shop,https://www.google.com/maps/search/?api=1&query=Saint%20Lou's%20Barbershop&query_place_id=ChIJDXHQw80jWksRjBtsBNwlHlY
Exquisite Cuts Barbershop,exquisitecuts01@gmail.com,+1 902-223-2992,https://square.site/book/FMYP0J1M6MJW9/exquisite-cuts-barbershop-halifax-ns,square.site,"2792 Gottingen St, Halifax, NS B3K 1T3, Canada",Halifax,Nova Scotia,4.8,148,Barber shop,https://www.google.com/maps/search/?api=1&query=Exquisite%20Cuts%20Barbershop&query_place_id=ChIJ9eN8hBkhWksRmJJ2qlW2GBQ
Anni's Hair Oasis,,+1 902-446-6699,,,"2657 Agricola St, Halifax, NS B3K 4C7, Canada",Halifax,Nova Scotia,4.8,9,Hair salon,https://www.google.com/maps/search/?api=1&query=Anni's%20Hair%20Oasis&query_place_id=ChIJEc_B4HshWksRCymHTZ77_n4
Noreast Barber,,,http://www.noreastbarber.ca/,www.noreastbarber.ca,"5239 Blowers St b22, Halifax, NS B3J 1J8, Canada",Halifax,Nova Scotia,4.9,229,Hair salon,https://www.google.com/maps/search/?api=1&query=Noreast%20Barber&query_place_id=ChIJoyasRzMiWksRgfnpw1CuU-8
Adorn salon and spa,adornsalonandspa@outlook.com,+1 902-876-1044,http://www.adornsalonandspa.com/,www.adornsalonandspa.com,"1308 St Margarets Bay Rd unit 101a, Beechville, NS B3T 1A2, Canada",Beechville,Nova Scotia,4.9,47,Beauty salon,https://www.google.com/maps/search/?api=1&query=Adorn%20salon%20and%20spa&query_place_id=ChIJk6U70CYgWksRrfjN5leLR10
Salon 1883,,+1 902-407-2322,http://www.salon1883.com/,www.salon1883.com,"1883 Granville St, Halifax, NS B3J 1Y1, Canada",Halifax,Nova Scotia,5,5,Hair salon,https://www.google.com/maps/search/?api=1&query=Salon%201883&query_place_id=ChIJZZCqohcjWksRlIAkACBueyY
Scallywags Barbershop,,,http://www.scallywagsbarbershop.com/,www.scallywagsbarbershop.com,"6513 Chebucto Rd, Halifax, NS B3L 1L6, Canada",Halifax,Nova Scotia,4.9,213,Barber shop,https://www.google.com/maps/search/?api=1&query=Scallywags%20Barbershop&query_place_id=ChIJKdUWiYQhWksRmaVXJ5u6FdU
Allie the Hairstylist,,,,,"1521 Grafton St Suite 205, Halifax, NS B3J 2B9, Canada",Halifax,Nova Scotia,5,15,Hair salon,https://www.google.com/maps/search/?api=1&query=Allie%20the%20Hairstylist&query_place_id=ChIJc7LevoYjWksRTmQa5N29emk
Benn’s Barber Shop,,+1 902-329-5511,https://bennsbarbershop.ca/,bennsbarbershop.ca,"5693 Almon St, Halifax, NS B3K 1T5, Canada",Halifax,Nova Scotia,4.8,280,Barber shop,https://www.google.com/maps/search/?api=1&query=Benn%E2%80%99s%20Barber%20Shop&query_place_id=ChIJB30FQaYhWksRUWwLllEl8Aw
T.G.'s Barber Shop,,+1 902-406-0082,,,"6140 Young St, Halifax, NS B3K 0G2, Canada",Halifax,Nova Scotia,4.7,190,Barber shop,https://www.google.com/maps/search/?api=1&query=T.G.'s%20Barber%20Shop&query_place_id=ChIJZY5fu3ohWksR-3k1FqLqF_w
Hair By Emma O'Brien,,+1 902-237-4220,http://hair-by-emma-obrien.square.site/,hair-by-emma-obrien.square.site,"650 Washmill Lake Dr #107, Halifax, NS B3S 0H8, Canada",Halifax,Nova Scotia,5,47,Barber shop,https://www.google.com/maps/search/?api=1&query=Hair%20By%20Emma%20O'Brien&query_place_id=ChIJ71gMq_EhWksRa4Cxjil-NPA
Hair Devotion,info@email.com,+1 902-832-3505,http://www.hairdevotion.ca/,www.hairdevotion.ca,"72 Gary Martin Dr Suite 107, Bedford, NS B4B 1P7, Canada",Bedford,Nova Scotia,4.6,113,Beauty salon,https://www.google.com/maps/search/?api=1&query=Hair%20Devotion&query_place_id=ChIJK10LuYKJWUsRlK0n1ZBOumg
SmartStyle,,+1 902-450-5283,https://www.smartstyle.com/locations/nearme/haircut/ns/halifax/220-chain-lake-dr/52520,www.smartstyle.com,"220 Chain Lake Dr, Halifax, NS B3S 1C9, Canada",Halifax,Nova Scotia,4.5,234,Hair salon,https://www.google.com/maps/search/?api=1&query=SmartStyle&query_place_id=ChIJG1igr0EgWksRROf0YZQ3g7Y
The Beauty Studio Bedford,,+1 902-430-8718,https://linktr.ee/tbsbedford,linktr.ee,"1093 Bedford Hwy, Bedford, NS B4A 1B7, Canada",Bedford,Nova Scotia,4.9,179,Beauty salon,https://www.google.com/maps/search/?api=1&query=The%20Beauty%20Studio%20Bedford&query_place_id=ChIJK7fxKU-JWUsRqfb1OXBNJq8
Perfect Arch Salon,hi@typemade.mx,+1 902-706-4305,https://perfectarchsalon.com/,perfectarchsalon.com,"1595 Bedford Hwy, Bedford, NS B4A 3Y4, Canada",Bedford,Nova Scotia,4.9,32,Beauty salon,https://www.google.com/maps/search/?api=1&query=Perfect%20Arch%20Salon&query_place_id=ChIJrZ_hBnCJWUsR1gRiGr_JlLE
Ivy. Salon,allison@ivybedford.ca,+1 902-835-4098,https://www.ivysalons.ca/,www.ivysalons.ca,"936 Bedford Hwy, Bedford, NS B4A 3P1, Canada",Bedford,Nova Scotia,4.8,40,Beauty salon,https://www.google.com/maps/search/?api=1&query=Ivy.%20Salon&query_place_id=ChIJX0_O85iJWUsRbWd16eov0_M
Feathers Brow & Beauty Studio,info@feathersbrowstudio.ca,+1 902-412-7801,http://www.feathersbrowstudio.ca/,www.feathersbrowstudio.ca,"620 Nine Mile Dr Unit 102, Bedford, NS B4A 0G6, Canada",Bedford,Nova Scotia,4.7,146,Beauty salon,https://www.google.com/maps/search/?api=1&query=Feathers%20Brow%20%26%20Beauty%20Studio&query_place_id=ChIJgwsmR5WLWUsRhS_ZUM-bUrE
Kapoor's Beauty Studio Limited,,+1 782-446-7446,,,"647 Bedford Hwy Unit 102-C, Halifax, NS B3M 0A5, Canada",Halifax,Nova Scotia,5,51,Beauty salon,https://www.google.com/maps/search/?api=1&query=Kapoor's%20Beauty%20Studio%20Limited&query_place_id=ChIJ8eEzAxghWksRZkcP3Z6HpYM
Marvis Hair Studio Barbershop Bedford,,+1 902-465-2222,,,"226 Broad St, Bedford, NS B4B 1J6, Canada",Bedford,Nova Scotia,4.8,162,Hair salon,https://www.google.com/maps/search/?api=1&query=Marvis%20Hair%20Studio%20Barbershop%20Bedford&query_place_id=ChIJQw3Bl-iLWUsR5fRMtySELgA
SH Hair Studio,,+1 902-407-4247,,,"159 Basinview Dr, Bedford, NS B4A 3J9, Canada",Bedford,Nova Scotia,5,16,Beauty salon,https://www.google.com/maps/search/?api=1&query=SH%20Hair%20Studio&query_place_id=ChIJ0cunSo2JWUsRUJODsUKYoGo
Pretty Pear Hair Co.,,+1 902-403-0199,http://www.prettypear.ca/,www.prettypear.ca,"1139 Bedford Hwy Unit 1, Bedford, NS B4A 1B9, Canada",Bedford,Nova Scotia,4.8,23,Beauty salon,https://www.google.com/maps/search/?api=1&query=Pretty%20Pear%20Hair%20Co.&query_place_id=ChIJrSS_65SJWUsRiSHUi0bsoGs
Kith&Kin Hairquarium,hi@mystore.com,+1 902-809-5484,https://kith-kin-hairquarium.square.site/?fbclid=PAAabI8SVg4gmZfLnpTdMiIeaaWOpsUdY3fMizWJx7WEP_EL8yYFl6tPjQkVE_aem_AcUhoeY5EuUDk6iq2eOYWy8s4WJ_sOqzzS1qCM5u__C48FKjZ1v94AYNiQ7E5sc0Xk0,kith-kin-hairquarium.square.site,"88 Bedford Hills Rd, Bedford, NS B4A 1J9, Canada",Bedford,Nova Scotia,5,28,Hair salon,https://www.google.com/maps/search/?api=1&query=Kith%26Kin%20Hairquarium&query_place_id=ChIJSf1Mu2uJWUsRqZ88EFSTOp8
T's Eyelash Studio,tseyelashbeauty@gmail.com,+1 902-818-6718,https://www.tseyelash.ca/,www.tseyelash.ca,"Tru Salon Suites, 660 Bedford Hwy Suite 111, Bedford, NS B3M 2L8, Canada",Bedford,Nova Scotia,4.8,57,Eyelash salon,https://www.google.com/maps/search/?api=1&query=T's%20Eyelash%20Studio&query_place_id=ChIJjSAE3RojWksR7J8nqe-Xx2o
Illuminating Beauty Parlour,,+1 782-290-0663,http://www.illuminatingbeautyparlour.com/,www.illuminatingbeautyparlour.com,"29 Esquire Ln, Bedford, NS B4A 0K1, Canada",Bedford,Nova Scotia,4.7,38,Beauty salon,https://www.google.com/maps/search/?api=1&query=Illuminating%20Beauty%20Parlour&query_place_id=ChIJBYncuDMhWksRHOdL7UnKWc0
Cabaret Hair & Esthetics,,+1 902-864-4414,http://www.cabarethair.com/,www.cabarethair.com,"578 Sackville Dr, Sackville, NS B4C 2S4, Canada",Sackville,Nova Scotia,4.8,115,Beauty salon,https://www.google.com/maps/search/?api=1&query=Cabaret%20Hair%20%26%20Esthetics&query_place_id=ChIJH6yCcu6IWUsROGiturJdqLY
Team Orlando Hair Studio,,+1 902-489-1692,http://teamorlandohair.com/,teamorlandohair.com,"95 Cutter Dr, Halifax, NS B3M 4W6, Canada",Halifax,Nova Scotia,5,9,Beauty salon,https://www.google.com/maps/search/?api=1&query=Team%20Orlando%20Hair%20Studio&query_place_id=ChIJOX3VCOqJWUsRc-01vR7EVi0
Luxury Hair Halifax,luxuryhairhalifax@outlook.com,+1 902-580-6969,http://www.luxuryhairhalifax.ca/,www.luxuryhairhalifax.ca,"1658 Bedford Hwy Unit 110, Bedford, NS B4A 2X9, Canada",Bedford,Nova Scotia,4.8,31,Wig shop,https://www.google.com/maps/search/?api=1&query=Luxury%20Hair%20Halifax&query_place_id=ChIJ15TdbYGJWUsRcf47jVT2o-8
Oceans 13 Hair Studio and Spa,,+1 902-444-3300,http://oceans13hairstudio.com/,oceans13hairstudio.com,"1 Kingswood Dr Suite 201, Hammonds Plains, NS B4B 0P4, Canada",Hammonds Plains,Nova Scotia,5,24,Hair salon,https://www.google.com/maps/search/?api=1&query=Oceans%2013%20Hair%20Studio%20and%20Spa&query_place_id=ChIJTyPSFt-LWUsR7n5xU8twGak
Tony's Barbering,tonysbarbering@gmail.com,+1 902-835-7787,https://tonysbarbering.ca/,tonysbarbering.ca,"1129 Bedford Hwy, Bedford, NS B4A 1B9, Canada",Bedford,Nova Scotia,4.8,201,Barber shop,https://www.google.com/maps/search/?api=1&query=Tony's%20Barbering&query_place_id=ChIJSc2_5O2JWUsR9MA1CWOesqU
Nabil's Barber Shop,,+1 902-704-2477,,,"1189 Bedford Hwy, Bedford, NS B4A 1C2, Canada",Bedford,Nova Scotia,4.7,194,Barber shop,https://www.google.com/maps/search/?api=1&query=Nabil's%20Barber%20Shop&query_place_id=ChIJn8MNM-yJWUsRQgP-XyWtWbU
HD Beauty by Val,hdbeautybyval@gmail.com,+1 902-497-7392,http://hdbeautybyval.ca/,hdbeautybyval.ca,"1175 Bedford Hwy, Bedford, NS B4A 1C2, Canada",Bedford,Nova Scotia,4.9,176,Permanent make-up clinic,https://www.google.com/maps/search/?api=1&query=HD%20Beauty%20by%20Val&query_place_id=ChIJkdUP6NYhWksRCplGPn0fvtQ
Barbers Corner Barbershop,user@domain.com,+1 902-835-3441,https://www.barberscorner.ca/,www.barberscorner.ca,"1658 Bedford Hwy #460, Bedford, NS B4A 2B6, Canada",Bedford,Nova Scotia,4.5,165,Barber shop,https://www.google.com/maps/search/?api=1&query=Barbers%20Corner%20Barbershop&query_place_id=ChIJ81A1_lqIWUsR5upewnkubKY
The Hair After Salon and Spa,thehairafterbedford@gmail.com,(603) 627-9872,http://thehairafterbedford.com/,thehairafterbedford.com,"25 S River Rd Unit 303, Bedford, NH 03110",Bedford,Nova Scotia,4.8,52,Beauty salon,https://www.google.com/maps/search/?api=1&query=The%20Hair%20After%20Salon%20and%20Spa&query_place_id=ChIJbWt4bk1J4okRKWYyenhK9As
Ninety Seven Beauty Bar,andreajbowness@gmail.com,,https://ninety-seven-beauty-bar.square.site/?fbclid=PAAaazlrHSUGCJseccJ1Wm0MNlMoUsy86F8fo8hfatwfShkmznWwgYsJcneXk_aem_AcptG56yTVXGR0ihXSAyHIEc8-ifm9dsmUqVVbGm4mMcTcLIEERWH3PJ2Vz6MNyo7U4,ninety-seven-beauty-bar.square.site,"512 Sackville Dr, Lower Sackville, NS B4C 2R8, Canada",Lower Sackville,Nova Scotia,5,14,Beauty salon,https://www.google.com/maps/search/?api=1&query=Ninety%20Seven%20Beauty%20Bar&query_place_id=ChIJf2HawVeJWUsRaHzTNzhv9v8
MVP Modern Barbers - Halifax (Bedford),,+1 902-876-9999,https://mvpmodernbarbers.com/halifax/,mvpmodernbarbers.com,"80 Hogan Ct Unit 7, Bedford, NS B4B 2H1, Canada",Bedford,Nova Scotia,4.8,40,Hair salon,https://www.google.com/maps/search/?api=1&query=MVP%20Modern%20Barbers%20-%20Halifax%20(Bedford)&query_place_id=ChIJMdjMIhqLWUsRcQ5RBcrxN6A
Beeyond Cutz Barbershop,hi@mystore.com,+1 902-835-9767,https://beeyond-cutz-barbershop.square.site/,beeyond-cutz-barbershop.square.site,"16 Esquire Ln, Bedford, NS B4A 0K1, Canada",Bedford,Nova Scotia,4.9,107,Barber shop,https://www.google.com/maps/search/?api=1&query=Beeyond%20Cutz%20Barbershop&query_place_id=ChIJR2qP3RCJWUsRiPBK6VtGumM
Liudmyla Butkova Beauty Lab,hi@mystore.com,+1 782-446-7714,https://liudmyla-butkova-beauty-lab.square.site/,liudmyla-butkova-beauty-lab.square.site,"397 Bedford Hwy, Halifax, NS B3M 2L3, Canada",Halifax,Nova Scotia,5,11,Beauty salon,https://www.google.com/maps/search/?api=1&query=Liudmyla%20Butkova%20Beauty%20Lab&query_place_id=ChIJ8z_Het8hWksRq1j6QowBORo
Lake Savage Hair Salon,lakesavagehairsalon@gmail.com,+1 902-817-3472,http://lakesavagehairsalon.ca/,lakesavagehairsalon.ca,"546 Sackville Dr, Lower Sackville, NS B4C 2S2, Canada",Lower Sackville,Nova Scotia,4.6,21,Beauty salon,https://www.google.com/maps/search/?api=1&query=Lake%20Savage%20Hair%20Salon&query_place_id=ChIJDy1Wz7KdWUsRxhNnyeHXy_Y
Tommy Gun's Original Barbershop,,+1 902-835-2878,https://ca.tommyguns.com/pages/barbershops/bedford-larry-uteck?utm_source=google&utm_medium=organic&utm_campaign=gbp-listing,ca.tommyguns.com,"15 Peakview Way #320, Bedford, NS B3M 0G2, Canada",Bedford,Nova Scotia,4.5,712,Hair salon,https://www.google.com/maps/search/?api=1&query=Tommy%20Gun's%20Original%20Barbershop&query_place_id=ChIJd_KSIBKKWUsRNZPjX4wBwFk
Dynamic Duo Hairstyling,,+1 902-865-8657,,,"546 Sackville Dr #500, Lower Sackville, NS B4C 2S2, Canada",Lower Sackville,Nova Scotia,4.3,32,Beauty salon,https://www.google.com/maps/search/?api=1&query=Dynamic%20Duo%20Hairstyling&query_place_id=ChIJqXZMCe-IWUsRVORqTRyEWIg
Sally Beauty,,+1 902-832-3023,https://stores.sallybeauty.ca/ns/bedford/beauty-supply-bedford-ns-5557.html?utm_source=GMBlisting&utm_medium=organic,stores.sallybeauty.ca,"59 Damascus Rd Unit#10, Bedford, NS B4A 0C2, Canada",Bedford,Nova Scotia,4,27,Beauty supply store,https://www.google.com/maps/search/?api=1&query=Sally%20Beauty&query_place_id=ChIJB6bOxDmIWUsR_NCo3EKZwa8
The Bedford Barber,,,http://the-bedford-barber.square.site/,the-bedford-barber.square.site,"72 Gary Martin Dr, Bedford, NS B4B 0P7, Canada",Bedford,Nova Scotia,5,21,Barber shop,https://www.google.com/maps/search/?api=1&query=The%20Bedford%20Barber&query_place_id=ChIJzeGgpeqJWUsRzHdOZrGzk5U
Bedford Electrolysis,info@bedfordelectrolysis.com,+1 902-835-5386,http://bedfordelectrolysis.com/,bedfordelectrolysis.com,"12 Ella Ln Unit 201, Bedford, NS B4B 2M8, Canada",Bedford,Nova Scotia,4.6,20,Electrolysis hair removal service,https://www.google.com/maps/search/?api=1&query=Bedford%20Electrolysis&query_place_id=ChIJN56ED-qJWUsRj0BKUy4RYiw
Beautiful,,+1 902-835-7766,http://www.beautifulbedford.ca/,www.beautifulbedford.ca,"30 Damascus Rd Suite 111, Bedford, NS B4A 2C0, Canada",Bedford,Nova Scotia,4.1,186,Dress store,https://www.google.com/maps/search/?api=1&query=Beautiful&query_place_id=ChIJ9-9UaPiJWUsRMPQQwZzxGDg
Nouveau Blue Hair Studio,nbluehairstudio@gmail.com,+1 902-869-5455,http://www.nouveaubluehairstudio.com/,www.nouveaubluehairstudio.com,"579 Sackville Dr Unit B, Lower Sackville, NS B4C 2S4, Canada",Lower Sackville,Nova Scotia,4.9,15,Hair salon,https://www.google.com/maps/search/?api=1&query=Nouveau%20Blue%20Hair%20Studio&query_place_id=ChIJU6SutiWJWUsR0ahv-fFobaE
Rooted Salon by Rachel Smith,,+1 902-225-2280,,,"660 Bedford Hwy Suite 119, Halifax, NS B3M 0M5, Canada",Halifax,Nova Scotia,5,5,Hair salon,https://www.google.com/maps/search/?api=1&query=Rooted%20Salon%20by%20Rachel%20Smith&query_place_id=ChIJTxSMxBAhWksRxvdFE_XhCnM
Shaydz Beauty Salon,,+1 902-402-5887,,,"30 Bancroft Ln, Dartmouth, NS B3B 1B7, Canada",Dartmouth,Nova Scotia,4.3,30,Beauty salon,https://www.google.com/maps/search/?api=1&query=Shaydz%20Beauty%20Salon&query_place_id=ChIJS3uxHw4jWksRGbp0-YO15z4
Jenny's Barbering,,+1 902-223-6612,,,"1460 Bedford Hwy, Bedford, NS B4A 3Z5, Canada",Bedford,Nova Scotia,4.7,15,Barber shop,https://www.google.com/maps/search/?api=1&query=Jenny's%20Barbering&query_place_id=ChIJ1SzwZakhWksR8ORHGzdxVYs
HQ Hair Transplant Clinic Halifax,info@hqhairtransplant.ca,+1 902-223-3030,https://hqhairtransplant.ca/,hqhairtransplant.ca,"1480 Bedford Hwy, Bedford, NS B4A 3Z5, Canada",Bedford,Nova Scotia,4.3,13,Hair transplantation clinic,https://www.google.com/maps/search/?api=1&query=HQ%20Hair%20Transplant%20Clinic%20Halifax&query_place_id=ChIJWVXH4sOJWUsRFxjBPrSwjss
AD Cuts,info.adcuts@gmail.com,+1 416-427-4257,http://adcuts.ca/,adcuts.ca,"219 Waverley Rd, Dartmouth, NS B2X 2C3, Canada",Dartmouth,Nova Scotia,4.9,59,Barber shop,https://www.google.com/maps/search/?api=1&query=AD%20Cuts&query_place_id=ChIJo73iJQAnWksR-yT23KZcRpg
The Night Barber Dartmouth,infothenightbarber@gmail.com,+1 902-403-2119,https://thenightbarberdartmouth.simplybook.me/v2/,thenightbarberdartmouth.simplybook.me,"342 B Windmill Rd, Dartmouth, NS B3A 1J1, Canada",Dartmouth,Nova Scotia,4.9,79,Barber shop,https://www.google.com/maps/search/?api=1&query=The%20Night%20Barber%20Dartmouth&query_place_id=ChIJjbchZAAhWksR_l5vwfpOOHY
Grumpy’s Barbering,,+1 902-323-0667,https://book.squareup.com/appointments/fhwg6nma8v64d0/location/L6RZQXXPQV965/services,book.squareup.com,"100 Main St Suite 2010, Dartmouth, NS B2X 1R5, Canada",Dartmouth,Nova Scotia,5,18,Barber shop,https://www.google.com/maps/search/?api=1&query=Grumpy%E2%80%99s%20Barbering&query_place_id=ChIJVcC77XolWksRIENkKwepry8
Silmars Barbershop,,+1 782-640-8971,http://silmarsbarbershop.com/,silmarsbarbershop.com,"141 Main St, Dartmouth, NS B2X 1R6, Canada",Dartmouth,Nova Scotia,5,223,Hair salon,https://www.google.com/maps/search/?api=1&query=Silmars%20Barbershop&query_place_id=ChIJEwYce6slWksRj-rjDZMz8a0
Barber Anna,,+1 902-943-1744,,,"117 Main St, Dartmouth, NS B2X 1R6, Canada",Dartmouth,Nova Scotia,5,149,Barber shop,https://www.google.com/maps/search/?api=1&query=Barber%20Anna&query_place_id=ChIJy2nFnaMlWksRZRrRWJ6L4eI
Highland Dental Centre,,+1 902-752-0224,https://www.highlanddentalcentre.com/site/home?utm_source=G&utm_medium=LPM&utm_campaign=DentalCorp,www.highlanddentalcentre.com,"689 Westville Rd, New Glasgow, NS B2H 2J6, Canada",New Glasgow,Nova Scotia,4.9,446,Dentist,https://www.google.com/maps/search/?api=1&query=Highland%20Dental%20Centre&query_place_id=ChIJd58wPR0cXEsR0Guzl4JEOFs
Alliance Dental New Glasgow,infong@alliancedental.ca,+1 902-752-7406,https://www.alliancedentalnewglasgow.ca/?utm_source=https://www.alliancedentalnewglasgow.ca/services&utm_medium=organic&utm_campaign=gmb-listing,www.alliancedentalnewglasgow.ca,"770 E River Rd, New Glasgow, NS B2H 3S1, Canada",New Glasgow,Nova Scotia,4.9,103,Dentist,https://www.google.com/maps/search/?api=1&query=Alliance%20Dental%20New%20Glasgow&query_place_id=ChIJJZ6KHP0bXEsRePICoiZbd6Y
River Hill Dental,info@riverhilldentalns.com,+1 902-755-4455,https://riverhilldentalns.com/,riverhilldentalns.com,"64 Stellarton Rd, New Glasgow, NS B2H 1L8, Canada",New Glasgow,Nova Scotia,4.9,56,Dental clinic,https://www.google.com/maps/search/?api=1&query=River%20Hill%20Dental&query_place_id=ChIJN_kr1fIfXEsRR3XvoVcDMac
Mountain Rd Dental Group,,+1 902-752-1021,,,"34 Mountain, New Glasgow, NS B2H 3W3, Canada",New Glasgow,Nova Scotia,4.2,10,Dentist,https://www.google.com/maps/search/?api=1&query=Mountain%20Rd%20Dental%20Group&query_place_id=ChIJzzcgbbMeXEsRB7CymqMo600
Eagles Family Dentistry,admin@eaglesfamilydentistry.com,+1 902-752-3540,http://www.eaglesfamilydentistry.ca/,www.eaglesfamilydentistry.ca,"224 Almont Ave, New Glasgow, NS B2H 3G9, Canada",New Glasgow,Nova Scotia,4.8,17,Dentist,https://www.google.com/maps/search/?api=1&query=Eagles%20Family%20Dentistry&query_place_id=ChIJM9_8ErUeXEsRB5svtwl0A8w
Noftall Family Dentistry,,+1 902-752-0044,https://noftalls.ca/,noftalls.ca,"54 Abercrombie Rd, New Glasgow, NS B2H 1K2, Canada",New Glasgow,Nova Scotia,4.1,10,Dentist,https://www.google.com/maps/search/?api=1&query=Noftall%20Family%20Dentistry&query_place_id=ChIJ_S8M4bAeXEsR9_xAuHYbKkI
Defined Smiles Dental Hygiene Clinic,info@definedsmiles.ca,+1 902-921-1156,https://www.definedsmiles.ca/,www.definedsmiles.ca,"145 N Foord St, Stellarton, NS B0K 1S0, Canada",Stellarton,Nova Scotia,5,10,Dental clinic,https://www.google.com/maps/search/?api=1&query=Defined%20Smiles%20Dental%20Hygiene%20Clinic&query_place_id=ChIJE2L6iYEbXEsRc1l5gTALGi8
Glasgow Oral and Maxillofacial Surgery,,+1 902-695-5680,,,"17 N Novie Dr, New Glasgow, NS B2H 5C5, Canada",New Glasgow,Nova Scotia,3.8,26,Oral and maxillofacial surgeon,https://www.google.com/maps/search/?api=1&query=Glasgow%20Oral%20and%20Maxillofacial%20Surgery&query_place_id=ChIJyYq5Wf8bXEsRf1Fx0n1OK9c
Richardson Orthodontics,smile@drgracesbraces.com,+1 902-755-6900,http://www.drgracesbraces.com/,www.drgracesbraces.com,"10 Jubilee Ave, Stellarton, NS B0K 1S0, Canada",Stellarton,Nova Scotia,4.8,78,Dentist,https://www.google.com/maps/search/?api=1&query=Richardson%20Orthodontics&query_place_id=ChIJ1UGfrowbXEsRWE60u6If8GU
Highland Square Mall,highlandsquaremall@crombie.ca,+1 902-752-1722,http://www.highlandsquare.ca/,www.highlandsquare.ca,"689 Westville Rd, New Glasgow, NS B2H 2J6, Canada",New Glasgow,Nova Scotia,3.9,1203,Shopping mall,https://www.google.com/maps/search/?api=1&query=Highland%20Square%20Mall&query_place_id=ChIJd58wPR0cXEsRpPJNkwUwnBU
Cowan Street Dental Clinic,,+1 902-396-4111,,,"2228 Cowan St, Westville, NS B0K 2A0, Canada",Westville,Nova Scotia,4.4,20,Dentist,https://www.google.com/maps/search/?api=1&query=Cowan%20Street%20Dental%20Clinic&query_place_id=ChIJa-oiLU4cXEsRKiGB7iNMpYU
Downtown Dental,,+1 902-539-3072,,,"500 George St Suite 225, Sydney, NS B1P 1J5, Canada",Sydney,Nova Scotia,4.5,37,Dental clinic,https://www.google.com/maps/search/?api=1&query=Downtown%20Dental&query_place_id=ChIJFV6tKx1lqkER_RQr4BWvQ1U
Mayflower Dental,,+1 902-562-8600,https://www.mayflowersydney.com/site/home?utm_source=G&utm_medium=LPM&utm_campaign=DentalCorp,www.mayflowersydney.com,"800 Grand Lake Rd, Sydney, NS B1P 6S9, Canada",Sydney,Nova Scotia,4.9,1487,Dentist,https://www.google.com/maps/search/?api=1&query=Mayflower%20Dental&query_place_id=ChIJM08Z1IpkqkERXXBCMCzgBHY
Sydney Family Dental Centre,sydneyfamilydental@bellaliant.com,+1 902-539-6577,http://www.sydneyfamilydental.ca/,www.sydneyfamilydental.ca,"627 George St, Sydney, NS B1P 1L1, Canada",Sydney,Nova Scotia,4.5,17,Dental clinic,https://www.google.com/maps/search/?api=1&query=Sydney%20Family%20Dental%20Centre&query_place_id=ChIJIR5vkjn7Z0sR-1aCmSJiF1k
Burns Dentistry,info@burnsdentistry.ca,+1 902-270-6444,http://burnsdentistry.ca/,burnsdentistry.ca,"264 Prince St, Sydney, NS B1P 5K6, Canada",Sydney,Nova Scotia,4.9,384,Dentist,https://www.google.com/maps/search/?api=1&query=Burns%20Dentistry&query_place_id=ChIJA9LBZzH7Z0sRLAAZ-mkWoVY
Alexandra Street Dental,,+1 902-562-6116,https://www.alexandrastreetdental.ca/site/home?utm_source=G&utm_medium=LPM&utm_campaign=DentalCorp,www.alexandrastreetdental.ca,"800 Alexandra St, Sydney, NS B1S 2H8, Canada",Sydney,Nova Scotia,4.9,273,Dentist,https://www.google.com/maps/search/?api=1&query=Alexandra%20Street%20Dental&query_place_id=ChIJcZMynp37Z0sRx0NL0mk_awk
Riverside Dental,,+1 902-562-9858,https://www.mayflowerriverside.com/site/home?utm_source=G&utm_medium=LPM&utm_campaign=DentalCorp,www.mayflowerriverside.com,"1290 Kings Rd, Sydney River, NS B1S 1E2, Canada",Sydney River,Nova Scotia,4.9,652,Dentist,https://www.google.com/maps/search/?api=1&query=Riverside%20Dental&query_place_id=ChIJEY4kaKT7Z0sR7wUmj_MThAM
Westmount Dental Clinic,,+1 902-539-0550,https://westmountdentalcb.com/,westmountdentalcb.com,"707 Westmount Rd, Sydney, NS B1R 1B5, Canada",Sydney,Nova Scotia,4.4,78,Dentist,https://www.google.com/maps/search/?api=1&query=Westmount%20Dental%20Clinic&query_place_id=ChIJw8vl1yf7Z0sRnwSaPy2eHm0
Sydney Mines Dental,,+1 902-544-0194,,,"18 Clyde Ave, Sydney Mines, NS B1V 2E4, Canada",Sydney Mines,Nova Scotia,4.6,9,Dental clinic,https://www.google.com/maps/search/?api=1&query=Sydney%20Mines%20Dental&query_place_id=ChIJlYGOzNToZ0sRv8pb4nboiEA
Northside Dental,,+1 902-736-2738,https://www.mayflowernorthside.com/site/home?utm_source=G&utm_medium=LPM&utm_campaign=DentalCorp,www.mayflowernorthside.com,"19 Butt St, Sydney Mines, NS B1V 1N2, Canada",Sydney Mines,Nova Scotia,5,315,Dentist,https://www.google.com/maps/search/?api=1&query=Northside%20Dental&query_place_id=ChIJ3Yg5SdXoZ0sRksoqYoWaNQc
Harbourside Dental,,+1 902-794-2515,https://www.mayflowerharbourside.com/site/home?utm_source=G&utm_medium=LPM&utm_campaign=DentalCorp,www.mayflowerharbourside.com,"174 Commercial St, North Sydney, NS B2A 1B4, Canada",North Sydney,Nova Scotia,4.9,259,Dentist,https://www.google.com/maps/search/?api=1&query=Harbourside%20Dental&query_place_id=ChIJs8uM1Q7vZ0sR8Z5rcXV8hto
Countryside Dental Practice,,+1 902-567-2347,,,"2093 Kings Rd, Sydney River, NS B1L 1C4, Canada",Sydney River,Nova Scotia,3.7,6,Dentist,https://www.google.com/maps/search/?api=1&query=Countryside%20Dental%20Practice&query_place_id=ChIJNT6BRX35Z0sRyEYeMOyw_O0
Dr. Rob Joseph Dentistry,,+1 902-539-0099,http://www.robjosephdentist.com/,www.robjosephdentist.com,"45 Weatherbee Rd #410, Sydney, NS B1M 0A1, Canada",Sydney,Nova Scotia,3,8,Dental clinic,https://www.google.com/maps/search/?api=1&query=Dr.%20Rob%20Joseph%20Dentistry&query_place_id=ChIJeyfyS2L7Z0sRIZ6a5wpnsXo
Sydney Denture Clinic,,+1 902-564-9111,,,"199 Esplanade, Sydney, NS B1P 1A6, Canada",Sydney,Nova Scotia,4.6,10,Denture care center,https://www.google.com/maps/search/?api=1&query=Sydney%20Denture%20Clinic&query_place_id=ChIJ-xZwRC77Z0sRcnPICy83jYY
Dr. Paula Allen & Dr. Steven Saxon,info@mysite.com,+1 902-562-5775,https://www.paulaallendentistry.com/,www.paulaallendentistry.com,"45 Weatherbee Rd #401, Mira Road, NS B1M 0A1, Canada",Mira Road,Nova Scotia,4.6,20,Dentist,https://www.google.com/maps/search/?api=1&query=Dr.%20Paula%20Allen%20%26%20Dr.%20Steven%20Saxon&query_place_id=ChIJkXKuuBX7Z0sRAMT2P1_-848
docbraces Sydney,info@docbraces.com,+1 902-564-6799,https://docbraces.com/clinics/sydney,docbraces.com,"628 Kings Rd, Sydney, NS B1S 1B9, Canada",Sydney,Nova Scotia,4.9,130,Orthodontist,https://www.google.com/maps/search/?api=1&query=docbraces%20Sydney&query_place_id=ChIJ-Z8vMBL7Z0sRg5QEKCLppoI
Dr Kevin Burns,user@domain.com,+1 902-270-6444,https://www.burnsdentistry.ca/,www.burnsdentistry.ca,"264 Prince St, Sydney, NS B1P 5K6, Canada",Sydney,Nova Scotia,4.2,5,Dentist,https://www.google.com/maps/search/?api=1&query=Dr%20Kevin%20Burns&query_place_id=ChIJQdZNjWr7Z0sR4bnVNN5aYvs
Victoria Court Dental,,+1 902-893-9686,https://www.victoriacourtdental.com/,www.victoriacourtdental.com,"510 Prince St, Truro, NS B2N 1G1, Canada",Truro,Nova Scotia,4.8,1245,Dentist,https://www.google.com/maps/search/?api=1&query=Victoria%20Court%20Dental&query_place_id=ChIJ2WKtmshPWUsRQnQZnqvz5mU
Landmark Dental Care,reception@landmarkdentalcare.ca,+1 902-893-2919,https://landmarkdentalcare.ca/,landmarkdentalcare.ca,"125 Queen St, Truro, NS B2N 2B4, Canada",Truro,Nova Scotia,5,147,Dentist,https://www.google.com/maps/search/?api=1&query=Landmark%20Dental%20Care&query_place_id=ChIJF4qT6M5PWUsRqAlEqzRc90A
Alliance Dental Truro,infotr@alliancedental.ca,+1 902-895-2345,https://www.alliancedentaltruro.ca/?utm_source=https://www.alliancedentaltruro.ca/services&utm_medium=organic&utm_campaign=gmb-listing,www.alliancedentaltruro.ca,"68 Robie St, Truro, NS B2N 1L2, Canada",Truro,Nova Scotia,4.9,143,Dental clinic,https://www.google.com/maps/search/?api=1&query=Alliance%20Dental%20Truro&query_place_id=ChIJtYNrmKZPWUsRZEaYNb0L6Ws
Dominion Family Dentistry,dominiondental@eastlink.ca,+1 902-895-6307,https://www.dominiondentistry.com/,www.dominiondentistry.com,"96 Dominion St, Truro, NS B2N 3P3, Canada",Truro,Nova Scotia,4.9,269,Dentist,https://www.google.com/maps/search/?api=1&query=Dominion%20Family%20Dentistry&query_place_id=ChIJ_fO-xGckVUARTmD2YK_kC3k
Bible Hill Family Dentistry,bhfdadmin@arbourdentalgroup.ca,+1 902-895-6300,http://bhfamilydentistry.ca/,bhfamilydentistry.ca,"241 Pictou Rd, Truro, NS B2N 6L6, Canada",Truro,Nova Scotia,4.6,97,Dentist,https://www.google.com/maps/search/?api=1&query=Bible%20Hill%20Family%20Dentistry&query_place_id=ChIJD_RJsiBOWUsRoLMABpznrsc
East Coast Dental Centre,info@eastcoastsmile.com,(877) 312-3229,http://www.eastcoastsmile.com/,www.eastcoastsmile.com,"332 Willow St, Truro, NS B2N 5A5, Canada",Truro,Nova Scotia,3.9,34,Dentist,https://www.google.com/maps/search/?api=1&query=East%20Coast%20Dental%20Centre&query_place_id=ChIJw2HOb-lPWUsRpyCGB7E4pe0
Colchester Dental,,+1 902-895-6282,,,"245 Robie St, Truro, NS B2N 5N6, Canada",Truro,Nova Scotia,3.8,23,Dental clinic,https://www.google.com/maps/search/?api=1&query=Colchester%20Dental&query_place_id=ChIJ5XsD_a9PWUsRt-kU0Xf2HdM
Truro Dental Specialists,reception@trurods.com,+1 902-843-3330,https://www.trurodentalspecialists.com/,www.trurodentalspecialists.com,"510 Prince St, Truro, NS B2N 1G1, Canada",Truro,Nova Scotia,3.7,6,Oral and maxillofacial surgeon,https://www.google.com/maps/search/?api=1&query=Truro%20Dental%20Specialists&query_place_id=ChIJc97fkchPWUsRCQgp7jFLn9w
Truro Periodontist,truroperio@bellaliant.net,+1 902-893-4840,http://www.truroperio.com/,www.truroperio.com,"56 Pleasant St, Truro, NS B2N 1Y3, Canada",Truro,Nova Scotia,4,5,Dentist,https://www.google.com/maps/search/?api=1&query=Truro%20Periodontist&query_place_id=ChIJ9WP3m8VPWUsRcMae0XbLWaw
Elegance Dental Centre,info@elegancedental.ca,+1 902-453-9999,https://www.elegancedental.ca/,www.elegancedental.ca,"138 Bedford Hwy, Halifax, NS B3M 0A3, Canada",Halifax,Nova Scotia,4.4,37,Dentist,https://www.google.com/maps/search/?api=1&query=Elegance%20Dental%20Centre&query_place_id=ChIJ2yaHY_wgWksRBW43Nz3I4Rw
Bedford Periodontics,info@bedfordperiodontics.ca,+1 902-835-9823,http://www.bedfordperiodontics.ca/,www.bedfordperiodontics.ca,"1595 Bedford Hwy Suite 504, Bedford, NS B4A 3Y3, Canada",Bedford,Nova Scotia,4.4,26,Periodontist,https://www.google.com/maps/search/?api=1&query=Bedford%20Periodontics&query_place_id=ChIJpx8A-SiJWUsRFgdIXDOnGzo
Bedford Orthodontics,,+1 902-835-6531,https://www.bedfordortho.com/?utm_source=1020&utm_medium=organic&utm_campaign=website_click,www.bedfordortho.com,"1595 Bedford Hwy #206, Bedford, NS B4A 3Y4, Canada",Bedford,Nova Scotia,4.5,231,Orthodontist,https://www.google.com/maps/search/?api=1&query=Bedford%20Orthodontics&query_place_id=ChIJ763nrcWJWUsRgiZWdDeXi68
Vivid Dental Hygiene Studio,info@vividdhs.ca,+1 902-200-8747,https://vividdhs.ca/,vividdhs.ca,"12 Ella Ln Suite 212, Bedford, NS B4B 2M8, Canada",Bedford,Nova Scotia,5,35,Dental hygienist,https://www.google.com/maps/search/?api=1&query=Vivid%20Dental%20Hygiene%20Studio&query_place_id=ChIJc--BTyCLWUsR8359o43CgzY
Saunders Stacie Dr,,+1 902-404-3863,,,"36 Brookshire Ct, Bedford, NS B4A 4E9, Canada",Bedford,Nova Scotia,3.2,11,Dentist,https://www.google.com/maps/search/?api=1&query=Saunders%20Stacie%20Dr&query_place_id=ChIJu4pMiY6JWUsR3ObTUmNl7No
Sackville Dental Centre,contact@sackvilledental.ca,+1 902-865-6336,https://www.sackvilledental.ca/,www.sackvilledental.ca,"453 Sackville Dr, Lower Sackville, NS B4C 2S1, Canada",Lower Sackville,Nova Scotia,4.9,303,Dental clinic,https://www.google.com/maps/search/?api=1&query=Sackville%20Dental%20Centre&query_place_id=ChIJAZ8p0ZA3VEARzr-w3UQbCLA
Nova Dental Associates Inc,aemary@novadental.ca,+1 902-864-4658,http://www.novadental.ca/,www.novadental.ca,"447 Sackville Dr, Lower Sackville, NS B4C 2S1, Canada",Lower Sackville,Nova Scotia,4.7,218,Dental clinic,https://www.google.com/maps/search/?api=1&query=Nova%20Dental%20Associates%20Inc&query_place_id=ChIJ9fuBfuSIWUsRwjIyK7DxDyA
The Brace Space @ Bedford,info@thebracespacebedford.com,+1 902-455-7222,https://www.thebracespace.com/,www.thebracespace.com,"620 Nine Mile Dr Suite 201, Bedford, NS B4A 0H4, Canada",Bedford,Nova Scotia,4.9,71,Orthodontist,https://www.google.com/maps/search/?api=1&query=The%20Brace%20Space%20%40%20Bedford&query_place_id=ChIJ_xqqrhGKWUsR3oO260q275U
Rockingham Ridge Dental Centre,info@rockinghamridgedental.com,+1 902-443-0451,http://www.rockinghamridgedental.com/,www.rockinghamridgedental.com,"30 Farnham Gate Rd, Halifax, NS B3M 3W8, Canada",Halifax,Nova Scotia,4.8,110,Dental clinic,https://www.google.com/maps/search/?api=1&query=Rockingham%20Ridge%20Dental%20Centre&query_place_id=ChIJZfltOYsgWksRrG6G2Hht7hI
Community Dental Center,info@communitydental.ca,+1 902-865-7260,http://www.communitydental.ca/,www.communitydental.ca,"752 Sackville Dr, Lower Sackville, NS B4E 1R7, Canada",Lower Sackville,Nova Scotia,4.7,148,Dentist,https://www.google.com/maps/search/?api=1&query=Community%20Dental%20Center&query_place_id=ChIJgybuo8GIWUsR-23ZkvypWuI
Daybreak Orthodontics,info@daybreakortho.ca,+1 902-877-0189,http://daybreakortho.ca/,daybreakortho.ca,"226 Broad St Suite #204, Bedford, NS B4B 1J6, Canada",Bedford,Nova Scotia,4.9,62,Orthodontist,https://www.google.com/maps/search/?api=1&query=Daybreak%20Orthodontics&query_place_id=ChIJp0PrSemLWUsRwvg5Zv6z4Kc
Sackville Smile Centre,,+1 902-865-8121,https://www.sackvillesmilecentre.ca/?utm_source=google&utm_medium=local&utm_campaign=gbp,www.sackvillesmilecentre.ca,"190 Cobequid Rd, Lower Sackville, NS B4C 2N4, Canada",Lower Sackville,Nova Scotia,5,66,Dentist,https://www.google.com/maps/search/?api=1&query=Sackville%20Smile%20Centre&query_place_id=ChIJVRVtMFeIWUsReH4cLbs-lfc
Dental Magic Hygiene Studio,dianna@dmhygiene.ca,+1 902-252-4888,http://www.dmhygiene.ca/,www.dmhygiene.ca,"1622 Sackville Dr, Middle Sackville, NS B4E 3A8, Canada",Middle Sackville,Nova Scotia,5,33,Dental clinic,https://www.google.com/maps/search/?api=1&query=Dental%20Magic%20Hygiene%20Studio&query_place_id=ChIJpS1UzOuIWUsRd5xaktfX8FA
Bedford House Family Practice,,+1 902-835-3361,,,"1595 Bedford Hwy, Bedford, NS B4A 3Y4, Canada",Bedford,Nova Scotia,3.6,5,Family practice physician,https://www.google.com/maps/search/?api=1&query=Bedford%20House%20Family%20Practice&query_place_id=ChIJlUr1VcSJWUsRfviMOpMYUi0
Radiance Dental Hygiene & Teeth Whitening,user@domain.com,+1 902-471-5886,https://www.radiancedh.com/,www.radiancedh.com,"Suite 316B, 397 Bedford Hwy, Halifax, NS B3M 2L8, Canada",Halifax,Nova Scotia,5,10,Dental hygienist,https://www.google.com/maps/search/?api=1&query=Radiance%20Dental%20Hygiene%20%26%20Teeth%20Whitening&query_place_id=ChIJD0JDUeIhWksRgX9_lYbGAUA
Glo Orthodontics West Bedford,,+1 902-576-3070,https://gloorthodontics.ca/,gloorthodontics.ca,"37 Ella Ln Unit 100, Bedford, NS B4B 2J6, Canada",Bedford,Nova Scotia,5,28,Orthodontist,https://www.google.com/maps/search/?api=1&query=Glo%20Orthodontics%20West%20Bedford&query_place_id=ChIJ_4QqoG6LWUsRFU_frwfTYqs
Kingswood Dentistry,,+1 902-832-7888,http://www.kingswooddental.ca/,www.kingswooddental.ca,"3 Kingswood Dr #104, Hammonds Plains, NS B4B 0P3, Canada",Hammonds Plains,Nova Scotia,4.5,65,Dental clinic,https://www.google.com/maps/search/?api=1&query=Kingswood%20Dentistry&query_place_id=ChIJqYpTNt6LWUsR9yQzVttiLQ0
Timberlea Dental Centre,info@timberleadental.ca,+1 902-876-1210,http://www.timberleadental.ca/,www.timberleadental.ca,"1817 St Margarets Bay Rd, Timberlea, NS B3T 1B8, Canada",Timberlea,Nova Scotia,4.3,40,Dental clinic,https://www.google.com/maps/search/?api=1&query=Timberlea%20Dental%20Centre&query_place_id=ChIJAVEsiwMgWksRJZIdGe9JLeE
All Smiles Dental Hygiene Clinic,,+1 902-835-6632,http://www.allsmilesclinic.ca/,www.allsmilesclinic.ca,"2069 Hammonds Plains Rd, Hammonds Plains, NS B4B 1P3, Canada",Hammonds Plains,Nova Scotia,5,15,Dental clinic,https://www.google.com/maps/search/?api=1&query=All%20Smiles%20Dental%20Hygiene%20Clinic&query_place_id=ChIJ4fUInu4gWksR2JfZQuK9-ho
Chain Lake Dental Center,info@chainlakedental.com,+1 902-450-2273,http://chainlakedental.com/,chainlakedental.com,"201 Chain Lake Dr, Halifax, NS B3S 1C8, Canada",Halifax,Nova Scotia,4.9,132,Dentist,https://www.google.com/maps/search/?api=1&query=Chain%20Lake%20Dental%20Center&query_place_id=ChIJR6gkUywgWksRJ7iDcxfkfhI
Bedford Dental Care,,(914) 292-3250,https://www.bedford-smiles.com/,www.bedford-smiles.com,"64 Griffin Ave, Bedford Hills, NY 10507",Bedford Hills,Nova Scotia,5,157,Dentist,https://www.google.com/maps/search/?api=1&query=Bedford%20Dental%20Care&query_place_id=ChIJ53Emcn2wwokR1m4FIIHW_iM
Mainland Denture Clinic,,+1 902-843-4187,,,"187 Queen St, Truro, NS B2N 2B5, Canada",Truro,Nova Scotia,4.5,6,Denture care center,https://www.google.com/maps/search/?api=1&query=Mainland%20Denture%20Clinic&query_place_id=ChIJnZzLP85PWUsRiFyjZ3bpYsg
Fundy Dental Emergency Clinic,info@fundydental.com,+1 902-681-9111,http://www.fundydental.com/,www.fundydental.com,"7322 Nova Scotia Trunk 1, Coldbrook, NS B4R 1B9, Canada",Coldbrook,Nova Scotia,4.2,86,Dental clinic,https://www.google.com/maps/search/?api=1&query=Fundy%20Dental%20Emergency%20Clinic&query_place_id=ChIJJ3hi5aNQWEsR32e780vmQXc
Endodontic Associates,,+1 902-896-0390,,,"640 Prince St, Truro, NS B2N 1G4, Canada",Truro,Nova Scotia,4.2,5,Dentist,https://www.google.com/maps/search/?api=1&query=Endodontic%20Associates&query_place_id=ChIJC5bvOc9PWUsR9n6wxL_tzUw
Fundy Trail Centre,chris.branton@crombie.ca,+1 902-893-8798,https://www.crombie.ca/property/fundy-trail-mall/,www.crombie.ca,"68 Robie St, Truro, NS B2N 1L2, Canada",Truro,Nova Scotia,3.9,126,Dentist,https://www.google.com/maps/search/?api=1&query=Fundy%20Trail%20Centre&query_place_id=ChIJhwrFBaRPWUsRCHFj_bIGz8M
GLO Braces Truro,light-bracket-orthodontic-clinic-moncton-dieppe@1x.png,+1 902-920-4428,https://www.globraces.com/,www.globraces.com,"245 Robie St Unit 108, Truro, NS B2N 5N6, Canada",Truro,Nova Scotia,4.6,19,Orthodontist,https://www.google.com/maps/search/?api=1&query=GLO%20Braces%20Truro&query_place_id=ChIJrRHogo5PWUsRfyyKKhBCSE0
The Hub Shopping Centre,amaceachern@pm-co.ca,+1 902-702-0973,http://www.trurohub.ca/,www.trurohub.ca,"245 Robie St Unit FH6, Truro, NS B2N 5N6, Canada",Truro,Nova Scotia,4,1533,Shopping mall,https://www.google.com/maps/search/?api=1&query=The%20Hub%20Shopping%20Centre&query_place_id=ChIJs3D9_K9PWUsRkT_nhFNAjyw
Elmsdale Dental Clinic,,+1 902-883-7624,https://www.elmsdaledental.com/,www.elmsdaledental.com,"269 NS-214, Elmsdale, NS B2S 1K1, Canada",Elmsdale,Nova Scotia,4.6,9,Dentist,https://www.google.com/maps/search/?api=1&query=Elmsdale%20Dental%20Clinic&query_place_id=ChIJ83uQWrB-WUsR1DyqwlOccGk
Sobeys Truro,rx0594@sobeys.com,+1 902-893-9388,https://www.sobeys.com/stores/sobeys-robie-st/?f=789&utm_source=G&utm_medium=lpm&utm_campaign=Sobeys,www.sobeys.com,"68 Robie St, Truro, NS B2N 1L2, Canada",Truro,Nova Scotia,4.3,498,Supermarket,https://www.google.com/maps/search/?api=1&query=Sobeys%20Truro&query_place_id=ChIJtYNrmKZPWUsRSe_NYrBi2UI
St Margarets Bay Dental,reception@smbd.ca,+1 902-826-2151,https://smbd.ca/,smbd.ca,"5110 St Margarets Bay Rd, Upper Tantallon, NS B3Z 1E2, Canada",Upper Tantallon,Nova Scotia,4.9,148,Dental clinic,https://www.google.com/maps/search/?api=1&query=St%20Margarets%20Bay%20Dental&query_place_id=ChIJo7KpsJI6VEARTDWfJgBG2Nk
Riverbreeze Farm & Cornmaze!,,,http://www.riverbreeze.info/,www.riverbreeze.info,"699 Onslow Rd, Upper Onslow, NS B6L 5L5, Canada",Upper Onslow,Nova Scotia,4.4,266,Farm,https://www.google.com/maps/search/?api=1&query=Riverbreeze%20Farm%20%26%20Cornmaze!&query_place_id=ChIJM6WMw15OWUsRyjRAAGOnl6g
Armview Dentistry,info@armviewdentistry.ca,+1 902-454-6143,https://www.armviewdentistry.ca/?utm_source=google&utm_medium=organic&utm_campaign=gmb-listing,www.armviewdentistry.ca,"2625 Joseph Howe Dr., Halifax, NS B3L 4G4, Canada",Halifax,Nova Scotia,4.9,119,Dentist,https://www.google.com/maps/search/?api=1&query=Armview%20Dentistry&query_place_id=ChIJT5KT55MhWksRU1B_zcIiLSk
Laurie Springhill Denture Clinic,,+1 902-597-3076,,,"16 Mechanic St, Springhill, NS B0M 1X0, Canada",Springhill,Nova Scotia,5,13,Dentist,https://www.google.com/maps/search/?api=1&query=Laurie%20Springhill%20Denture%20Clinic&query_place_id=ChIJRZNzHwbNWEsRyBUcdgXaJ8w
Dalhousie University,,+1 902-494-2101,,,"5981 University Ave, Halifax, NS B3H 1W2, Canada",Halifax,Nova Scotia,3.5,25,Dentist,https://www.google.com/maps/search/?api=1&query=Dalhousie%20University&query_place_id=ChIJBTpenToiWksRuVKeZdR1Gpo
Northwest Dentistry,info@dentistryhalifax.com,+1 902-453-1007,http://www.dentistryhalifax.com/,www.dentistryhalifax.com,"Suite 30B, 2625 Joseph Howe Dr. Suite 30, Halifax, NS B3L 4G4, Canada",Halifax,Nova Scotia,4.9,181,Dentist,https://www.google.com/maps/search/?api=1&query=Northwest%20Dentistry&query_place_id=ChIJL8dRSlMhWksRMem81NJPVJI
Hants County Dental Centre,info@hantscountydental.ca,+1 902-798-0303,http://www.hantscountydental.ca/?utm_source=&utm_medium=organic&utm_campaign=gmb-listing,www.hantscountydental.ca,"2043 Nova Scotia Trunk 1, Falmouth, NS B0N 2T0, Canada",Falmouth,Nova Scotia,4.3,12,Dental clinic,https://www.google.com/maps/search/?api=1&query=Hants%20County%20Dental%20Centre&query_place_id=ChIJ46_ph2KpWUsRHuVQcwjocSc
Windsor Dental Centre,,+1 902-798-8180,,,"234 Water St, Windsor, NS B0N 2T0, Canada",Windsor,Nova Scotia,3,10,Dentist,https://www.google.com/maps/search/?api=1&query=Windsor%20Dental%20Centre&query_place_id=ChIJNavmiaioWUsRKRP74Ub2bj4
TranscenDental Group at Waverley Road,info@transcendentalgroup.ca,+1 902-435-2209,https://www.transcendentalgroup.ca/locations/waverley?utm_source=google&utm_medium=organic&utm_campaign=gmb-listing,www.transcendentalgroup.ca,"245 Waverley Rd, Dartmouth, NS B2X 2C5, Canada",Dartmouth,Nova Scotia,4.5,30,Dental clinic,https://www.google.com/maps/search/?api=1&query=TranscenDental%20Group%20at%20Waverley%20Road&query_place_id=ChIJLdvHSqAmWksRNy5MNfD2lIY
Monarch Denture Clinic,monarchdentureclinic@gmail.com,+1 902-989-2831,https://www.monarchdentureclinic.com/,www.monarchdentureclinic.com,"780 Windmill Rd unit 103, Dartmouth, NS B3B 1T3, Canada",Dartmouth,Nova Scotia,5,18,Denture care center,https://www.google.com/maps/search/?api=1&query=Monarch%20Denture%20Clinic&query_place_id=ChIJX7Zenx0nWksRZO5tqnImQmY
"Dr. Peter Zwicker Dental Services Inc.,",zwickerdental@eastlink.ca,+1 902-464-4642,http://www.zwickerdental.ca/,www.zwickerdental.ca,"40 Alderney Dr Suite 107, Dartmouth, NS B2Y 2N5, Canada",Dartmouth,Nova Scotia,4,16,Dental clinic,https://www.google.com/maps/search/?api=1&query=Dr.%20Peter%20Zwicker%20Dental%20Services%20Inc.%2C&query_place_id=ChIJW3rCp-AjWksRlQKmNVVU8_s
Dalling Denture Clinic,,+1 902-463-3525,http://dallingdentureclinic.ypwebsites.ca/,dallingdentureclinic.ypwebsites.ca,"268 Wyse Rd, Dartmouth, NS B3A 1N3, Canada",Dartmouth,Nova Scotia,4.7,24,Dentist,https://www.google.com/maps/search/?api=1&query=Dalling%20Denture%20Clinic&query_place_id=ChIJt6UoT0QhWksR4MtMzQlDvfU
Dr. Brittany MacKenzie,,+1 902-463-0880,,,"21 Micmac Blvd, Dartmouth, NS B3A 4N3, Canada",Dartmouth,Nova Scotia,3.6,8,Dentist,https://www.google.com/maps/search/?api=1&query=Dr.%20Brittany%20MacKenzie&query_place_id=ChIJYwo4zKsmWksRqsDHudCYyF4
Lumix Orthodontics,contact@lumixortho.com,+1 902-237-4444,http://lumixortho.com/,lumixortho.com,"892 Portland St, Dartmouth, NS B2W 2N3, Canada",Dartmouth,Nova Scotia,5,78,Orthodontist,https://www.google.com/maps/search/?api=1&query=Lumix%20Orthodontics&query_place_id=ChIJQ9t5X38lWksR0aeJ54vXIXw
Dr. Louis Bourget,,+1 902-334-0700,http://www.aosfrc.com/,www.aosfrc.com,"18 Acadia St, Dartmouth, NS B2Y 4H3, Canada",Dartmouth,Nova Scotia,4.8,134,Oral surgeon,https://www.google.com/maps/search/?api=1&query=Dr.%20Louis%20Bourget&query_place_id=ChIJlTu4274jWksRdOsa8xkR8BE
Dr. Mark Sutherland Dentistry Inc. (DMS DENTISTRY),reception@dmsdentistry.com,+1 902-425-6263,https://dmsdentistry.com/,dmsdentistry.com,"1528 Robie St, Halifax, NS B3H 3E4, Canada",Halifax,Nova Scotia,5,160,Dental clinic,https://www.google.com/maps/search/?api=1&query=Dr.%20Mark%20Sutherland%20Dentistry%20Inc.%20(DMS%20DENTISTRY)&query_place_id=ChIJF6oxvC8iWksRyxyBjY1RiaI
Sublime Dentistry,info@sublimedentistry.ca,+1 902-701-8042,https://sublimedentistry.ca/,sublimedentistry.ca,"1959 Upper Water St #201, Halifax, NS B3J 3N2, Canada",Halifax,Nova Scotia,4.9,255,Dentist,https://www.google.com/maps/search/?api=1&query=Sublime%20Dentistry&query_place_id=ChIJmSxdBfsjWksRfvmMv5gh3IM
Purdy's Wharf Dental Group,,+1 902-423-9337,,,"1959 Upper Water St #201, Halifax, NS B3J 3N2, Canada",Halifax,Nova Scotia,4.7,48,Dental clinic,https://www.google.com/maps/search/?api=1&query=Purdy's%20Wharf%20Dental%20Group&query_place_id=ChIJt08O_9EjWksRBrXcyyD3ZZ4
Dr Michael Arsenault & Associates,frontstaff2@hotmail.com,+1 902-455-4857,http://www.doctormike.ca/contact_us.html,www.doctormike.ca,"3045 Robie St, Halifax, NS B3K 4P6, Canada",Halifax,Nova Scotia,5,162,Dentist,https://www.google.com/maps/search/?api=1&query=Dr%20Michael%20Arsenault%20%26%20Associates&query_place_id=ChIJE2Uz73AhWksRhasRq9eEhCo
Citadel Oral & Facial Surgery,,+1 902-442-9720,http://www.citadelsurgery.com/,www.citadelsurgery.com,"3480 Joseph Howe Dr., Halifax, NS B3L 4H7, Canada",Halifax,Nova Scotia,4.1,74,Oral surgeon,https://www.google.com/maps/search/?api=1&query=Citadel%20Oral%20%26%20Facial%20Surgery&query_place_id=ChIJrZKTw6chWksRJilynHZiV9c
Coburg Dentistry Inc.,reception@coburgdentistry.com,+1 902-429-5939,http://www.coburgdentistry.com/,www.coburgdentistry.com,"5991 Spring Garden Rd #216, Halifax, NS B3H 1Y6, Canada",Halifax,Nova Scotia,4.7,22,Dental clinic,https://www.google.com/maps/search/?api=1&query=Coburg%20Dentistry%20Inc.&query_place_id=ChIJCxlUxy8iWksRfT-1R8_Qf9c
ValleyFair Dental Clinic,info@valleyfairdental.com,+1 604-463-7411,https://valleyfairdental.com/,valleyfairdental.com,"22709 Lougheed Hwy. #180, Maple Ridge, BC V2X 2V5, Canada",Maple Ridge,Nova Scotia,4.9,779,Dental clinic,https://www.google.com/maps/search/?api=1&query=ValleyFair%20Dental%20Clinic&query_place_id=ChIJGwIVrUZ_C0ER9lM4P9qQsuM
Loblaws City Market Lonsdale,,+1 604-984-2226,https://www.loblaws.ca/store-locator/details/7534?utm_source=G&utm_medium=LPM&utm_campaign=Loblaws,www.loblaws.ca,"1650 Lonsdale Ave, North Vancouver, BC V7M 2J3, Canada",North Vancouver,Nova Scotia,4.1,1931,Medical clinic,https://www.google.com/maps/search/?api=1&query=Loblaws%20City%20Market%20Lonsdale&query_place_id=ChIJ8Xlf5jhwhlQRQNzleAmEzno
Lougheed Town Centre Optical & Optometry,,+1 604-420-2115,https://lougheedoptical.com/,lougheedoptical.com,"9855 Austin Rd #147, Burnaby, BC V3J 1N4, Canada",Burnaby,Nova Scotia,4.4,235,Optometrist,https://www.google.com/maps/search/?api=1&query=Lougheed%20Town%20Centre%20Optical%20%26%20Optometry&query_place_id=ChIJJ6GtMDp4hlQR71dZb1Ie85s
